title,link,salary,company,description
Бариста в ТРЦ Ривьера (м. Автозаводская),https://adsrv.hh.ru/click?b=1544697&place=35&meta=TQoDVKC1tIESJ4JTBWBHFytryxURWONYxIYhoFGxhYao6IzYx_Z7VRY-BzbUFIEo41oMCLqz__slU3ZxZVp4SjDxKEOH9Bx0wMWTcF1fz5vfxrLvHl8vC_4wvHLP41anq16ulqexnbDbCu1rehEVzVurNnu9NpjOqHA1LreoqU1me-UwnzGeMYj3l5FenMSiACIuiPVrmQvDBgGTLybjECToCD6uIrk1reN3sNgAe3_pQbTZOX5GqpLN-X77y4e9KlaClEQcc7TPJrBV0XdOnfJcCpMZwreTz83Mh5kt9tStHztyZ9xCAt3ldYe4HHT5ae0ls0FP2hc-1_vixU-U7cxLAqxTYCuBXC4Ne1oNKSFLPBjXcUYC9_xHRdnQhpBdS8SYZOfQGDrei5arspeR5lHf-2vZJIlWJVRamONmjwjMOz7qsM7ZSN6g_hxXvzpNtqNTHCYdxthJcNoB0rUYUpD2dChc-YqDY_Levqu3KzGEhWCfCqfeN790dizHXkp6LBIjdiDPmlf-NTwbNGIbIybxJbJOK3sfdot26CTWDt4%3D&clickType=link_to_vacancy,"от 56 550 до 75 000 ₽ за месяц,  на руки",Не указана,"Macaronika - первая российская фабрика и крупнейший производитель пирожных макарон с 2017 года. Ежедневно вдохновляем на творчество тысячи любителей макарон и ищем вдохновение сами. Мы собрали дружную, современную, творческую команду и сейчас находимся в поиске активных и классных Бариста в ТРЦ Ривьера (м. Автозаводская, ЗИЛ). Мы ждем в нашу команду тех, кто:  Уверен в себе и всегда на позитиве, дружелюбны, умеют находить с людьми общий язык, обладают прекрасным чувством юмора: Аккуратны, пунктуальны, трудолюбивы и всегда стремятся делать мир вокруг лучше; Если умеют варить вкусный кофе - отлично. А не умеют – мы с удовольствием научим.  Что нужно будет делать:  С удовольствием общаться с покупателями, раскрывать гастрономические особенности вкуса и текстуры пирожных макарон; Варить вкусный и качественный кофе, получать благодарность и улыбки любителей макарон; Работать на кассе; Поддерживать на постоянной основе красивую выкладку пирожных на витрине; Проводить инвентаризации, принимать товар и вести отчетность по смене; Постоянно поддерживать идеальную чистоту и порядок на рабочем месте.  Получите от нас:  Официальное трудоустройство по ТК РФ; Ставка до аттестации 270 руб/час. Ставка после первичной аттестации 290 руб/час на руки + достойная премия по выполнению плана по Т/О; Возможность ежемесячного премирования по результатам проверки торговых точек; Возможность повышать свою ставку через систему обучения и аттестаций; Стабильные выплаты и оплачиваемая стажировка с первого дня; Оплату обеденного перерыва; Доплату за стаж; Премию по акции ""Приведи друга""; Научим и обучим всему, что знаем сами; Прозрачную систему обучения и наставничества; Гибкий график работы 2/2 с 09:30 до 22.30; Скидки на продукцию компании; Стильную корпоративную форму; Участие во внешних корпоративных мероприятиях. Выстраиваем долгосрочное сотрудничество - не вариант для тех, кто ищет подработку на месяц.  За 5 лет наша компания выросла в 20 раз и сегодня, мы не просто лидеры индустрии по производству пирожных, а целое творческое объединение ярких и неординарных личностей, которые воплощают в жизнь самые смелые идеи! Раскройте свои таланты и реализуйте потенциал вместе с Macaronika!"
Бариста,https://hh.ru/vacancy/111440955?query=%D0%B1%D0%B0%D1%80%D0%B8%D1%81%D1%82%D0%B0&hhtmFrom=vacancy_search_list,"до 99 990 ₽ за месяц,  на руки",Не указана,"PIMS это компания №1 по производству напитков на основе китайских чаев с качественным сервисом. Мы всегда превышаем ожидания гостя, создаем для него благоприятную атмосферу и эмоции. PIMS хочет объединить свободных и современных людей, разделяющих общие ценности. Мы активно развиваемся и собираем команду, готовую развиваться и расти вместе с нами.Будем рады видеть тебя:Если ты открыт к новым идеям и новым возможностям.Если ты хочешь создавать с нами уникальный продукт.Даже если ты без опыта работы, но заряжен и готов пробовать, мы поможем стать профессионалом!Обязанности:Качественное и быстрое приготовление напитков;Поддерживать порядок и чистоту на рабочем месте;Предоставление фирменного сервиса нашим гостям;Общение с гостями, работа за кассой;Поддерживать дружелюбную атмосферу с гостями и внутри коллектива;Соблюдение стандартов обслуживания и сервиса;Требования:Ориентация на клиента, умение работать с людьми;Коммуникабельность, вежливость;Способность создавать вокруг себя гостеприимную атмосферу;Желание работать в активном режиме;Опрятный внешней вид;Готовность работать в команде.Условия:Оформление по ТК РФ;Стабильная заработная плата 2 раза в месяц;Гибкий график, плавающие выходные, смены по 8-10 часов;Стильная униформа за счет компании;Скидка 50% на продукцию;Возможность карьерного роста;Дружный коллектив;Возможность совмещать работу с учебойДополнительная мотивация и бонусы.Все локации находятся в центре Москвы, легко и удобно добираться.Мы ждет тебя в нашу дружную семью ПИМС!ИЩЕМ СОТРУДНИКОВ НА УТРЕННИЕ И ДНЕВНЫЕ СМЕНЫДоступные для работы локации:PIMS «Красная роза», м. Парк культурыPIMS «Сити», м. Деловой центрPIMS «Технопарк», м. ТехнопаркPIMS «ВДНХ», м. Ботанический сад"
Бариста,https://hh.ru/vacancy/112334568?query=%D0%B1%D0%B0%D1%80%D0%B8%D1%81%D1%82%D0%B0&hhtmFrom=vacancy_search_list,Какая оплата труда?,Не указана,"STARS COFFEE – это любовь к кофе Приглашаем заряженных на успех бариста присоединиться к крутой команде и стать кофейным профи! Тебе предстоит:- Готовить напитки и подавать наши супер-десерты;- Проводить оплату по кассовому аппарату;- Поддерживать дружелюбную атмосферу в кофейне и заряжать гостей на позитивное настроение; Кстати, нам не важен опыт работы, мы сами погрузим тебя в мир кофе) И еще немного важного:- У нас нет никаких штрафов;- Мы точно подберем тебе удобную локацию кофейни)- Мы гарантируем работу по удобному графику) И еще кое-что:- Мы официально трудоустраиваем в штат STARS;- У нас авторское обучение;- Для наших сотрудников действует лучшая система привилегий: 30% кэшбек на все продукты в кофейнях Приходи работать к нам и приводи друзей! За каждого приведенного друга ты получишь 15000 рублей!*Не упусти шанс стать частью нашей команды!STARS ждет тебя!Приветствуется опыт работы в КФС, Ростикс, Вкусно и точка, Додо Пицца, Папа Джонс, Кофикс (COFIX),Surf Coffee, кофейня One&Double, Coffee Point, даблби, Skuratov, Шоколадница, ВкусВилл кафе, Хлеб насущный, Surf Coffee, Пицца Фабрика, Сабвей (Subwаy) Coffee Like, Бургер Кинг (Вurgеr Кing), Крошка Картошка и другие.*подробности акции уточняйте у нанимающего менеджера или сотрудников кофеен"
Бармен-бариста,https://hh.ru/vacancy/118596093?query=%D0%B1%D0%B0%D1%80%D0%B8%D1%81%D1%82%D0%B0&hhtmFrom=vacancy_search_list,"от 80 000 ₽ за месяц,  на руки",Не указана,"Joki Joya — это парки развлечений для всей семьи. Сегодня бренд Joki Joya является лидером индустрии детских развлечений в России и состоит из 33 парков в 3 городах: 22 в Москве и МО, 10 в Санкт-Петербурге и 1 в Твери.В ресторан JOKI JOYA в ТРК ""РИГАМОЛЛ"" (Новорижское шоссе, 23-й километр, вл2с1, 3 этаж) мы ищем в команду коллегу, который будет готовить напитки для наших гостей. * Присутствует бесплатный транспорт от МЦД Павшино, метро Строгино и метро Щукинская.* Также можно будет доехать до Аутлет-Архангельское на бесплатном шаттле от метро Крылатское. От Аутлета до РИГАМОЛЛ идти менее 10 минут. Мы предлагаем:  заработную плату: ставка за смену 3800 руб. + 200 руб. (компенсация проезда) + % с банкетов + чай; работа в сменном графике: 2/2, 4/3, 5/2, время работы с 9:00 до 22:00; стабильные выплаты 2 раза в месяц; бесплатное стафф питание (завтрак, обед и ужин); стильную форму; перспективы карьерного роста до руководящих позиций; весёлые корпоративные мероприятия для сотрудников.  Чем предстоит заниматься:  работать с кассой (у нас удобная и простая система IIKO); приготовлением и отдачей чая, кофе, молочных коктейлей, соков, слабоалкогольных напитков; подготовкой бара ресторана к открытию и закрытию; поддержанием порядка и чистоты на рабочем месте.  От вас мы ждём:  умение работать в команде; доброжелательность к гостям и коллегам.  Можешь написать или позвонить по номеру указанному в вакансии."
Бариста,https://hh.ru/vacancy/116935696?query=%D0%B1%D0%B0%D1%80%D0%B8%D1%81%D1%82%D0%B0&hhtmFrom=vacancy_search_list,"от 80 000 до 120 000 ₽ за месяц,  на руки",Не указана,"Качественное и быстрое приготовление напитков; Поддерживать порядок и чистоту на рабочем месте; Предоставление фирменного сервиса нашим гостям; Общение с гостями, работа за кассой; Поддерживать дружелюбную атмосферу с гостями и внутри коллектива; Соблюдение стандартов обслуживания и сервиса; Требования: Ориентация на клиента, умение работать с людьми; Коммуникабельность, вежливость; Способность создавать вокруг себя гостеприимную атмосферу; Желание работать в активном режиме; Опрятный внешней вид; Готовность работать в команде; Условия: Оформление по ТК РФ; Стабильная заработная плата 2 раза в месяц; Гибкий график, плавающие выходные. Стильная униформа за счет компании; Скидка 50% на продукцию; Возможность карьерного роста; Возможность совмещать работу с учебой Дополнительная мотивация и бонусы. Мы ждет тебя в нашу дружную семью ПИМС! Ключевые навыки Грамотная речь Работа в команде Креативность Грамотность Дружелюбность Чистоплотность Позитивный настрой Умение работать в команде Навыки продаж Способность быстро обучаться Навыки улаживания конфликтов"
Бариста (м. Полежаевская),https://hh.ru/vacancy/78391476?query=%D0%B1%D0%B0%D1%80%D0%B8%D1%81%D1%82%D0%B0&hhtmFrom=vacancy_search_list,"от 80 000 до 90 000 ₽ за месяц,  на руки",Не указана,"ВкусВилл - бренд натуральных продуктов для здорового питания с чистым и честным составом. Забота о себе и о будущем в нашем ДНК. Мы делаем полезное вкусным, а еще создаем атмосферу взаимовыручки и человечности, и вы можете помочь нам в этом.   Мы развиваемся и растём, поэтому ищем себе в команду бариста.   Что предлагаем:  Официальное оформление и стабильную ""белую"" заработную плату. Возможность работать в комфортной обстановке без штрафов. Средний доход от 80 000 рублей после вычета налога. Сезонные доплаты. Премии за трудоустройство друзей в компанию до 30.000 рублей. Кэшбэк 15% бонусами на покупки во ВкусВилл. Компенсацию питания, мед. книжки, фирменной одежды и обучение. Программа «Здоровый сотрудник»: частичная компенсация медицинских услуг, лекарств и занятия спортом. Доплаты за выход на работу в праздничные дни.  Что нужно будет делать:  Приготовление и подача кофе, чая, соков по рецептуре кафе. Консультирование покупателей, работа на кассе. Работа с ассортиментом, проведение инвентаризации. Контроль сроков годности товара и актуальности ценников. Выкладка товара и поддержание наполненности витрины. Работа с техникой (автоматическая кофемашина, блендер, соковыжималка, гриль, ледогенератор). Поддержание чистоты и порядка в зоне кафе и зоне посадки гостей. Знание ассортимента и состава товаров. Предложение новинок и сопутствующего товара на основе предпочтений покупателя.    Мы хотим, чтобы полезные продукты были доступны всем. Становитесь частью команды ВкусВилла и помогайте строить уникальную, полезную и масштабную историю!"
Продавец-бариста (м. Юго-Западная),https://hh.ru/vacancy/75624924?query=%D0%B1%D0%B0%D1%80%D0%B8%D1%81%D1%82%D0%B0&hhtmFrom=vacancy_search_list,"от 70 000 до 90 000 ₽ за месяц,  на руки",Не указана,"С ВкусВилл начинается путь к отличному здоровью! В наших магазинах вы не найдете ни алкоголя, ни сигарет - это залог создания уютной и приятной атмосферы для искушенных гурманов с изысканным вкусом, приверженцев здорового образа жизни. Мы всегда в поиске хороших людей, которым нужна хорошая работа. У нас нет штрафов. Есть компенсация медицинских книжек и частичная компенсация фитнеса. Обязанности:  Приготовление и подача качественного кофе, чая, соков по рецептуре кафе; Консультирование покупателей, работа на кассе; Работа с ассортиментом, проведение инвентаризации. Контроль сроков годности товара, контроль актуальности ценников; Выкладка товара и поддержание наполненности витрины; Работа с техникой (автоматическая кофемашина, блендер, соковыжималка, гриль, ледогенератор); Поддержание чистоты и порядка в зоне кафе и зоне посадки гостей; Знание ассортимента и состава товаров. Предложение новинок и сопутствующего товара на основе предпочтений покупателя; Создание позитивной атмосферы для покупателей кафе.    Требования:  Интерес к кофейной культуре; Отличные коммуникативные навыки и умение общаться с клиентами; Хороший вкус и чувство стиля в оформлении напитков и витрин кафе. Готовность обучаться и развиваться.  Условия:  Официальное оформление и стабильная ""белая"" заработная плата(также есть возможность оформления по ГПХ с еженедельными выплатами заработной платы) Отсутствие штрафов Средний доход от 70 000 рублей после вычета налога; Надбавки для сотрудников за стаж Мы компенсируем питание, мед. книжку, фирменную одежду и обучение. Премии за трудоустройство друзей в компанию, а также доплаты за выход на работу в праздничные дни; Мы предлагаем работу по графикам 3/3, 4/2 и др. с гибкими рабочими часами с 8:00/9:00 до 20:00/21:00; Кешбэк 15% бонусами на покупки во ВкусВилл Программа «Здоровый сотрудник»: частичная компенсация медицинских услуг и абонемента в фитнес-клуб.  Присоединяйтесь к нам и станьте частью команды, которая делает жизнь наших клиентов более комфортной и вкусной!"
"Бариста (м. Коломенская, Андропова21)",https://hh.ru/vacancy/118541833?query=%D0%B1%D0%B0%D1%80%D0%B8%D1%81%D1%82%D0%B0&hhtmFrom=vacancy_search_list,"от 60 000 ₽ за месяц,  на руки",Не указана,"ВкусВилл - бренд натуральных продуктов для здорового питания с чистым и честным составом. Забота о себе и о будущем в нашем ДНК. Мы делаем полезное вкусным, а еще создаем атмосферу взаимовыручки и человечности и вы можете помочь нам в этом. Мы развиваемся и растём, поэтому ищем себе в команду бариста. Что предлагаем:   Официальное оформление и стабильную ""белую"" заработную плату.   Возможность работать в комфортной обстановке без штрафов.   Средний доход от 60 000 рублей после вычета налога. Сезонные доплаты.   Гибкий график на выбор: 2/2, 3/3, 4/2.   Премии за трудоустройство друзей в компанию до 15.000 рублей.   Кэшбэк 15% бонусами на покупки во ВкусВилл.   Компенсацию питания, мед. книжки, фирменной одежды и обучение.   Программа «Здоровый сотрудник»: частичная компенсация медицинских услуг, лекарств и занятия спортом.   Доплаты за выход на работу в праздничные дни.   Что нужно будет делать:   Приготовление и подача кофе, чая, соков по рецептуре кафе.   Консультирование покупателей, работа на кассе.   Работа с ассортиментом, проведение инвентаризации. Контроль сроков годности товара и актуальности ценников.   Выкладка товара и поддержание наполненности витрины.   Работа с техникой (автоматическая кофемашина, блендер, соковыжималка, гриль, ледогенератор).   Поддержание чистоты и порядка в зоне кафе и зоне посадки гостей.   Знание ассортимента и состава товаров. Предложение новинок и сопутствующего товара на основе предпочтений покупателя.     Мы хотим, чтобы полезные продукты были доступны всем. Становитесь частью команды ВкусВилла и помогайте строить уникальную, полезную и масштабную историю! Требования:  Ориентированность на клиента и умение работать с людьми; Соблюдение стандартов сервиса; Готовность к обучению; Ответственный подход к работе и выполнение поставленных задач в срок."
"Бариста (м. Озёрная, Б. Очаковская, 32)",https://hh.ru/vacancy/118540689?query=%D0%B1%D0%B0%D1%80%D0%B8%D1%81%D1%82%D0%B0&hhtmFrom=vacancy_search_list,"от 74 460 до 110 000 ₽ за месяц,  на руки",Не указана,"ВкусВилл - бренд натуральных продуктов для здорового питания с чистым и честным составом. Забота о себе и о будущем в нашем ДНК. Мы делаем полезное вкусным, а еще создаем атмосферу взаимовыручки и человечности и вы можете помочь нам в этом. Мы развиваемся и растём, поэтому ищем себе в команду бариста. Что предлагаем:   Официальное оформление и стабильную ""белую"" заработную плату.   Возможность работать в комфортной обстановке без штрафов.   Средний доход от 75 000 рублей после вычета налога. Сезонные доплаты.   Гибкий график на выбор: 2/2, 3/3, 4/2.   Премии за трудоустройство друзей в компанию до 15.000 рублей.   Кэшбэк 15% бонусами на покупки во ВкусВилл.   Компенсацию питания, мед. книжки, фирменной одежды и обучение.   Программа «Здоровый сотрудник»: частичная компенсация медицинских услуг, лекарств и занятия спортом.   Доплаты за выход на работу в праздничные дни.   Что нужно будет делать:   Приготовление и подача кофе, чая, соков по рецептуре кафе.   Консультирование покупателей, работа на кассе.   Работа с ассортиментом, проведение инвентаризации. Контроль сроков годности товара и актуальности ценников.   Выкладка товара и поддержание наполненности витрины.   Работа с техникой (автоматическая кофемашина, блендер, соковыжималка, гриль, ледогенератор).   Поддержание чистоты и порядка в зоне кафе и зоне посадки гостей.   Знание ассортимента и состава товаров. Предложение новинок и сопутствующего товара на основе предпочтений покупателя.     Мы хотим, чтобы полезные продукты были доступны всем. Становитесь частью команды ВкусВилла и помогайте строить уникальную, полезную и масштабную историю! Требования:  Ориентированность на клиента и умение работать с людьми; Соблюдение стандартов сервиса; Готовность к обучению; Ответственный подход к работе и выполнение поставленных задач в срок."
Бариста-кассир,https://hh.ru/vacancy/115063904?query=%D0%B1%D0%B0%D1%80%D0%B8%D1%81%D1%82%D0%B0&hhtmFrom=vacancy_search_list,Не указана,Не указана,
Бариста,https://hh.ru/vacancy/118498481?query=%D0%B1%D0%B0%D1%80%D0%B8%D1%81%D1%82%D0%B0&hhtmFrom=vacancy_search_list,"от 90 000 до 120 000 ₽ за месяц,  на руки",Не указана,"Обязанности:Приготовление напитков/кофе, в соответствии с требованиями. Творчество всегда приветствуется, но обязательно согласовывается.Требования:Опыт работы желателен, но мы готовы научить.Хорошее настроениеУсловия:График 2/2Официальное оформление обязательно"
Бариста в кофейню,https://hh.ru/vacancy/118464920?query=%D0%B1%D0%B0%D1%80%D0%B8%D1%81%D1%82%D0%B0&hhtmFrom=vacancy_search_list,"от 100 000 до 140 000 ₽ за месяц,  на руки",Не указана,"Наш быстроразвивающийся и амбициозный холдинг ищет в наши проекты: рестораны, бары, кофейни Бариста, который был(а) бы рад(а) работать в приятном молодом коллективе. Приглашаем на работу активных, позитивных людей, желающих расти и развиваться вместе с нами! Рассмотрим кандидатов с опытом работы, так и без опыта! Обязанности: Готовить кофе, чай и сезонные напитки Обслуживание и консультирование гостей по меню заведения Готовить кофейню к открытию/закрытию смены Работать с кассой, рассчитывать гостей Работать с товарами кофейни Поддержание чистоты и порядка на рабочем месте   Требования: Готовность к обучению и изучению новой информации Любите кофе и общение с людьми, вежливость Пунктуальность, навыки продаж Трудолюбие, пунктуальность Позитивность, аккуратность   Условия: Оформление по ТК РФ. Оплата - фикс. от 350₽ час + KPI + чаевые. Оплачиваемая стажировка. Содействуем в поиске обучающих программ. Доплата за стаж и за выход в праздничные дни. Бесплатное вкусное питание Предоставляется форменная одежда Компенсация расходов на медкнижку."
Бариста в премиум кафе,https://hh.ru/vacancy/115706344?query=%D0%B1%D0%B0%D1%80%D0%B8%D1%81%D1%82%D0%B0&hhtmFrom=vacancy_search_list,"от 80 000 до 130 000 ₽ за месяц,  на руки",Не указана,"Сеть премиальных кафе правильного питания""Norme Cafe"" ищет в свою команду Бариста-официант в кафе   Вакансии открыты в кафе на станциях метро  м.Новаторская, м.Академическая м.Кунцевская, м.Краснопресненская; Улица 1905 года м. Маяковская м. Сокол Что бы подобрать удобное место работы созвонитесь с нами по телефону. ⏰График работы:2/2, 3/2, 5/2, другие варианты графика обсуждаются     Присоединяйтесь к нашей дружной команде ""Norme cafe""! Ваши задачи: ◾ Подготовкой зала к работе.◾ Принятием заказов, расчет гостей — R-kеереr◾Приготовление( чай, кофе, протеиновых шейков и смузи).Помощь гостям в зале ◾Обслуживать гостей согласно стандартам сервиса; ◾Создавать атмосферу гостеприимства Мы предлагаем тебе: ◾ Оформление по ТК РФ и оплачиваемая стажировка.◾Часовая ставка: на период стажировки 300 и после аттестации 350 руб./час + Бонус за выполнение плана + чаевые (.Выплаты 2 раза в месяц без задержек.◾Возможность выбрать максимально удобный график работы: 2/2,3/2, 5/2◾Работа на самом современном барном оборудовании.◾Удобная и стильная форма за счет компании.◾100% компенсация медкнижки.◾Возможность карьерного развития.◾Скидка сотрудника.◾Возможность подобрать работу рядом с домом.◾Оплачиваемый отпуск◾Бесплатное питание. Ищем кандидата:  С опытом работы в гостеприимстве или желанием обучаться и расти в этой сфере С приветливым отношением к гостям и командной работой Готового к новым вызовам и стремящегося к развитию  Оставляйте отклик и станьте частью ""Norme cafe"""
"Бариста в сеть ""Правда кофе"" (м. Москва Сити,м.Румянцево,м.Давыдково)",https://hh.ru/vacancy/117898489?query=%D0%B1%D0%B0%D1%80%D0%B8%D1%81%D1%82%D0%B0&hhtmFrom=vacancy_search_list,"от 70 000 до 100 000 ₽ за месяц,  на руки",Не указана,"В связи с расширением крупнейшая в России сеть кофеен ""Правда кофе"" ищем талантливого бариста, который хотел бы стать частью нашей дружной команды! Как с опытом, так и без.  Если ты никогда не работал бариста -ничего страшного.  В нашей сети есть бесплатное обучение , после которого даже кандидат без опыта станет хорошим кофейным специалистом.  Ну а если у тебя есть опыт работы, то добро пожаловать в команду единомышленников!  Итак чем предстоит заниматься:  Приготовление эспрессо и напитков на его основе; Настройка помола; Общение с гостями; Поддержание чистоты на рабочем месте; Приемка и продажа продукции; Открытие и закрытие смены;  Мы отлично поладим, если:  Страстно любишь кофе и готов подарить каждому гостю улыбку и ароматный напиток; Ответственен и пунктуален, чистоплотен; Работаешь на результат; Опытный бариста, либо только собираешься окунуться в мир кофе.  Мы предлагаем отличные условия:  стабильную зарплату без задержек 2 раза в месяц; оплачиваемую стажировку и обучение по нашим стандартам у лучших мастеров своего дела; график работы 5/2, либо 2/2; 4/3; возможность выбора локации ближе к дому; возможность карьерного роста. От бариста до шеф-бариста всего за 6 месяцев; возможность совмещения с учебой; стильную рабочую форму; работу в молодом, дружном коллективе; подарки на праздники; море кофе!    Станции метро куда требуются бариста: м. Москва Сити, м.Давыдково, м.Румянцево Смело оставляй отклик и до встречи в кофейне!"
"Начинающий бариста ""Правда кофе""",https://hh.ru/vacancy/117729653?query=%D0%B1%D0%B0%D1%80%D0%B8%D1%81%D1%82%D0%B0&hhtmFrom=vacancy_search_list,"от 60 000 до 80 000 ₽ за месяц,  на руки",Не указана,"Привет!     Ищем бариста в сеть кофеен «Правда Кофе»! Опыт не нужен — научим всему сами.     Если любишь кофе и хочешь стать мастером, пиши!   Немного о нас: «Правда Кофе» — крутая сеть кофеен в Москве и Питере. Нам уже больше 13 лет. У нас работают чемпионы России и мира, которые готовы делиться своим опытом.   Что предлагаем:  Берём без опыта: научим всему с нуля. Бесплатное обучение у топовых профессионалов. Удобное расположение кофеен: рядом с домом или учебой. Карьерный рост: можно дорасти до наставника или открыть свою кофейню. Бонусы: участие в чемпионатах, призы и бонусы за привлечение друзей.  Условия:  Фиксированная ставка. График на выбор: 5/2, 2/2 Оплата медкнижки и бесплатная униформа. Локации рядом с метро.  Вакансии в Москве:Открыты в Москве и МО, оставляй отклик и выбирай удобную локацию или график! Приветствуется но не обязателен опыт работы в КFС (КФС, Ростикс), Вкусно и точка (Макдональдс, МсDоnаlds), Додо Пицца, Папа Джонс, Кофикс (COFIX), Шоколадница, ВкусВилл кафе, Хлеб насущный, Surf Coffee, Пицца Фабрика, Сабвей (Subwаy) Coffee Like, Бургер Кинг (Вurgеr Кing), Крошка Картошка, Доминос Пицца (Dоminо's Рizzа) и другие."
Бариста Coffee Way,https://hh.ru/vacancy/118144411?query=%D0%B1%D0%B0%D1%80%D0%B8%D1%81%D1%82%D0%B0&hhtmFrom=vacancy_search_list,"от 70 000 до 100 000 ₽ за месяц,  на руки",Не указана,"- м.Ботанический сад / Свиблово- м.Алексеевская / Рижская - м. Яхромская В каких условиях я буду работать:  Ставка + % от продаж. Выход за смену 4000 - 5000 рубСтабильные выплаты два раза в месяц. График работы: 2*2, 3*2, 5*2 Стильная униформа Корпоративное обучение в собственном тренинг-центре  Готовы принять в свою команду кандидата, который:  имеет навыки обслуживания желает работать и развиваться в сфере обслуживания и продаж общителен, коммуникабелен, доброжелателен, ответственен, аккуратен, обучаем желает и умеет работать в команде    Работа в Coffee Way отличается от любой другой работы: здесь царит особая атмосфера в стиле Coffee Way, у нас вырастают настоящие профессионалы своего дела. Мы ведем бизнес открыто, с достоинством и уважением к другим, показывая лучшие результаты."
Бариста,https://hh.ru/vacancy/117695256?query=%D0%B1%D0%B0%D1%80%D0%B8%D1%81%D1%82%D0%B0&hhtmFrom=vacancy_search_list,"от 75 000 ₽ за месяц,  на руки",Не указана,"Сеть кофеен Milk&Beans основана в 2016 году командой вдохновленных людей. Мы развиваем собственную сеть, базируясь на высоких стандартах качества кофе. Каждый день мы приветствуем гостей, работая на отборном зерне от лучших поставщиков. Приглашаем на Постоянную работу бариста.    Условия: Время работы заведений с 8:00-22:00. Официальное трудоустройство, выплата з.п. 2 раза в месяц. Часовая ставка + премии. Зарплата 310-370 р/ч. Стажировка и обучение оплачиваемые: 220 р/час + премии от продаж Готовность брать полные смены минимум 2 раза в неделю! График работы обсуждается. Бесплатное питание и напитки в смену. Возможность покупать товары по себестоимости. Возможность карьерного роста. Требования: - Опыт работы бариста от 3-ех месяцев желателен или настрой быстро учиться. - Желание и умение общаться с гостями и коллегами; - Соблюдение чистоты и порядка на рабочем месте и в заведении; - Навыки продаж (!); - Интерес к кофейному делу; - Пунктуальность; - Соблюдение всех внутренних стандартов, правил и инструкций Компании; - Готовность (в случае необходимости) выходить на смены на любую точку. Опыт в приготовлении кофейной «альтернативы» (кемексы, воронки и прочее) приветствуется В сети 8 точек, сейчас идет набор на три точки 1. Ул Борисовские пруды 23, к2 м Борисово 2. ЖК Хэдлайнер, Шмитовский проезд, д.39, м Шелепиха 3. Мичуринский проспект, Олимпийская деревня д1,к4 м Мичуринский проспект, м Озерная"
Бариста Surf Coffee x Boom (м. Кузнецкий мост),https://hh.ru/vacancy/118085205?query=%D0%B1%D0%B0%D1%80%D0%B8%D1%81%D1%82%D0%B0&hhtmFrom=vacancy_search_list,"от 60 000 ₽ за месяц,  на руки",Не указана,"Surf Coffee® – это не просто кофейни. Это место встречи и знакомств, объединяющее единомышленников. И сейчас мы в поисках новых людей в нашу команду! У нас более 250 предприятий по всей стране и за ее пределами, есть свой музыкальный лейбл Propaganda Machine™, бренд уходовой косметики Mantra, а еще мы продаем винил, одежду, фотопленку и здоровые продукты собственного производства. Команда обжарщиков Наши партнеры Blue Hawaii Roast тесно взаимодействует с фермерами и станциями обработки кофе, благодаря чему наши гости пьют самые вкусные и качественные напитки. Surf Coffee® – постоянный партнер больших фестивалей (New Star Camp, Faces & Laces, PIR и др), а наши бариста – призеры и участники крупнейших кофейных чемпионатов. Мы предлагаем тебе стать частью нашей дружной команды и начать свой путь в компании с позиции бариста! Здесь ты сможешь:   Обучаться у профессионалов кофейной индустрии и обладателей сертификатов SCA в нашем Тренинг-центре;     Участвовать в творческих, профессиональных и внутренних конкурсах с призами;     Менять города и споты, в которых будешь работать;     Развиваться в любом направлении деятельности Surf Coffee®;     Или даже осуществить свою мечту: стать нашим партнером и вместе открыть новую кофейню.   Наша базовая ценность – это человек. Наш сотрудник или гость – это не имеет значения. Главное для нас – равенство всех членов команды и сплоченность ради общей цели. Условия:   Оплачиваемая стажировка   100% оплачиваемая медицинская книжка     Уникальная скидка на продукцию Surf Coffee® и группы компаний     Рост вознаграждения при активном участии в жизни кофейни (ставка 300 + % от продаж + премии)     Возможность каждую рабочую смену попробовать напитки из меню + оплачиваемое питание     Возможность выстроить свой график по системе пожеланий     Работа на самом современном барном оборудовании     Участие в дегустациях новых продуктов и в принятии решений об их вводе в меню     Стильная коллекция одежды от бренда одежды Propaganda Machine™, в которой можно не только работать, но и наслаждаться ею в повседневной жизни   Твои будущие задачи:   Общаться в формате дружеской беседы с гостями     Выполнять функции профессионального бариста Surf Coffee®     Проводить операции на кассе     Трудиться по выстроенному рабочему графику с наличием чек-листа для комфортного выполнения задач     Участвовать в собраниях, где каждый может проявить инициативу и реализовать свои идеи   We Are Greater Than I"
Бариста в премиум кафе,https://hh.ru/vacancy/118026964?query=%D0%B1%D0%B0%D1%80%D0%B8%D1%81%D1%82%D0%B0&hhtmFrom=vacancy_search_list,"от 80 000 до 130 000 ₽ за месяц,  на руки",Не указана,"Сеть премиальных кафе правильного питания""Norme Cafe"" ищет в свою команду Бариста-официант в кафе   метро проспект Вернадского метро улица 1905 года  метро Новаторская метро Спортивная метро Сокольники Метро Академическая, метро Сокольники и т.д Что бы подобрать удобное место работы созвонитесь с нами по телефону. ⏰График работы:2/2, 3/2, 5/2, другие варианты графика обсуждаются     Присоединяйтесь к нашей дружной команде ""Norme cafe""! Ваши задачи: ◾ Подготовкой зала к работе.◾ Принятием заказов, расчет гостей — R-kеереr◾Приготовление( чай, кофе, протеиновых шейков и смузи).Помощь гостям в зале ◾Обслуживать гостей согласно стандартам сервиса; ◾Создавать атмосферу гостеприимства Мы предлагаем тебе: ◾ Оформление по ТК РФ и оплачиваемая стажировка.◾Часовая ставка: на старте 300 после стажировки 350 руб./час + Бонус за выполнение плана + чаевые (.Выплаты 2 раза в месяц без задержек.◾Возможность выбрать максимально удобный график работы: 2/2,3/2, 5/2◾Работа на самом современном барном оборудовании.◾Удобная и стильная форма за счет компании.◾100% компенсация медкнижки.◾Возможность карьерного развития.◾Скидка сотрудника.◾Возможность подобрать работу рядом с домом.◾Оплачиваемый отпуск◾Бесплатное питание. Ищем кандидата:  С опытом работы в гостеприимстве или желанием обучаться и расти в этой сфере С приветливым отношением к гостям и командной работой Готового к новым вызовам и стремящегося к развитию  Оставляйте отклик и станьте частью ""Norme cafe"""
Бариста,https://hh.ru/vacancy/117845852?query=%D0%B1%D0%B0%D1%80%D0%B8%D1%81%D1%82%D0%B0&hhtmFrom=vacancy_search_list,"от 70 000 ₽ за месяц,  на руки",Не указана,"Привет! На связи сеть уютных кофеен ""Уголок""! У нас уже 5 кофеен и мы не собираемся останавливаться, ведь наша главная миссия - заботиться о людях (и, конечно, варить самый вкусный кофе)! Впереди бодрая весна, поэтому мы в поисках классных бариста! Мы предлагаем: - ЕЖЕНЕДЕЛЬНЫЕ выплаты: 240-370 руб/ч + надбавки и премии! - Скидки на продукцию 25%, а также еда и напитки на смене бесплатно - Удобный гибкий график, позволяющий тебе совмещать с учебой - Профессиональное обучение бариста с получением диплома - Сопровождение наставника на этапе адаптации, который поможет влиться в работу, поможет советом, поддержит :) - Гарантированные бонусы, если привлекаешь в команду новых людей - У нас действительно можно вырасти! Все действующие управляющие кофеен развились с должности бариста и продолжают свой рост и обучение за счет компании -Официальное трудоустройство по ТК, с отражением полной белой зарплаты, оплатой больничных и отпусков и всеми страховыми отчислениями, накоплением стажа - Бонусы в день рождения Чем предстоит заниматься:- Быстро и вкусно готовить разные напитки- Общаться с клиентами и работать с кассой- Следить за чистотой Круто, если:- Ты работал с рожковой кофемашиной (а если нет - научим)- Ты ответственный и пунктуальный- Тебе по кайфу готовить кофе и общаться с людьми Вакансии открыты тут:М. Ховрино, м. Войковская, м. Аэропорт, м. Римская Ждем тебя!"
Бариста Pims,https://hh.ru/vacancy/118569114?query=%D0%B1%D0%B0%D1%80%D0%B8%D1%81%D1%82%D0%B0&hhtmFrom=vacancy_search_list,"от 70 000 до 90 000 ₽ за месяц,  до вычета налогов",Не указана,"Обязанности:  Качественное и быстрое приготовление напитков; Поддержание порядка и чистоты на рабочем месте; Предоставление фирменного сервиса нашим гостям; Общение с гостями, работа за кассой; Поддерживание дружелюбной атмосферы с гостями и внутри коллектива; Соблюдение стандартов обслуживания и сервиса.  Требования:  Ориентация на клиента, умение работать с людьми; Коммуникабельность, вежливость; Способность создавать вокруг себя гостеприимную атмосферу; Желание работать в активном режиме; Опрятный внешней вид; Готовность работать в команде.  Условия:  Стабильная заработная плата 2 раза в месяц; Гибкий график (2/2, 3/3, 4/2, 6/1), плавающие выходные, смены по 6-12 часов; можно 5/2  Стильная униформа за счет компании; Возможность карьерного роста и подработок; Дружный коллектив; Оплачиваемая стажировка; Возможность совмещать работу с учебой; Дополнительная мотивация и бонусы.  Где предстоит работать Локация находится в минуте ходьбы от метро Смоленская, центр, Садовое кольцо."
Бариста,https://hh.ru/vacancy/118362976?query=%D0%B1%D0%B0%D1%80%D0%B8%D1%81%D1%82%D0%B0&hhtmFrom=vacancy_search_list,"от 70 000 до 80 000 ₽ за месяц,  на руки",Не указана,"О нас: Met Tea – это стремительно развивающаяся международная сеть Bubble баров. Наши напитки отличаются своим высоким качеством и уникальным вкусом. Благодаря этому наша компания является одним из лидеров на рынке Bubble tea. Условия: • Стабильная зарплата от 70 000 (и это не предел),ставка 250/300 стажер/бариста премия (после стажировки и сдачи экзамена)• Оплачиваемая стажировка, наши специалисты научат вас правильному приготовлению напитков и погрузят в суть работы. • График работы: Никольская - либо с открытия, либо до закрытия 2/2 5/2Белорусская- 2/2 5/2 с 09:00 до 22:00Возможно смену разбить на пополам.Арбат: выход либо с открытия, либо до закрытия 2/2 5/2 Войковская: 2/2, 5/2 Мякинино: 5/2, 2/2 • Обучение и развитие в чайной сфере; • 50 % скидка на продукцию; •Тапиока приходит из самого Китая, лучшие китайские чаи и всегда свежие фрукты; • Проведение тренингов по приготовлению чаев, с китайскими мастерами чайного дела. Обязанности: • Приготовление напитков согласно технологическим картам; • Заготовки: фрукты, чаи, тапиока; • Поддержание чистоты на рабочем месте; • Работа с кассой; • Общение с гостями за баром; •Закрытие и открытие смены,отчетность Требования: •Опыт работы бариста от 1 мес, но возможно без опыта, главное мотивация • Желание работать и развиваться в профессии бариста; • Ответственность и пунктуальность; • Любовь к чаю и чайной культуре; • Знать и понимать основные процессы работы с чаем;   Адреса наших чайных: Москва: 1. Никольская ул., 10/2с2Б, этаж 1; 2. м Белорусская, ул. Тверская застава, д.4 Афи Галерея3. Новый Арбат, 13 4. Метрополис, м Войковская5. Авиапарк6. Вегас (Мякинино)"
Бариста,https://hh.ru/vacancy/117686823?query=%D0%B1%D0%B0%D1%80%D0%B8%D1%81%D1%82%D0%B0&hhtmFrom=vacancy_search_list,"от 90 000 до 120 000 ₽ за месяц,  до вычета налогов",Не указана,"Если вы хотите у нас работать, начните свой отклик с сопроводительного письма!Пустые авто-отклики, мы не рассматриваем.Считаем, что тот, кто не умеет читать вакансию, не обладает достаточными компетенциями и внимательностью для работы с нами!    Полная занятость, полный день Ищем бариста на работу в кофейню Ты целеустремленный, не боишься работы и хочешь двигаться вперед.Ты вежливый, аккуратный, тебе не страшно взять в руки тряпку, чтобы убрать грязь.Ты умеешь общаться с людьми и искренне улыбаться. У тебя грамотная речь.У тебя хорошее настроение преобладает над плохим. Ты пунктуальный, честный и внимательный. Возможно, мы ищем именно тебя. Обязанности: • Приготовление всех напитков кофейни по меню • Настройка эспрессо • Работа с кассой • Уборка рабочего места • Выкладка продукции • Открытие и закрытие смены • Инвентаризация • Приемка продукта • Заказ недостающих позиций • Закрытие кофейни    Требования: • Любовь к кофе обязательна (если ты не пьешь черный кофе и у тебя на него аллергия, то это не позволит тебе настроить эспрессо. Следовательно, ты не сможешь у нас работать, к сожалению! • В кофейню Coffee Berry требуется бариста с опытом работы в сегменте speciality. (мы можем рассмотреть кандидата без опыта, но с желанием быстро учиться и развиваться в этой сфере) • Ищем человека на постоянную работу, если вы хотите занять свои пол дня, то, к сожалению, мы не сможем вам ничего предложить. • Нам нужен человек, который будет прислушиваться и выполнять то, что мы говорим. Который любит чистоту так же, как любим ее мы. Который не ругается матом. С умеренным чувством юмора и главное, вежливый, с любовью к кофе.   • Условия: • Посменный график 2/2, 3/3, 5/2  • смена 12 часов или 8 часов (все смены без исключения начинаются с утра)  Мы вкусно кормим своих сотрудников.Обращайтесь по объявлению с 9 до 20   Наша компания специализируется так же на обжарке кофе. Мы на рынке с 2016 года."
"Бариста-бармен в ресторан ""Вадваре""",https://hh.ru/vacancy/118038173?query=%D0%B1%D0%B0%D1%80%D0%B8%D1%81%D1%82%D0%B0&hhtmFrom=vacancy_search_list,"от 80 000 до 100 000 ₽ за месяц,  до вычета налогов",Не указана,"Ресторан «Вадваре» (рекомендован гидом GreatList) приглашает на работу профессионального бариста-бармена.   Ценим качество, внимание к деталям и высокий уровень сервиса. Если вы разделяете наши ценности, мы будем рады видеть вас в нашей команде.    Условия работы:  -Официальное трудоустройство по ТК РФ;  -График работы: 2/2 с 8:00 до 20:00 или с 11:00 до 23:00;  -Оклад 55 тыс + чаевые в конце каждого месяца (совокупный доход от 80.000 до 100.000); -Работа на рожковой кофемашине La Marzocco KB90; -Бесплатное питание (обед и ужин);  -Желание развиваться в сегменте HoReCa.   Обязанности:  - Подготовка рабочего места к открытию/закрытию;  - Приготовление кофейных и авторских напитков по тех. карте;  - Поддержание чистоты и порядка на рабочем месте;  - Обеспечение высокого уровня сервиса в условиях высокой загрузки;  - Работа с кассовой системой iiko (обучим).   Требования:  - Опыт работы бариста или барменом от 8 месяцев; - Владение базовым латте-арт;  -Умение работать в режиме многозадачности; - Ответственность, пунктуальность и внимательность к деталям;  - Грамотная речь, доброжелательность;   Мы ждем кандидатов, которые ценят качество и стремятся к совершенству в своей работе.   Адрес: м. Фрунзенская, ул. Ефремова, д.10к1"
Бариста Surf Coffee (Москва),https://hh.ru/vacancy/118263657?query=%D0%B1%D0%B0%D1%80%D0%B8%D1%81%D1%82%D0%B0&hhtmFrom=vacancy_search_list,"от 55 000 ₽ за месяц,  на руки",Не указана,"Surf Coffee® – это не просто кофейни. Это место встречи и знакомств, объединяющее единомышленников. И сейчас мы в поисках новых людей в нашу команду! У нас более 250 предприятий по всей стране и за ее пределами, есть свой музыкальный лейбл Propaganda Machine™, бренд уходовой косметики Mantra, а еще мы продаем винил, одежду, фотопленку и здоровые продукты собственного производства. Команда обжарщиков Наши партнеры Blue Hawaii Roast тесно взаимодействует с фермерами и станциями обработки кофе, благодаря чему наши гости пьют самые вкусные и качественные напитки. Surf Coffee® – постоянный партнер больших фестивалей (New Star Camp, Faces & Laces, PIR и др), а наши бариста – призеры и участники крупнейших кофейных чемпионатов. Мы предлагаем тебе стать частью нашей дружной команды и начать свой путь в компании с позиции бариста! Здесь ты сможешь:  Обучаться у профессионалов кофейной индустрии и обладателей сертификатов SCA в нашем Тренинг-центре; Участвовать в творческих, профессиональных и внутренних конкурсах с призами; Менять города и споты, в которых будешь работать; Развиваться в любом направлении деятельности Surf Coffee®; Или даже осуществить свою мечту: стать нашим партнером и вместе открыть новую кофейню.  Наша базовая ценность – это человек. Наш сотрудник или гость – это не имеет значения. Главное для нас – равенство всех членов команды и сплоченность ради общей цели. Условия:  Оплачиваемая стажировка 100% оплачиваемая мед. книжка Уникальная скидка на продукцию Surf Coffee® и группы компаний Рост вознаграждения при активном участии в жизни кофейни (ставка 300 р/час + % от продаж + премии) Возможность каждую рабочую смену попробовать напитки из меню + оплачиваемое питание Возможность выстроить свой график по системе пожеланий Работа на самом современном барном оборудовании Участие в дегустациях новых продуктов и в принятии решений об их вводе в меню Стильная коллекция одежды от бренда одежды Propaganda Machine™, в которой можно не только работать, но и наслаждаться ею в повседневной жизни  Твои будущие задачи:  Общаться в формате дружеской беседы с гостями Выполнять функции профессионального бариста Surf Coffee® Проводить операции на кассе Трудиться по выстроенному рабочему графику с наличием чек-листа для комфортного выполнения задач Участвовать в собраниях, где каждый может проявить инициативу и реализовать свои идеи  We Are Greater Than"
Бариста в кофейню,https://hh.ru/vacancy/118363166?query=%D0%B1%D0%B0%D1%80%D0%B8%D1%81%D1%82%D0%B0&hhtmFrom=vacancy_search_list,"от 75 000 до 100 000 ₽ за месяц,  на руки",Не указана,"Кофейни Coffee Point ® располагаются в крупных компаниях и бизнес-центрах. И это позволяет нашим сотрудникам быть не только работниками сферы общественного питания, но и стать частью современной, деловой жизни Москвы. В кофейнях открыты вакансии бариста: м. Мосрентген, м. Калужская/Воронцовская, м. Полянка, м. Тульская/верхние котлы/Нагатинская, м. Маяковская, м. Цветной/трубная, м. Нахимомовский проспект, подбираем ближе к дому Обязанности:  Приготовление кофе и напитков для наших гостей Открытие и закрытие смены Работа с кассой Помощь гостям в выборе продукции Поддержание чистоты в кофейне Прием и выкладка продукции (собственное производство)  Требования:  Желание работать в кофейной индустрии Доброжелательность, активность, аккуратный внешний вид Грамотная речь, любовь к кофе и желание общаться с гостями  Условия работы:  График работы - 5/2, суббота/воскресенье - выходные дни, а так же государственные праздники Место работы в БЦ (подбираем ближе к дому) Стабильная заработанная плата + KPI, оплачивается 2 раза в месяц Бесплатное питание Оформление мед. книжки за наш счет Корпоративная форма Дни обучения оплачиваются Официальное оформление по ТК РФ Подарки на День Рождение    Нажмите откликнутся и мы вам перезвоним!"
Бариста в кофейню Croc Coffee,https://hh.ru/vacancy/117906738?query=%D0%B1%D0%B0%D1%80%D0%B8%D1%81%D1%82%D0%B0&hhtmFrom=vacancy_search_list,"от 90 000 до 105 000 ₽ за месяц,  на руки",Не указана,"Croc Coffee - кофейня to go-формата в бизнес-центре одной из крупнейших IT-компаний России «Крок Инкорпорейтед».   В нашей команде есть место для одного профессионального бариста, ответственного, инициативного сотрудника.   Обязанности: ▸ Приготовление кофейных и других напитков согласно рецептур кофейни ▸ Работа с системой quick resto и простейшая электронная отчетность ▸ Поддержание чистоты и порядка на рабочем месте ▸ Прием поставок (порой довольно тяжелых) ▸ Поддержание беседы с гостем, консультация по меню   Требования: ▸ Опрятный внешний вид ▸ Ответственность, инициативность и внимательность ▸ Доброжелательность и внимание к гостям, грамотная речь и умение поддержать разговор ▸ Умение находить общий язык с напарником, слаженно и быстро работать на потоке ▸ Опыт работы от полугода ▸ Твердый навык настройки помола, грамотное взбивание, базовый латте-арт, время отдачи напитка – 1-2 минуты   Условия: ▸ График 5/2 по будним дням (мы подстраиваемся под график работы БЦ и другой график предложить не можем) ▸ Режим работы: с 8:45 до 20:15, есть часовой перерыв на обед ▸ Стабильная оплата два раза в месяц (25 и 10 число) ▸ Работа в паре на интенсивном потоке ▸ Оплата фикс 2500₽ + 3% процента от выручки, выходит 4200₽-4700₽/смена     ВАЖНО: ближайшие несколько месяцев кофепоинт не будет подключен к мокрой точке, работаем на баллонах. Они меняются единожды в день. В стойке есть ринзер, недалеко – комфортное пространство с раковиной.    P.S. Нас нельзя найти на Яндекс Картах — мы находимся в закрытом для прохожих людей бизнес-центре и работаем только для сотрудников и гостей компании Крок Инкорпорейтед."
Бариста,https://hh.ru/vacancy/115540290?query=%D0%B1%D0%B0%D1%80%D0%B8%D1%81%D1%82%D0%B0&hhtmFrom=vacancy_search_list,"от 70 000 до 90 000 ₽ за месяц,  на руки",Не указана,"Ищем бариста в команду кофеен ""Просвет"". Мы бережно относимся к каждому сотруднику, помогаем реализовывать потенциал и справляться с трудностями на каждом этапе работы. Мы ищем в нашу команду общительного и позитивного человека для работы в качестве бариста. Мы предлагаем:  Официальное трудоустройство после испытательного срока Стабильную зарплату два раза в месяц Ставка бариста от 330 руб/час до 350 руб/час + % от оборота кофейни Индивидуальная индексация каждый квартал по итогам аттестации Гибкий график Бесплатное питание 3 раза в день Корпоративные мероприятия и внутренние чемпионаты с призовым фондом  Требования:  Опыт работы на должности бариста будет преимуществом Хорошие коммуникативные навыки Желание развиваться Возможность работать четыре дня в неделю"
Бариста в кофейню One Price Coffee (м.1905 года),https://hh.ru/vacancy/117749619?query=%D0%B1%D0%B0%D1%80%D0%B8%D1%81%D1%82%D0%B0&hhtmFrom=vacancy_search_list,"от 80 000 ₽ за месяц,  на руки",Не указана,"Требуемый опыт работы: не требуется Полная занятость, гибкий график Возможна подработка: по выходным Привет, на связи OnePrice Coffee! Ты 100% нас знаешь, как самую крупную и классную сеть кофеен Москвы! И мы ищем именно тебя в нашу сильную, дружественную и уютную компанию, где все наши бариста готовы прийти на помощь друг к другу, поддержать и помочь вырасти до профессионала. Нет опыта работы? Не страшно ! Мы научим тебя варить вкуснейший кофе и дарить людям радость. Что тебя ждет:  В первую очередь это бесплатное профессиональное обучение в нашем учебном центре. Карьерный рост. С нашими ресурсами и твоими амбициями, сможешь дорасти до наставника и старшего бариста, и даже до управляющего. Гибкий график работы. Стабильная заработная плата 2 раза в месяц. Ставка 280р/час + премии Стильная и удобная форма. Напитки и еда за наш счёт. Официальное трудоустройство по ТК РФ. Компенсация медицинской книжки в полном размере Полностью оплачиваемая стажировка  А также:  Постоянное профессиональное развитие: кофейные мастер-классы и тренинги; Возможность участвовать в соревнованиях бариста, придумывать и воплощать в жизнь вкусы для сезонных напитков. Постоянная связь с командой сети. Тебя не бросят, всегда помогут и ответят на вопросы.  Мы пересмотрели стандарты обучения, подняли часовую ставку и добавили бонусы для наших сотрудников! А так же начали обновлять внешний вид кофеен и делать их удобными для работы наших сотрудников. Каким мы видим нашего бариста:  Опыт работы бариста приветствуется, но не обязателен. У нас есть все ресурсы, чтобы сделать тебя профи. Искренняя открытость к людям, легкость в общении и безусловная любовь к кофе. Желание расти и развиваться. Умение работать в команде. Пунктуальность, честность, ответственность, отзывчивость. Наличие медицинской книжки (или готовность её сделать).  Что нужно будет делать:  Готовить лучший кофе в городе, согласно стандартам компании. Общаться с гостями и ориентировать по нашему меню. Работать с кассой (всему обучим, это не сложно). Поддерживать чистоту зала и рабочей зоны.  Наши бариста - это сердце кофейни! Если тебе откликаются наши ценности, то добро пожаловать в лучшую команду! Вакансии открыты в разных районах города."
Бариста в кафе,https://hh.ru/vacancy/116213853?query=%D0%B1%D0%B0%D1%80%D0%B8%D1%81%D1%82%D0%B0&hhtmFrom=vacancy_search_list,"от 80 000 до 130 000 ₽ за месяц,  на руки",Не указана,"Сеть премиальных кафе правильного питания""Norme Cafe"" ищет в свою команду Бариста-официант в кафе   Вакансии открыты в кафе на станциях метро  м.Новаторская, м.Академическая м.Кунцевская, м.ул 1905 года М.Сокол и т.д Что бы подобрать удобное место работы созвонитесь с нами по телефону. ⏰График работы:2/2, 3/2, 5/2, другие варианты графика обсуждаются     Присоединяйтесь к нашей дружной команде ""Norme cafe""! Ваши задачи: ◾ Подготовкой зала к работе.◾ Принятием заказов, расчет гостей — R-kеереr◾Приготовление( чай, кофе, протеиновых шейков и смузи).Помощь гостям в зале ◾Обслуживать гостей согласно стандартам сервиса; ◾Создавать атмосферу гостеприимства Мы предлагаем тебе: ◾ Оформление по ТК РФ и оплачиваемая стажировка.◾Часовая ставка: стажировка 300 далее 350 руб./час(повышение ставок происходит после аттестации) + Бонус за выполнение плана + чаевые (.Выплаты 2 раза в месяц без задержек.◾Возможность выбрать максимально удобный график работы: 2/2,3/2, 5/2◾Работа на самом современном барном оборудовании.◾Удобная и стильная форма за счет компании.◾100% компенсация медкнижки.◾Возможность роста внутри компании◾Скидка сотрудника.◾Возможность подобрать работу рядом с домом.◾Оплачиваемый отпуск◾Бесплатное питание. Ищем кандидата:  С опытом работы в гостеприимстве или желанием обучаться и расти в этой сфере С приветливым отношением к гостям и командной работой Готового к новым вызовам и стремящегося к развитию  Оставляйте отклик и станьте частью ""Norme cafe"""
Бариста,https://hh.ru/vacancy/117581690?query=%D0%B1%D0%B0%D1%80%D0%B8%D1%81%D1%82%D0%B0&hhtmFrom=vacancy_search_list,"от 70 000 до 100 000 ₽ за месяц,  на руки",Не указана,"В кофейню Street Coffee требуется бариста.Официальное трудоустройство по желаниюМы предлагаем: График 5/2, 4/3, 3/4 2/2 в том числе есть ночные смены, смены плавающие. В среднем смена 3750 до 5000 после стажировки. Скидка сотрудникам на товар форменная ."
Бариста в кофейню,https://hh.ru/vacancy/118263060?query=%D0%B1%D0%B0%D1%80%D0%B8%D1%81%D1%82%D0%B0&hhtmFrom=vacancy_search_list,"от 75 000 до 100 000 ₽ за месяц,  на руки",Не указана,"Компания Restopark Group это компания-основатель крупнейшей парковой сети кофеен ""Капучинофф"", парковых пиццерий и ресторанов ""Pizzamento"". И сейчас мы в поисках новых людей в нашу команду! Ты можешь стать частью нашей команды и начать с позиции профессионального Бариста. У нас более 30 предприятий в Москве и мы не останавливаемся на этом! Впереди много интересных проектов, которые ты можешь создавать с нами! Мы работаем в красивейших местах Москвы: парках Царицыно, Усадьбе Воронцово, парках Кузьминки, Садовниках, Бутово, Северном Речном Вокзале, в центре столицы на Тверской. От нас: -Обучение и наставничество от тренеров бариста. -Участие во внутренних конкурсах, скидки внутри компании. -Смена локации работы (при желании) -Развитие в любом направлении Restopark Group Условия: -Оплачиваемая стажировка -График работы 2/2, 5/2, 4/3, 6/1 с 09.30 до 21.30 -Рост вознаграждения при активном и ответственном участие в работе (Ставка 330р/час) -Ежедневно дегустация вкуснейшего кофе -Возможность гибкого графика -Участие в разработке и дегустации новых продуктов -Удобная одежда для работы -Оформление по ТК или по договору самозанятости Твои задачи: -Не опаздывать и работать по графику -Выполнение функций профессионального бариста -Работа с кассой -Общение с гостями -Работать по чек-листу -Сделать медицинскую книжку"
Бариста/официант,https://hh.ru/vacancy/118389793?query=%D0%B1%D0%B0%D1%80%D0%B8%D1%81%D1%82%D0%B0&hhtmFrom=vacancy_search_list,"от 60 000 ₽ за месяц,  на руки",Не указана,"Федеральная сеть венских кофеен COFFEESHOP COMPANY приглашает в свою дружную молодую команду Бариста/официанта на гибкий график в уютную кофейню в ТРЦ ""Европейский"".Тебя ждёт:Профессиональное обучение с наставниками, которых мы вырастили сами (ты тоже сможешь стать одним из них, если захочешь).Гибкий график, который позволит совмещать учебу с работой: Утренний с 09:00 до 16:00 или полная занятость (по 10-12 часов) при желании зарабатывать ещё больше.Конкурентная ставка + % от личных продаж + чаевые.Премия за быструю сдачу экзамена - 2500 рублей.Премия по акции ""Приведи друга"" - 5000 рублей.Официальное оформление, социальный пакет (больничный лист‚ отпуск (в т.ч. учебный)).Современная форма.Профессиональный и карьерный рост.Дружный молодой коллектив.Бесплатные напитки в течение смены.Вкусное бесплатное питание.Мы организуем такси за наш счет, если твоя смена закончилась после 00:00.Возможность изучения английского языка, получение сертификата в ""Золотое яблоко"" или любого другого на твой выбор.Кофейня у метро Киевская.Тебе предстоит:Пройти обучение по сервису и по приготовлению кофейных напитков по стандартам Coffeeshop Company;Осуществлять подготовку бара к открытию и закрытию кофейни;Готовить кофе и коктейли;Обслуживать гостей кофейни;Поддерживать атмосферу и чистоту в кофейне;Постоянно совершенствовать свои навыки приготовления кофе и коктейлей при помощи и поддержке наставников.От тебя требуется:Быть жизнерадостным, активным и ответственным.Уметь работать в команде.Желание развиваться и расти вместе с нами.Опыт работы не требуется. Всему научим!Мы ждем тебя в нашей команде!"
Бариста ( ТЦ Павелецкая плаза),https://hh.ru/vacancy/118360445?query=%D0%B1%D0%B0%D1%80%D0%B8%D1%81%D1%82%D0%B0&hhtmFrom=vacancy_search_list,"от 85 000 ₽ за месяц,  на руки",Не указана,"TomiOmi – федеральная сеть бабл баров. Яркий и молодой бренд, который стремительно развивается на территории России. Мы гордимся качеством наших напитков и уровнем нашего сервиса.   TomiOmi это бренд. А бренд – это люди, которые его создают.   Поэтому наша главная ценность — это именно люди. Мы тщательно подходим к выбору сотрудников для нашей команды.   Как попасть к нам в команду? Безусловно нужно быть позитивным человеком, любить людей, bubble tea и конечно же TomiOmi!   Для нас работа в TomiOmi - это лайфстайл, место где мы находим друзей и единомышленников, получаем интересный опыт и раскрываем свой потенциал.   Двигай к нам, если ты: ● Опрятный (яркий внешний вид, пирсинг, татуировки? Мы только за!) ● Ориентирован на Гостя и любишь работать с людьми ● Любишь работать в активном режиме ● Ответственный и честный ● Умеешь работать в команде У тебя нет опыта, но есть огромное желание? Мы научим!   Почему работать у нас — это круто? ● Молодая и веселая команда профессионалов, в которой каждый может реализовать себя; ● Заработная плата без задержек 2 раза в месяц от 85.000 т.р; ● Оплачиваемая стажировка под руководством опытных бариста; ● График сменный- плавающий (смены по 9-12 часов, согласуем удобный для тебя) ● Бесплатное корпоративное питание; ● Стильная форма; ● Корпоративная скидка 25% в заведениях-партнерах; ● Реальная возможность карьерного роста и развития в Компании; ● Оформление по ТК РФ. ● Возможность совмещать с учебой.   Что нужно делать? ● Обслуживать Гостей за кассой и создавать им отличное настроение; ● Качественно готовить напитки из меню согласно ТТК; ● Соблюдать нормы санитарии , поддерживать чистоту и соблюдать стандарты;   Мы ждем тебя в нашу суперсемью TomiOmi!   Твоим преимуществом будет опыт работы в таких компаниях - КФС, Вкусно и Точка, Бургеркинг, DoDo пицца, OnePriceCoffee, OneDoubleCoffee, CoffeeLike, Кофемания и т.д."
Шеф бариста,https://hh.ru/vacancy/117995934?query=%D0%B1%D0%B0%D1%80%D0%B8%D1%81%D1%82%D0%B0&hhtmFrom=vacancy_search_list,"от 90 000 до 120 000 ₽ за месяц,  на руки",Не указана,"В кофейню премиум класса требуется Шеф бариста. Мы развивающаяся премиальная сеть кофеин в Москве, с полным циклом обслуживания. Европейская кухня, вкуснейшие завтраки, десерты собственного производства.  Ищем Шеф Бариста, который любит кофе, знает кофейную индустрию, готов развиваться вместе с компанией. Обязанности: - управление баром в 2х вверенных кофейнях - подбор и обучение персонала - соблюдение стандартов компании - заказ, учет продукции и инвентаря бара - разработка и введение барного меню заведения. - работа с ЕГАИС и меркурий (обучим при необходимости)  Требования: - Опыт работы Шеф Бариста, Бар Менеджером или Старшим Бариста. - Знание кофейной индустрии - Лидерские качества - Умение создавать команду. Условия: - Оклад 110 000р + чаевые + бонусы - Официальное трудоустройство - График работы 5/2 по 10 часов - 3х разовое питание - Дружный коллектив, комфортные условия труда"
Бариста,https://hh.ru/vacancy/117750958?query=%D0%B1%D0%B0%D1%80%D0%B8%D1%81%D1%82%D0%B0&hhtmFrom=vacancy_search_list,"от 70 000 до 100 000 ₽ за месяц,  на руки",Не указана,"Развивающаяся сеть кофеен COFFEEGRAM ищет ответственных бариста Что от тебя требуется: - Опрятный внешний вид - Ответственность и пунктуальность - Соблюдение чистоты на рабочем месте - Умение быстро обучаться и желание развиваться в кофейной сфере Мы готовим следующие напитки: Кофе, Бабл Ти, Лимонады, Чаи - если с чем то не сталкивались - обучим! Открыты вакансии в две кофейни: 1. Измайловский Вал 2 (метро семеновская) 2. ул. Миклухо-Маклая 11б (метро Университет Дружбы Народов, Беляево, Юго-Западная) У нас дружный коллектив, уважительное отношение к каждому члену команды. Мы предлагаем достойную заработную плату от 70 000р в месяц + % от выручки. Стабильная оплата труда раз в неделю. Ждем Вас на собеседование, так же можете отдельно пообщаться с нашими бариста, убедиться в качестве нашей работы с Вами и оплате труда! Пишите самые ответственные и с большим желанием к развитию."
Бариста,https://hh.ru/vacancy/118238269?query=%D0%B1%D0%B0%D1%80%D0%B8%D1%81%D1%82%D0%B0&hhtmFrom=vacancy_search_list,"от 70 000 до 90 000 ₽ за месяц,  на руки",Не указана,"Бариста в Bageatteria – стань частью команды, которая делает кофе искусством!Ты любишь кофе или хочешь научиться готовить его на топовом уровне? Мы в Bageatteria ищем энергичных и позитивных бариста – опыт не обязателен, главное твое желание развиваться!Что мы предлагаем:— Зарплата выше рынка – стабильный доход и прозрачный рост ставки (300 → 350 → 400 ₽/ч)— Премии и бонусы – повышай мастерство, сдавай аттестации и зарабатывай больше— Гибкий график 5/2 – пятница, суббота и воскресенье рабочие дни, чтобы в будни была свобода— Современное оборудование и спешелти кофе – работай с лучшими зернами и техникой— Дружный коллектив – в смене всегда 3-4 бариста, поддержка гарантирована— Бесплатное питание и лучший кофе каждый день— Официальное трудоустройство, крутые корпоративные мероприятия и подарки за классную работуЧто ты будешь делать:☕ Осваивать искусство кофе – научим тебя делать идеальные эспрессо, капучино и авторские напитки Развиваться – регулярные тренинги и аттестации, которые помогут тебе стать профи Работать с гостями – улыбка, дружелюбие и кассаПочему это предложение для тебя?Ты получишь не просто работу, а шанс войти в профессиональную кофейную индустрию, обрести ценные навыки и хорошую зарплату. В нашей команде ты не просто сотрудник – ты важная часть атмосферы и успеха!Готов начать? Пиши нам прямо сейчас!"
Бариста,https://hh.ru/vacancy/118370996?query=%D0%B1%D0%B0%D1%80%D0%B8%D1%81%D1%82%D0%B0&hhtmFrom=vacancy_search_list,"от 70 000 до 75 000 ₽ за месяц,  на руки",Не указана,"Кофейня ALEXMILANA существует уже более 7 лет. На сегодняшний день у нас 3 кондитерские. Варим кофе спешалти и делаем десерты из натуральных ингредиентов! 80% гостей постоянные очень благодарные и уже близкие нам)Ждем Вас в нашу команду!Кого мы ищем:Активных, общительных, позитивных, стремящихся к успеху, работающих ответственно и с легкостью! Обожающих культуру кофе, общение с людьми и сферу ресторанного бизнеса.Вам необходимо :Варить кофе, чай, делать свежевыжатые соки и молочные коктейлиПоддерживать чистоту и порядокОбслуживание гостей.Работать за кассойСдавать ежедневные отчетыПоддерживать дружелюбную атмосферу в нашей кондитерскойНаши условия:График 5/2 , 8:00-17:00,2/2 8:00-22:00 , свободный график ( утро/вечер, удобно для учащихся и приветствуется ) с возможностью подработок. Стажировка/испытательный срок 2 недели-1 месяц. От 300рчасВ графике со 2-го дня, после испытательного срока от 350р./час.Заработная плата 2 раза в месяц БЕЗ ЗАДЕРЖЕКВозможность роста в компанииВысокая стабильная зп, плюс чаевые и премииДля нас важно:ПунктуальностьВаша порядочность, доброжелательность и чистоплотностьЭнергичность и желание зарабатывать!Если у Вас нет опыта, но есть огромное желание учиться и развиваться, мы примем Вас в команду и всему научим)"
"Бариста Surf Coffee (м. Охотный ряд, м. Китай город, м. Кузнецкий мост, м. Сретенский бульвар)",https://hh.ru/vacancy/118314419?query=%D0%B1%D0%B0%D1%80%D0%B8%D1%81%D1%82%D0%B0&hhtmFrom=vacancy_search_list,"от 60 000 ₽ за месяц,  на руки",Не указана,"Surf Coffee® – это не просто кофейни. Это место встречи и знакомств, объединяющее единомышленников. И сейчас мы в поисках новых людей в нашу команду! У нас более 250 предприятий по всей стране и за ее пределами, есть свой музыкальный лейбл Propaganda Machine™, бренд уходовой косметики Mantra, а еще мы продаем винил, одежду, фотопленку и здоровые продукты собственного производства. Команда обжарщиков Наши партнеры Blue Hawaii Roast тесно взаимодействует с фермерами и станциями обработки кофе, благодаря чему наши гости пьют самые вкусные и качественные напитки. Surf Coffee® – постоянный партнер больших фестивалей (New Star Camp, Faces & Laces, PIR и др), а наши бариста – призеры и участники крупнейших кофейных чемпионатов. Мы предлагаем тебе стать частью нашей дружной команды и начать свой путь в компании с позиции бариста! Здесь ты сможешь:   Обучаться у профессионалов кофейной индустрии и обладателей сертификатов SCA в нашем Тренинг-центре;     Участвовать в творческих, профессиональных и внутренних конкурсах с призами;     Менять города и споты, в которых будешь работать;     Развиваться в любом направлении деятельности Surf Coffee®;     Или даже осуществить свою мечту: стать нашим партнером и вместе открыть новую кофейню.   Наша базовая ценность – это человек. Наш сотрудник или гость – это не имеет значения. Главное для нас – равенство всех членов команды и сплоченность ради общей цели. Условия:   Оплачиваемая стажировка   100% оплачиваемая медицинская книжка     Уникальная скидка на продукцию Surf Coffee® и группы компаний     Рост вознаграждения при активном участии в жизни кофейни (ставка 300 + % от продаж + премии)     Возможность каждую рабочую смену попробовать напитки из меню + оплачиваемое питание     Возможность выстроить свой график по системе пожеланий     Работа на самом современном барном оборудовании     Участие в дегустациях новых продуктов и в принятии решений об их вводе в меню     Стильная коллекция одежды от бренда одежды Propaganda Machine™, в которой можно не только работать, но и наслаждаться ею в повседневной жизни   Твои будущие задачи:   Общаться в формате дружеской беседы с гостями     Выполнять функции профессионального бариста Surf Coffee®     Проводить операции на кассе     Трудиться по выстроенному рабочему графику с наличием чек-листа для комфортного выполнения задач     Участвовать в собраниях, где каждый может проявить инициативу и реализовать свои идеи   We Are Greater Than I"
Бариста в кофейню Бейджанс,https://hh.ru/vacancy/118075267?query=%D0%B1%D0%B0%D1%80%D0%B8%D1%81%D1%82%D0%B0&hhtmFrom=vacancy_search_list,"от 60 000 до 100 000 ₽ за месяц,  на руки",Не указана,"Мы кофейня take away с 30-тью посадочными местами недалеко от м. Белорусская.   Ищем в команду коммуникабельного и открытого бариста!   Что мы предлагаем: - Гибкий график в часы работы кофейни с 7:00 до 22:00 (утро/вечер/день) -Работа на профессиональном кофейном оборудовании: Nuova Simonelli Aurelia Wave T3, GUFO S2, Puqpress M2, Mythos MYG85, Mahlkoening E65S GBW, Bravillor Bonamat Tha, Mahlkoening Omnia -Бесплатное обучение внутри кофейни -Оплачиваемая стажировка с первого дня (при завершении стажировки)   Нет штрафов. Мы за доверие друг к другу   Бонусы: 3х разовое питание и бесплатные напитки, удобная форма, скидка до 40% на продукцию компании   Поощрение инициативы: наши сотрудники разрабатывают меню, создают дизайны, полностью участвуют в жизни кофейни   Что мы ждем от тебя: Желание учиться и совершенствовать свои навыки Любовь к людям Умение проявлять заботу и внимание   Приглашаем тебя стать частью нашей команды ♥️"
Бариста в кофейни WakeCup,https://hh.ru/vacancy/117892132?query=%D0%B1%D0%B0%D1%80%D0%B8%D1%81%D1%82%D0%B0&hhtmFrom=vacancy_search_list,"от 75 000 до 125 000 ₽ за месяц,  на руки",Не указана,"Коротко: 320 - 360 в час с первого дня365 - 440 в час после экзаменов (или с первого дня, если сдать экзамены за месяц)400 - 475 в час через 6 месяцев От метро 10 минут пешком Статистика: средняя ставка за январь-февраль 2025 года у опытных барист, сдавших все экзамены, вышла около 430 в час.---------------------------------------------------------- Привет!  У нас сеть кофеен формата ""с собой"". Расположены в бизнес-центрах неподалёку от метро:  Курская. Автозаводская.  Везде от метро до 10 мин. Ищем трудолюбивых барист, умеющих очаровывать гостей. Лучше с кофейным опытом, но смотрим и без; а вот опыт работы с людьми и в общепите точно пригодится. Помол настраиваем, фильтр варим, ppm воды измеряем, есть опытный Шеф-бариста - к кофейной культуре относимся с уважением. .................................. Сколько платим? .................................. Ставка: от 400 до 475 в час (зависит от выручки). Это ставка опытного баристы, который проработал от 6 месяцев и старается.   Как получается такая ставка: -> С первого дня ставка 320 - 360. Если в течение первого месяца сдать все экзамены, выплачивается такая премия, чтобы ставка этого этапа стала 365 - 440. -> Когда экзамены сданы (условно, через 1-2 месяца) и бариста вкладывается в работу, ставка вырастает до 365 - 440. -> Каждые пол-года увеличиваем базовую ставку, исходя из отработанных за 6 месяцев часов (условно, +35 р/ч).   Разброс ставки зависит от выручки (есть %).   Одна 12,5-часовая смена опытному баристе приносит 5.000 - 6.000 руб. Таким образом, опытный бариста, имеющий стаж, при смене 12,5 часов будет получать в месяц: - при графике 5/2 - от 110 до 130 тыс. руб; - при графике 4/3 - от 88 до 104 тыс. руб; - при графике 2/2 - от 77 до 92 тыс. руб. Количество рабочих дней в неделю должно быть не менее трёх. Расписание гибкое, составляется на неделю вперёд. Более подробно о расписании можем договориться при звонке. Есть внутренний карьерный рост с возможностью зарабатывать еще больше. .................................. Надо ли сдавать экзамены? На сдачу всех нормативов отводим 2 месяца. Ставка может стать максимальной тогда, когда все экзамены сданы. Сдавать можно и быстрее, главное готовность. Опытный бариста с желанием работать может всё сдать за месяц. Не опытный, но с желанием, как раз за пару месяцев всё комфортно освоит. .................................. Какие-то еще есть выплаты? - Регулярные выплаты на одежду; - Оплата мед. книжки; - Оплачиваемое время обеда; - Вся продукция по себестоимости, напитки по тех. картам - бесплатно; - Оплачиваемый отпуск. .................................. Какой график? - Сменный. Полный день. Минимум 3 смены в неделю. .................................. Что надо делать? - Делать гостей кофейни счастливее; - Поддерживать, улучшать и развивать компанию и коллектив; - Использовать рабочее время и возможности компании для развития своих навыков бариста, улучшения себя как работника и как человека; - Быть лучшей версией себя. .................................. Как попасть на собеседование? - Откликнуться тут и обязательно в сопроводительном письме указать действующий номер whatsapp или ник в telegram, чтобы мы могли связаться. Это в том числе проверка, прочитали вы вакансию или просто тыкнули наугад =) До встречи!"
Бариста в кофейню Дринкит,https://hh.ru/vacancy/116553362?query=%D0%B1%D0%B0%D1%80%D0%B8%D1%81%D1%82%D0%B0&hhtmFrom=vacancy_search_list,"от 53 000 до 63 000 ₽ за месяц,  на руки",Не указана,"Дринкит – это современная кофейня с чутким сервисом, качественными авторскими напитками и удобным приложением. Гость легко может настроить всё на свой вкус и сделать заказ по пути в кофейню. А бариста не нужно принимать заказ на кассе, всё происходит через нашу IT-систему. Для старта у нас не нужен опыт: мы всему научим и дадим возможность развития в международной компании!Наши кофейни находятся в разных районах Москвы, поэтому постараемся подобрать наиболее удобную для тебя кофейню на собеседовании. Наши условия:   оформление по ТК РФ с первого дня, оплачиваемый отпуск и больничный;   гибкий график, его можно менять каждую неделю, от 3 смен в неделю;   смены от 6 часов, выбирай самостоятельно, сколько работать;   оплачиваемый перерыв, который мы не вычитаем из смены;   ставка бариста от 300 до 360₽/час на руки, можешь повышать её с развитием навыков;   скидка команды на еду и напитки в нашем приложении.   А еще мы:   сделаем тебе медицинскую книжку за наш счет;   предоставим удобную форму (футболка, фартук и кепка);   подключим к программе бесплатной психологической поддержки Alter;   прокачаем твою кофейную экспертизу - научим дегустировать черный кофе, разбираться в оттенках вкуса, настраивать кофейное оборудование, варить альтернативу и создавать латте-арт;   предоставим возможность развития и повышения, мы заинтересованы в каждом человеке;   будем звать на тренинги, мастер-классы и командные мероприятия в офис.   В дринкит ты сможешь вырасти в бариста-профессионала, прокачать навыки кофейной экспертизы, получить развитие в международной компании и стать частью сплочённой команды!"
Официант / бариста,https://hh.ru/vacancy/118455872?query=%D0%B1%D0%B0%D1%80%D0%B8%D1%81%D1%82%D0%B0&hhtmFrom=vacancy_search_list,"от 70 000 до 80 000 ₽ за месяц,  до вычета налогов",Не указана,"Венская сеть кофеен COFFEESHOP COMPANY приглашает Официантов / Бариста в свою дружную команду на постоянную работу. Требования: Требования к кандидату: 1. Опыт работы в свере общепита приветствуется. 2.бесплатное обучение для начинающих кандидатов в данную сферу. 2. Опрятный внешний вид и грамотная русская речь; 3. Ответственность; 4. Аккуратность; 5. Вежливость; 6. Внимательность; 7. Пунктуальность;   Обязанности: 1. Приготовление холодных и горячих напитков по тех. картам; 2. Открытие и закрытие кофейни; 3. Умение настраивать помол; 4. Поддержание чистоты в кофейне. 5.Принимать участие в жизни кофейни. При себе иметь мед книжку Зарплата: Минимальные условия: график 2/2 или 5/2!так же есть возможность подстроить график под вас, ставка для начинающего бариста 3000р + премия за свою смену + премия в конце месяца, чаевые в конце рабочего дня ежедневно за свою смену. Стремительный карьерный рост «шеф, менеджер»  Грамотная речь Умение работать в команде Доброжелательность Ответственное отношение к работе Консультирование посетителей по ассортименту кофейни. Обслуживание посетителей за столиками. Поддержание чистоты на рабочем месте Работа с кассой  Опыт работы в сфере обслуживания будет Вашим преимуществом. Мы предлагаем:  Обучение в процессе работы. Дружный коллектив профессионалов, атмосфера взаимовыручки. Официальное трудоустройство, отпуска, больничные. Выплата заработной платы 2 раза в месяц, без задержек. Возможность карьерного и профессионального роста.  Сменный график работы:  5/2 с 09:00 до 16:00 выходные плавающие 2/2 с 10:00 до 22:00/23:00 5/2 с 16:00 до 22:00/23:00 выходные плавающие сотрудник выходного дня, суббота и воскресенье 10-12 часов"
Бариста/официант,https://hh.ru/vacancy/118389793?query=%D0%B1%D0%B0%D1%80%D0%B8%D1%81%D1%82%D0%B0&hhtmFrom=vacancy_search_list,"от 60 000 ₽ за месяц,  на руки",Не указана,"Федеральная сеть венских кофеен COFFEESHOP COMPANY приглашает в свою дружную молодую команду Бариста/официанта на гибкий график в уютную кофейню в ТРЦ ""Европейский"".Тебя ждёт:Профессиональное обучение с наставниками, которых мы вырастили сами (ты тоже сможешь стать одним из них, если захочешь).Гибкий график, который позволит совмещать учебу с работой: Утренний с 09:00 до 16:00 или полная занятость (по 10-12 часов) при желании зарабатывать ещё больше.Конкурентная ставка + % от личных продаж + чаевые.Премия за быструю сдачу экзамена - 2500 рублей.Премия по акции ""Приведи друга"" - 5000 рублей.Официальное оформление, социальный пакет (больничный лист‚ отпуск (в т.ч. учебный)).Современная форма.Профессиональный и карьерный рост.Дружный молодой коллектив.Бесплатные напитки в течение смены.Вкусное бесплатное питание.Мы организуем такси за наш счет, если твоя смена закончилась после 00:00.Возможность изучения английского языка, получение сертификата в ""Золотое яблоко"" или любого другого на твой выбор.Кофейня у метро Киевская.Тебе предстоит:Пройти обучение по сервису и по приготовлению кофейных напитков по стандартам Coffeeshop Company;Осуществлять подготовку бара к открытию и закрытию кофейни;Готовить кофе и коктейли;Обслуживать гостей кофейни;Поддерживать атмосферу и чистоту в кофейне;Постоянно совершенствовать свои навыки приготовления кофе и коктейлей при помощи и поддержке наставников.От тебя требуется:Быть жизнерадостным, активным и ответственным.Уметь работать в команде.Желание развиваться и расти вместе с нами.Опыт работы не требуется. Всему научим!Мы ждем тебя в нашей команде!"
Бариста в кофейню,https://hh.ru/vacancy/118631221?query=%D0%B1%D0%B0%D1%80%D0%B8%D1%81%D1%82%D0%B0&hhtmFrom=vacancy_search_list,"от 63 000 до 70 000 ₽ за месяц,  на руки",Не указана,"Кто мы? Лидеры среди кофеен третьей волны в России. Готовим вкусный кофе на лучшем оборудовании, заморочены на натуральности, фанаты крутого сервиса, дорожим нашей внутренней культурой, делимся знаниями и меняем кофейный рынок. И ищем в команду классных людей. И этих классных людей мы ищем в нашу команду Skuratov Coffee в Москве! От нас:   У нас нет штрафов и вычетов по итогам инвентаризации. Все просто: мы доверяем всем, кто работает у нас.   Стабильная зарплата. Ставка 350 руб. в час.   Полную занятость и сменный график по 7-10 часов в день. Мы создаем комфортные условия для работы. Работа от 4х смен в неделю.     Оплатим медкнижку и стажировку.   Бесплатное обучение. Углубленный курс по кофе: научим готовить все (от эспрессо до альтернативы), прокачаем сенсорику и покаппим зерно из всех стран кофейного пояса. Обучение с тренером по сервису: теория и практика, разбор кейсов и прокачка скиллов.   Работу только на профессиональном кофейном оборудовании.   Лучший коллектив, собственного наставника и прекрасную команду.   От вас:   Любить людей, быть открытыми и много учиться;   Любить кофе и не бояться менять рынок вместе с нами.   Еще мы предлагаем:   Бесплатный развоз на такси в утренние смены;   Оплачиваемые больничный и отпуск;   Корпоративное питание;   У сотрудников есть скидка до 50% на напитки, еду, зерно и мерч;   Возможности для роста. Внутри команды бара есть понятная схема развития до лидера кофейни и лидера города. Наши бариста становятся тренерами по кофе и сервису, обжарщиками, работают в отделах финансов, маркетинга и HR.   Возможность релокации в города присутствия.     Также у нас есть 2 обжарочных производства и сеть кофеен в 7 городах России: в Омске, в Москве, в Петербурге, в Казани, в Нижнем Новгороде, в Новосибирске и в Самаре. Все это мы развиваем своими силами. Хотите стать частью нашей большой команды Скуратов Кофе? Откликайтесь на вакансию или задайте уточняющие вопросы нашей менеджеру по набору."
Бариста в кофейню «БЕЙДЖАНС»,https://hh.ru/vacancy/118351919?query=%D0%B1%D0%B0%D1%80%D0%B8%D1%81%D1%82%D0%B0&hhtmFrom=vacancy_search_list,"от 60 000 до 103 000 ₽ за месяц,  на руки",Не указана,"Мы кофейня take away с 20-тью посадочными местами недалеко от м. ПолежаевскаяИщем в команду коммуникабельного и открытого бариста!Что мы предлагаем:- Гибкий график в часы работы кофейни с 7:00 до 22:00 (утро/вечер/день)-Работа на профессиональном кофейном оборудовании: Nuova Simonelli Aurelia Wave T3, GUFO S2, Puqpress M2, Mythos MYG85, Mahlkoening E65S GBW, Bravillor Bonamat Tha, Mahlkoening Omnia-Бесплатное обучение внутри кофейни-Оплачиваемая стажировка с первого дня (при завершении стажировки)Нет штрафов. Мы за доверие друг к другуБонусы: 3х разовое питание и бесплатные напитки, удобная форма, скидка до 40% на продукцию компанииПоощрение инициативы: наши сотрудники разрабатывают меню, создают дизайны, полностью участвуют в жизни кофейниЧто мы ждем от тебя:Желание учиться и совершенствовать свои навыкиЛюбовь к людямУмение проявлять заботу и вниманиеПриглашаем тебя стать частью нашей команды ♥️"
Бариста в кофейню Special (ст м Курская),https://hh.ru/vacancy/118180945?query=%D0%B1%D0%B0%D1%80%D0%B8%D1%81%D1%82%D0%B0&hhtmFrom=vacancy_search_list,"от 85 000 ₽ за месяц,  на руки",Не указана,"Привет, на связи Special ! Мы ищем бариста в нашу сильную, дружественную и уютную компанию, где все наши сотрудники готовы прийти на помощь друг к другу, поддержать и помочь вырасти до профессионала.  Что тебя ждет:   В первую очередь это бесплатное профессиональное обучение в нашем учебном центре.   Карьерный рост. С нашими ресурсами и твоими амбициями, сможешь дорасти до наставника и старшего бариста, и даже до управляющего.   Гибкий график работы.   Стабильная заработная плата 2 раза в месяц. Ставка 280р/час + премия   Стильная и удобная форма.   Напитки и еда за наш счёт.   Официальное трудоустройство по ТК РФ.   Компенсация медицинской книжки в полном размере   Полностью оплачиваемая стажировка   А также:   Постоянное профессиональное развитие: кофейные мастер-классы и тренинги;   Возможность участвовать в соревнованиях бариста, придумывать и воплощать в жизнь вкусы для сезонных напитков.   Постоянная связь с командой сети. Тебя не бросят, всегда помогут и ответят на вопросы.     Каким мы видим нашего бариста:   Опыт работы бариста приветствуется, но не обязателен. У нас есть все ресурсы, чтобы сделать тебя профи.   Искренняя открытость к людям, легкость в общении и безусловная любовь к кофе.   Желание расти и развиваться.   Умение работать в команде.   Пунктуальность, честность, ответственность, отзывчивость.   Наличие медицинской книжки (или готовность её сделать).   Что нужно будет делать:   Готовить лучший кофе в городе, согласно стандартам компании.   Общаться с гостями и ориентировать по нашему меню.   Работать с кассой (всему обучим, это не сложно).   Поддерживать чистоту зала и рабочей зоны.   Наши бариста - это сердце кофейни! Если тебе откликаются наши ценности, то добро пожаловать в лучшую команду! Вакансии открыты в разных районах города."
Бариста,https://hh.ru/vacancy/117695256?query=%D0%B1%D0%B0%D1%80%D0%B8%D1%81%D1%82%D0%B0&hhtmFrom=vacancy_search_list,"от 75 000 ₽ за месяц,  на руки",Не указана,"Сеть кофеен Milk&Beans основана в 2016 году командой вдохновленных людей. Мы развиваем собственную сеть, базируясь на высоких стандартах качества кофе. Каждый день мы приветствуем гостей, работая на отборном зерне от лучших поставщиков. Приглашаем на Постоянную работу бариста.    Условия: Время работы заведений с 8:00-22:00. Официальное трудоустройство, выплата з.п. 2 раза в месяц. Часовая ставка + премии. Зарплата 310-370 р/ч. Стажировка и обучение оплачиваемые: 220 р/час + премии от продаж Готовность брать полные смены минимум 2 раза в неделю! График работы обсуждается. Бесплатное питание и напитки в смену. Возможность покупать товары по себестоимости. Возможность карьерного роста. Требования: - Опыт работы бариста от 3-ех месяцев желателен или настрой быстро учиться. - Желание и умение общаться с гостями и коллегами; - Соблюдение чистоты и порядка на рабочем месте и в заведении; - Навыки продаж (!); - Интерес к кофейному делу; - Пунктуальность; - Соблюдение всех внутренних стандартов, правил и инструкций Компании; - Готовность (в случае необходимости) выходить на смены на любую точку. Опыт в приготовлении кофейной «альтернативы» (кемексы, воронки и прочее) приветствуется В сети 8 точек, сейчас идет набор на три точки 1. Ул Борисовские пруды 23, к2 м Борисово 2. ЖК Хэдлайнер, Шмитовский проезд, д.39, м Шелепиха 3. Мичуринский проспект, Олимпийская деревня д1,к4 м Мичуринский проспект, м Озерная"
Бариста,https://hh.ru/vacancy/117957966?query=%D0%B1%D0%B0%D1%80%D0%B8%D1%81%D1%82%D0%B0&hhtmFrom=vacancy_search_list,"от 60 000 до 100 000 ₽ за месяц,  на руки",Не указана,"Уpа! У нac открытие новой кoфейни, пpиглaшаeм тeбя быть одним из первыx открывателeй :) Green Нousе - этo большe, чем арoматный кофе. В сети кофеен мы сами создаем уют, дружелюбную атмосферу, где работаем и развиваемся. Наша компания существует уже более 12-и лет на рынке. Сейчас у нас 118 кофеен в разных городах России и большие планы на расширение сети. НАША МИССИЯ - ДАРИТЬ СЧАСТЬЕ КАЖДЫЙ ДЕНЬ!За счет профессионального сервиса, клиентоориентированного подхода, вкусного напитка и уютных кофеен. НАША ЦЕЛЬ - СТАТЬ БРЕНДОМ №1 СРЕДИ СЕТИ КОФЕЕН!В СВЯЗИ С АКТИВНЫМ РАЗВИТИЕМ, МЫ ПРИГЛАШАЕМ ТЕБЯ ПРИСОЕДИНИТЬСЯ К НАМ В КАЧЕСТВЕ БАРИСТА.В обязанности Бариста входит:  Приветствие гостей Приготовление напитков согласно стандартам Grееn Ноusе Работа с кассой Поддержание чистоты и порядка для комфортного пребывания посетителей Прием продуктов от поставщиков Проведение инвентаризации  Мы ждём от тебя:  Вежливое и дружелюбное отношение как к нашим гостям, так и к своим коллегам Аккуратность и чистоплотность Желание развивать навык многозадачности и скорость выполнения задач Готовность работать не менее 40 часов в неделю И конечно же, любовь к кофе, к его аромату и вкусу :)  В свою очередь, мы предлагаем следующие условия:  Своевременная выплата заработной платы 2 раза в месяц Ставка у начинающего Бариста - от 350 руб/час(+ индексация ставки по результатам работы) Посменная работа: утренняя смена с 8:00 до 14:30 Обучение за счёт компании, помощь в адаптации Возможность влиять на свой доход Предусмотрены выплаты премии Компенсация медицинской комиссии Скидки для сотрудников на продукцию Бесплатный напиток в смену Молодая и дружная команда  В Grееn Ноusе находят друзей, обучаются у лучших, развиваются, растут до управляющего и даже становятся собственниками кофеен. Мы вместе создаем наше будущее. Откликнись на эту вакансию или позвони. Возможно, мы ждём именно тебя в нашу команду Grееn Ноusе:)"
"Бариста-бармен в ресторан ""Вадваре""",https://hh.ru/vacancy/118038173?query=%D0%B1%D0%B0%D1%80%D0%B8%D1%81%D1%82%D0%B0&hhtmFrom=vacancy_search_list,"от 80 000 до 100 000 ₽ за месяц,  до вычета налогов",Не указана,"Ресторан «Вадваре» (рекомендован гидом GreatList) приглашает на работу профессионального бариста-бармена.   Ценим качество, внимание к деталям и высокий уровень сервиса. Если вы разделяете наши ценности, мы будем рады видеть вас в нашей команде.    Условия работы:  -Официальное трудоустройство по ТК РФ;  -График работы: 2/2 с 8:00 до 20:00 или с 11:00 до 23:00;  -Оклад 55 тыс + чаевые в конце каждого месяца (совокупный доход от 80.000 до 100.000); -Работа на рожковой кофемашине La Marzocco KB90; -Бесплатное питание (обед и ужин);  -Желание развиваться в сегменте HoReCa.   Обязанности:  - Подготовка рабочего места к открытию/закрытию;  - Приготовление кофейных и авторских напитков по тех. карте;  - Поддержание чистоты и порядка на рабочем месте;  - Обеспечение высокого уровня сервиса в условиях высокой загрузки;  - Работа с кассовой системой iiko (обучим).   Требования:  - Опыт работы бариста или барменом от 8 месяцев; - Владение базовым латте-арт;  -Умение работать в режиме многозадачности; - Ответственность, пунктуальность и внимательность к деталям;  - Грамотная речь, доброжелательность;   Мы ждем кандидатов, которые ценят качество и стремятся к совершенству в своей работе.   Адрес: м. Фрунзенская, ул. Ефремова, д.10к1"
Старший Бариста / Бариста,https://hh.ru/vacancy/118264966?query=%D0%B1%D0%B0%D1%80%D0%B8%D1%81%D1%82%D0%B0&hhtmFrom=vacancy_search_list,"от 75 000 до 100 000 ₽ за месяц,  на руки",Не указана,"Обязанности: -Работа по стандартам сети кофеен «Груша» -Более подробно расскажем на собеседовании  -Быть красивым и нежным пирожочком Требования: - Не закатывать глазки при «эКспрессо», сами через это проходили, с пониманием - Выполнять должностную инструкцию сети кофеен ""Груша"" - Полная чистота на рабочей зоне! - Доп. продажи вкуснейших десертов (дегустация предоставляется, даже не списанки!) Условия: -Премии сразу после прохождения стажировки  - Питание 3 раза в день, как в саду, только еще и платят  - Бесплатные тренинги по повышению квалификации, от чемпиона международной сети кофеен «Груша» по латте-арту -Бесплатная капучинка на всех этапах работы ☕️ (так и быть) -Так же у нас есть крутые развлекательные каналы для бариста, о которых узнаете при первом выходе на работу   -ЗП 2 раза в месяц, чаевые и поцелуй-ка в лобик от управляющего каждый день!"
Бариста,https://hh.ru/vacancy/117652915?query=%D0%B1%D0%B0%D1%80%D0%B8%D1%81%D1%82%D0%B0&hhtmFrom=vacancy_search_list,"от 60 000 до 110 000 ₽ за месяц,  на руки",Не указана,"Приглашаем активных людей на должность бариста!Кто мы? Ceть кoфеен ""ПАH КРУАСCАH""! Мы - это c oгpомной cкоpoстью paзвивaющaяcя сeть фoрматa ""to gо"", а наши coтрудники - этo мастера cвoего дела! ☕️ Мы предлагаем: ✔️ Почасовую оплату труда,еженедельные выплаты, премии и полный соц. пакет - оплачиваемые больничные и отпуска;✔️ Вкусное питание, удобную форму и мед. книжку за счет компании;✔️ Возможность начать свой путь в кофейной индустрии и стать профи;✔️ Удобный график и местоположение, все наши кофейни находятся возле метро, а работу можно совмещать с учебой;✔️ Обучение с нуля в нашем учебном центре под контролем опытного шеф-бариста;✔️ Коллектив молодых амбициозных ребят;✔️ Наставничество от опытных бариста, помощь на первых этапах;✔️ Карьерный рост внутри компании. Мы выращиваем руководителей, а не нанимаем извне! Для кандидатов с опытом есть возможность стать наставником! Наши наставники обучают ребят без опыта и получают 2 тыс. за каждого аттестованного сотрудника. В среднем 10 чел. в месяц = 20 тыс премия к зп. Оставляйте свой отклик или звоните по номеру в объявлении, мы рады ответить на все Ваши вопросы и подобрать лучшую кофейню для работы!"
Бариста/Сотрудник кофейни,https://hh.ru/vacancy/118551717?query=%D0%B1%D0%B0%D1%80%D0%B8%D1%81%D1%82%D0%B0&hhtmFrom=vacancy_search_list,"от 50 000 ₽ за месяц,  на руки",Не указана,"Привет, дорогой кандидат! Мы - сеть уютных кофеен Krunchy Dream, где каждый гость сможет попробовать разнообразные пончики с уникальными вкусами и ароматами, а также насладиться чашечкой любимого кофе или освежающим напитком. Наша компания с большим уважением относится к каждому гостю нашей кофейни и стремится создать дружный коллектив. Сейчас мы активно ищем бариста, который станет неотъемлемой частью нашей команды и будет с теплотой и заботой угощать наших посетителей! Чем предстоит заниматься: - общение с гостями, соблюдение корпоративных стандартов сервиса и гостеприимства; - прием и сбор заказов; - приготовление напитков; - работа с кассовым оборудованием; - поддержание чистоты на рабочем месте; Мы ждём в нашу команду: - коммуникабельных, энергичных, пунктуальных, ответственных; - если у тебя есть опыт или его нет, но ты очень хочешь попробовать! Мы предлагаем: - оформление, отпуск, больничный по ТК РФ; - почасовая оплата + премия % от продаж, выплаты без задержек; - гибкий, удобный график работы; - 3/4; работа в выходные дни; утренние смены; вечерние смены - возможность совмещать с учебой; - территориально удобное расположение кофейни; - оплачиваются медицинские осмотры(повторные); Дополнительные преимущества: - карьерный рост и обучение; - отсутствие штрафных санкций; - премии за трудоустройство друзей в компанию - оплата дополнительных смен; - предоставление униформы; - постоянная работа в стабильной компании; - предоставление питания (пончики и напитки); - еженедельно дюжина пончиков ассорти в подарок. Ждем Ваших отликов!"
Бариста,https://hh.ru/vacancy/117750958?query=%D0%B1%D0%B0%D1%80%D0%B8%D1%81%D1%82%D0%B0&hhtmFrom=vacancy_search_list,"от 70 000 до 100 000 ₽ за месяц,  на руки",Не указана,"Развивающаяся сеть кофеен COFFEEGRAM ищет ответственных бариста Что от тебя требуется: - Опрятный внешний вид - Ответственность и пунктуальность - Соблюдение чистоты на рабочем месте - Умение быстро обучаться и желание развиваться в кофейной сфере Мы готовим следующие напитки: Кофе, Бабл Ти, Лимонады, Чаи - если с чем то не сталкивались - обучим! Открыты вакансии в две кофейни: 1. Измайловский Вал 2 (метро семеновская) 2. ул. Миклухо-Маклая 11б (метро Университет Дружбы Народов, Беляево, Юго-Западная) У нас дружный коллектив, уважительное отношение к каждому члену команды. Мы предлагаем достойную заработную плату от 70 000р в месяц + % от выручки. Стабильная оплата труда раз в неделю. Ждем Вас на собеседование, так же можете отдельно пообщаться с нашими бариста, убедиться в качестве нашей работы с Вами и оплате труда! Пишите самые ответственные и с большим желанием к развитию."
Продавец-бариста в команду открытия кафе (French Bakery),https://hh.ru/vacancy/118495746?query=%D0%B1%D0%B0%D1%80%D0%B8%D1%81%D1%82%D0%B0&hhtmFrom=vacancy_search_list,"от 120 000 ₽ за месяц,  на руки",Не указана,"FRENCH BAKERY - это не только всегда свежая, вкусная выпечка и ароматный кофе, но и твоя дорога к успешному началу карьеры, росту и развитию вместе с нами!Мы растем, и ты растешь. Если у тебя амбиции, стремления к самореализации и ты ищешь стабильности, то тебе точно к нам! В связи с открытием новых точек мы ищем самого лучшего, заряженного на успех и развитие Продавца-Бариста в команду открытия новых кофеен!Мы тебе доверим:Организация рабочего процесса при открытии новых кофеен;Оптимизация эргономики пекарни;Обучение бариста (стажеров) в новых кофейнях, помощь в адаптации новых сотрудников;Контроль остатков, помощь в планировании заказов;Полноценная работа в кофейне в качестве бариста;Приготовление напитков согласно рецептуре и стандартов компании;Достижение целевых, финансовых показателей (выручка, средний чек);Оформление витрин, контроль сроков хранения, участие в инвентаризации.Работа в системе IIKO.Что мы ждем от тебя?Умения готовить напитки согласно стандартам компании;Опыт работы бариста от 6 месяцев;Базовые навыки латте-арта, умение работать с альтернативными методами заваривания (будет плюсом);Соблюдения санитарных норм на рабочем месте, контроль сроков хранения;Опыт обучения персонала от полугода;Вовлеченности в профессию;Клиентоориентированность;Позитива, целеустремленности, стремления к развитию.Мы предлагаем тебе:График: полный день 2/2, 5/2 (не больше 12-13 часов в смену) - от 5500 за смену.Обучение за счет компании (стажировка с наставником(оплачиваем), интересные тренинги по сервису и кофе, тренинги на повышение квалификации);Помощь в оформлении медицинской книжки;Стабильность: Официальное оформление и своевременные выплаты заработной платы;Развитие: от бариста до директора!Подарки за успешную работу;Скидку 50% на всю продукцию сети.Все подробности на собеседовании! Откликайся на вакансию или напиши в WhatsApp!"
Бариста в Правда кофе (м.Савёловская),https://hh.ru/vacancy/117986839?query=%D0%B1%D0%B0%D1%80%D0%B8%D1%81%D1%82%D0%B0&hhtmFrom=vacancy_search_list,"от 70 000 до 80 000 ₽ за месяц,  на руки",Не указана,"Правда Кофе – это амбициозная сеть кофеен с собственным производством, лидирующая на рынке более 13 лет. Наше зерно относится к высшей категории по шкале оценки SCA. Компания стремительно масштабируется, в сети сейчас 150 кофеен, успешно развивающихся в Москве и в Санкт-Петербурге. В команде Правда Кофе работают звёздные тренера – чемпионы России и мира в сфере кофе. Работа в Правда Кофе — это✅Бесплатное обучение с гарантией трудоустройства✅Удобная локация работы✅Возможность стать наставником и повысить грейд✅Навыки профи бариста и операционного менеджмента✅Свобода самовыражения✅Участие в чемпионатах с материальным поощрением✅Возможность открыть своё дело: путь от бариста до предпринимателя Мы предлагаем: - заработную плату ставка 295 руб - 340 руб/ч - график работы: 2/2; 5/2 (смены по 8 -12 часов),- бесплатные комплексные обеды для сотрудников- удобное месторасположение кофейни ,в шаговой доступности от метро- бесплатное обучение в собственной Школе Бариста Coffee Workshop- оплата медицинской книжки- бесплатная униформа- материальное поощрение за участие в чемпионатах и внутренних конкурсах- премии по итогам года- премия ""Приведи друга"" 10000 руб. Вам необходимо будет: - Создавать позитивную атмосферу в кофейне; - Предоставлять гостям высокий уровень сервиса и быстрое обслуживание; - Качественно готовить кофе и другие напитки по технологии; - Внимательно и аккуратно работать с кассой; - Поддерживать чистоту и порядок в кофейне; Вакансии открыты в разных локациях Москвы, мы подберём наиболее удобную для вас по расположению и графику кофейню индивидуально. Сейчас открыты вакансии на: м. ВДНХ, м. Менделеевская/Новослободская, м. Ботанический сад, м. Площадь Ильича, м. Маяковская, м. Бауманская, м. Румянцево, м. Деловой центр, м. Динамо, м. Кутузовская, м. Парк Культуры, м. Дмитровская, м. Черкизовская, м. Савеловская/Белорусская, м. Электрозаводская. Для записи на собеседование откликайтесь на вакансию или пишите TG @CentrPodboraPravda Хорошего дня! * Приветствуется, но не обязателен опыт в компаниях: Cinnabon, ВкусВилл, Stars coffee, Coffee Point, КуллКлевер, Дабл Би, Лавка братьев Караваевых, Шоколадница, Брусника, Тchibo, Кофемания, Бодрый день, Cofix, One&Double, Гурманика, Перекрёсток, One Price Coffee, Skuratov Coffee, Кофе хауз, Буханка, Coffee Like, Глобус, Coffee Way на вакансиях: бариста, бармен, официант, помощник бармена, кассир, пекарь, продавец, кассир и других"
Официант / бариста,https://hh.ru/vacancy/118455872?query=%D0%B1%D0%B0%D1%80%D0%B8%D1%81%D1%82%D0%B0&hhtmFrom=vacancy_search_list,"от 70 000 до 80 000 ₽ за месяц,  до вычета налогов",Не указана,"Венская сеть кофеен COFFEESHOP COMPANY приглашает Официантов / Бариста в свою дружную команду на постоянную работу. Требования: Требования к кандидату: 1. Опыт работы в свере общепита приветствуется. 2.бесплатное обучение для начинающих кандидатов в данную сферу. 2. Опрятный внешний вид и грамотная русская речь; 3. Ответственность; 4. Аккуратность; 5. Вежливость; 6. Внимательность; 7. Пунктуальность;   Обязанности: 1. Приготовление холодных и горячих напитков по тех. картам; 2. Открытие и закрытие кофейни; 3. Умение настраивать помол; 4. Поддержание чистоты в кофейне. 5.Принимать участие в жизни кофейни. При себе иметь мед книжку Зарплата: Минимальные условия: график 2/2 или 5/2!так же есть возможность подстроить график под вас, ставка для начинающего бариста 3000р + премия за свою смену + премия в конце месяца, чаевые в конце рабочего дня ежедневно за свою смену. Стремительный карьерный рост «шеф, менеджер»  Грамотная речь Умение работать в команде Доброжелательность Ответственное отношение к работе Консультирование посетителей по ассортименту кофейни. Обслуживание посетителей за столиками. Поддержание чистоты на рабочем месте Работа с кассой  Опыт работы в сфере обслуживания будет Вашим преимуществом. Мы предлагаем:  Обучение в процессе работы. Дружный коллектив профессионалов, атмосфера взаимовыручки. Официальное трудоустройство, отпуска, больничные. Выплата заработной платы 2 раза в месяц, без задержек. Возможность карьерного и профессионального роста.  Сменный график работы:  5/2 с 09:00 до 16:00 выходные плавающие 2/2 с 10:00 до 22:00/23:00 5/2 с 16:00 до 22:00/23:00 выходные плавающие сотрудник выходного дня, суббота и воскресенье 10-12 часов"
Бариста/Старший бариста,https://hh.ru/vacancy/117986910?query=%D0%B1%D0%B0%D1%80%D0%B8%D1%81%D1%82%D0%B0&hhtmFrom=vacancy_search_list,"от 80 000 до 100 000 ₽ за месяц,  на руки",Не указана,"Присоединяйтесь к нашей команде бариста в сеть Specialty кофеен F Coffee! Вы любите аромат свежесваренного кофе и общение с людьми? Тогда эта вакансия для вас! Мы ищем энергичного и общительного бариста, который станет частью нашей дружной команды. Мы — современная кофейня, расположенная на спортивном объекте, где каждый день кипит жизнь и царит атмосфера дружелюбия и гостеприимства. Присоединяйтесь к нам и станьте частью нашей истории успеха! Новая кофейня с современным оборудованием и оснащением. Лояльное и адекватное руководство, спокойный режим работы, тихие уютные и комфортные рабочие места, компенсация питания, надежная крупная компания, позитивная атмосфера и отличная сплоченная команда! Требования: Владение всеми навыками баристаОпыт работы с кассойОтветственностьИсполнительностьЖелание расти и развиватьсяПозитивность и теплое отношение к гостям Условия работы: Гибкий график работы (2/2 или 5/2, плавающий, на выбор, всегда можно поменяться) График работы с 8.00-21.00Бесплатное обучение и тренинги по повышению квалификацииРазвитая корпоративная культураЗаработная плата от 380 ₽/час бариста + ежемесячные премии, бонусы. Есть дополнительная мотивационная программа.Оплата с первого дня начиная со стажировкиВозможность карьерного и зарплатного ростаЧистые и прозрачные отношения Это место которое вы искали! Ждём вас!"
Бариста в кофейню One Price Coffee (м.1905 года),https://hh.ru/vacancy/117749619?query=%D0%B1%D0%B0%D1%80%D0%B8%D1%81%D1%82%D0%B0&hhtmFrom=vacancy_search_list,"от 80 000 ₽ за месяц,  на руки",Не указана,"Требуемый опыт работы: не требуется Полная занятость, гибкий график Возможна подработка: по выходным Привет, на связи OnePrice Coffee! Ты 100% нас знаешь, как самую крупную и классную сеть кофеен Москвы! И мы ищем именно тебя в нашу сильную, дружественную и уютную компанию, где все наши бариста готовы прийти на помощь друг к другу, поддержать и помочь вырасти до профессионала. Нет опыта работы? Не страшно ! Мы научим тебя варить вкуснейший кофе и дарить людям радость. Что тебя ждет:  В первую очередь это бесплатное профессиональное обучение в нашем учебном центре. Карьерный рост. С нашими ресурсами и твоими амбициями, сможешь дорасти до наставника и старшего бариста, и даже до управляющего. Гибкий график работы. Стабильная заработная плата 2 раза в месяц. Ставка 280р/час + премии Стильная и удобная форма. Напитки и еда за наш счёт. Официальное трудоустройство по ТК РФ. Компенсация медицинской книжки в полном размере Полностью оплачиваемая стажировка  А также:  Постоянное профессиональное развитие: кофейные мастер-классы и тренинги; Возможность участвовать в соревнованиях бариста, придумывать и воплощать в жизнь вкусы для сезонных напитков. Постоянная связь с командой сети. Тебя не бросят, всегда помогут и ответят на вопросы.  Мы пересмотрели стандарты обучения, подняли часовую ставку и добавили бонусы для наших сотрудников! А так же начали обновлять внешний вид кофеен и делать их удобными для работы наших сотрудников. Каким мы видим нашего бариста:  Опыт работы бариста приветствуется, но не обязателен. У нас есть все ресурсы, чтобы сделать тебя профи. Искренняя открытость к людям, легкость в общении и безусловная любовь к кофе. Желание расти и развиваться. Умение работать в команде. Пунктуальность, честность, ответственность, отзывчивость. Наличие медицинской книжки (или готовность её сделать).  Что нужно будет делать:  Готовить лучший кофе в городе, согласно стандартам компании. Общаться с гостями и ориентировать по нашему меню. Работать с кассой (всему обучим, это не сложно). Поддерживать чистоту зала и рабочей зоны.  Наши бариста - это сердце кофейни! Если тебе откликаются наши ценности, то добро пожаловать в лучшую команду! Вакансии открыты в разных районах города."
Официант-бариста,https://hh.ru/vacancy/117613116?query=%D0%B1%D0%B0%D1%80%D0%B8%D1%81%D1%82%D0%B0&hhtmFrom=vacancy_search_list,"от 85 000 ₽ за месяц,  на руки",Не указана,"Приглашаем ОФИЦИАНТА в сетевое семейное кафе. Без опыта - МОЖНО! Отличная возможность начать карьеру в сфере общественного питания, расти и учиться в крупной и динамично развивающейся сети! Ваши задачи:  Встреча гостей, прием заказов, консультирование по меню Приготовление напитков (чай, кофе, лимонады) по простым и понятным техкартам Сервировка и обслуживание банкетов Участие в ген.уборках и инвентаризациях  В нашей команде ценятся:  Активность, пунктуальность и ответственность Доброжелательность и позитивный настрой Умение работать в команде  Для вас:  Обучаем официантов-бариста с ""нуля"" (стажировка) Наставничество на время обучения и стажировки Рабочий день с 9.00 до 22.00 (по количеству дней подберем индивидуально ) Смена 3500 -4000 руб. + чай+% от банкетов+ премии+1% от продаж Наши кафе находятся в разных районах Москвы  Опыт работы не обязателен! Активного и заинтересованного кандидата обучим с нуля."
Бариста (ТЦ Columbus),https://hh.ru/vacancy/109779966?query=%D0%B1%D0%B0%D1%80%D0%B8%D1%81%D1%82%D0%B0&hhtmFrom=vacancy_search_list,"от 85 000 ₽ за месяц,  на руки",Не указана,"TomiOmi – федеральная сеть бабл баров.Яркий и молодой бренд, который стремительно развивается на территории России.Мы гордимся качеством наших напитков и уровнем нашего сервиса.TomiOmi это бренд. А бренд – это люди, которые его создают.Поэтому наша главная ценность — это именно люди. Мы тщательно подходим к выбору сотрудников для нашей команды.Как попасть к нам в команду? Безусловно нужно быть позитивным человеком, любить людей, bubble tea и конечно же TomiOmi!Для нас работа в TomiOmi - это лайфстайл, место где мы находим друзей и единомышленников, получаем интересный опыт и раскрываем свой потенциал.Двигай к нам, если ты:● Опрятный (яркий внешний вид, пирсинг, татуировки? Мы только за!)● Ориентирован на Гостя и любишь работать с людьми● Любишь работать в активном режиме● Ответственный и честный● Умеешь работать в командеУ тебя нет опыта, но есть огромное желание? Мы научим!Почему работать у нас — это круто?● Молодая и веселая команда профессионалов, в которой каждый может реализовать себя;● Заработная плата без задержек (минимальный заработок-75.000т.р)● Оплачиваемая стажировка под руководством опытных бариста;● График сменный- плавающий (смены по 9-12 часов, согласуем удобный для тебя)● Бесплатное корпоративное питание;● Стильная форма;● Корпоративная скидка 25% в заведениях-партнерах;● Реальная возможность карьерного роста и развития в Компании;● Оформление по ТК РФ.● Возможность совмещать с учебой.Что нужно делать?● Обслуживать Гостей за кассой и создавать им отличное настроение;● Качественно готовить напитки из меню согласно ТТК;● Соблюдать нормы санитарии , поддерживать чистоту и соблюдать стандарты;Мы ждем тебя в нашу суперсемью TomiOmi!Твоим преимуществом будет опыт работы в таких компаниях - КФС, Вкусно и Точка, Бургеркинг, DoDo пицца, OnePriceCoffee, OneDoubleCoffee, CoffeeLike, Кофемания и т.д."
Бариста в кофейню,https://hh.ru/vacancy/117891382?query=%D0%B1%D0%B0%D1%80%D0%B8%D1%81%D1%82%D0%B0&hhtmFrom=vacancy_search_list,"от 50 000 до 100 000 ₽ за месяц,  на руки",Не указана,"Ищу активных, позитивных людей, желающих работать и развиваться в сети кофейн.Компания на рынке с 2018 года. Стабильно развивается, ранее была Costa Coffee, сейчас BRUNGI BRUN'​​​​​​​S COFFEE, в честь щенка мальтипу, который безумно любит кофе! Наша кофейня требует реализации совместных творческий идей, что нам даст плодотворные результаты. Со своей стороны гарантирую, максимальное вовлечение и поддержку. Выполнение планов поощряется отдельными бонусами.Желательно, чтобы имелся опыт. Но, можно и без опыта, обучим (стажировка оплачивается). Должностные обязанности:  выполнение стандартов по приготовлению блюд и напитков; работа на кассе; поддержание чистоты рабочего места в течение смены.  Требования:  грамотная речь; умение устанавливать контакт и дружеские взаимоотношения с гостями; опыт работы не обязателен; желание обучаться, ответственность, аккуратность, умение работать в команде.  Мы предлагаем:  гибкий график работы; оформление по ТК; белую заработную плату; выплату заработной платы 2 раза в месяц (аванс/заработная плата); бесплатное обучение; полный социальный пакет - отпуск, больничный и т.п.; оформление мед. книжки за счет компании; бесплатное питание; униформу; интересную работу в дружной команде; карьерный рост - с тебя лишь стабильность и желание!  ПРИСОЕДИНЯЙСЯ К СИЛЬНОЙ КОМАНДЕ И РАЗВИВАЙСЯ ВМЕСТЕ С НАМИ!"
Бариста Surf Coffee x Mayak (м. Маяковская),https://hh.ru/vacancy/118546568?query=%D0%B1%D0%B0%D1%80%D0%B8%D1%81%D1%82%D0%B0&hhtmFrom=vacancy_search_list,"от 60 000 ₽ за месяц,  на руки",Не указана,"Surf Coffee® – это не просто кофейни. Это место встречи и знакомств, объединяющее единомышленников. И сейчас мы в поисках новых людей в нашу команду! У нас более 250 предприятий по всей стране и за ее пределами, есть свой музыкальный лейбл Propaganda Machine™, бренд уходовой косметики Mantra, а еще мы продаем винил, одежду, фотопленку и здоровые продукты собственного производства. Команда обжарщиков Наши партнеры Blue Hawaii Roast тесно взаимодействует с фермерами и станциями обработки кофе, благодаря чему наши гости пьют самые вкусные и качественные напитки. Surf Coffee® – постоянный партнер больших фестивалей (New Star Camp, Faces & Laces, PIR и др), а наши бариста – призеры и участники крупнейших кофейных чемпионатов. Мы предлагаем тебе стать частью нашей дружной команды и начать свой путь в компании с позиции бариста! Здесь ты сможешь:  Обучаться у профессионалов кофейной индустрии и обладателей сертификатов SCA в нашем Тренинг-центре; Участвовать в творческих, профессиональных и внутренних конкурсах с призами; Менять города и споты, в которых будешь работать; Развиваться в любом направлении деятельности Surf Coffee®; Или даже осуществить свою мечту: стать нашим партнером и вместе открыть новую кофейню.  Наша базовая ценность – это человек. Наш сотрудник или гость – это не имеет значения. Главное для нас – равенство всех членов команды и сплоченность ради общей цели. Условия:  Оплачиваемая стажировка 100% оплачиваемая мед. книжка Уникальная скидка на продукцию Surf Coffee® и группы компаний Рост вознаграждения при активном участии в жизни кофейни (ставка 300 р/час + % от продаж + премии) Возможность каждую рабочую смену попробовать напитки из меню + оплачиваемое питание Возможность выстроить свой график по системе пожеланий Работа на самом современном барном оборудовании Участие в дегустациях новых продуктов и в принятии решений об их вводе в меню Стильная коллекция одежды от бренда одежды Propaganda Machine™, в которой можно не только работать, но и наслаждаться ею в повседневной жизни  Твои будущие задачи:  Общаться в формате дружеской беседы с гостями Выполнять функции профессионального бариста Surf Coffee® Проводить операции на кассе Трудиться по выстроенному рабочему графику с наличием чек-листа для комфортного выполнения задач Участвовать в собраниях, где каждый может проявить инициативу и реализовать свои идеи  We Are Greater Than"
Бариста - хостес - бармен,https://hh.ru/vacancy/118094534?query=%D0%B1%D0%B0%D1%80%D0%B8%D1%81%D1%82%D0%B0&hhtmFrom=vacancy_search_list,"от 110 000 ₽ за месяц,  на руки",Не указана,"Обязанности:  * позиция взаимозаменяемая, в рамках рабочей смены - выполняются конкретные задачи, которые относятся либо к административному процессу, либо к работе за баром;  принятие броней, размещение гостей работа с кассой и облачной системой учета (quickresto) приготовление напитков по тех. картам поддержание чистоты и порядка в залах поддержание доброжелательной атмосферы в коллективе  Требования:  опыт работы на аналогичных должностях приветствуется свободный/гибкий график коммуникабельность ответственность  Условия:  график 2/2 или по договоренности (индивидуальный) ставка от 5.000руб/смена график смен составляется индивидуально в зависимости от предпочтений и договоренностей стажировка оплачиваемая (до 7 дней)    дневные смены:  вс-чт 14:00-00:00/02:00 пт-сб 14:00-00:00/02:00 вечерние смены: вс-чт 16:00-00:00/2:00 пт-сб 16:00-4:00   ♥ корпоративные скидки внутри заведения ♥ оплачиваемое корпоративное такси (Яндекс) ♥ коллективные снеки (печенье, фрукты и тд: еженедельно составляем списки по предпочтениям) ♥ любовь, понимание и забота"
Бармен-бариста,https://hh.ru/vacancy/117983759?query=%D0%B1%D0%B0%D1%80%D0%B8%D1%81%D1%82%D0%B0&hhtmFrom=vacancy_search_list,"от 90 000 ₽ за месяц,  на руки",Не указана,"Присоединяйся к команде Dizengof/99! Мы — сеть кафе израильской кухни. Нам уже 9 лет и сейчас мы стремительно растём: строим новые кафе и ищем новых коллег!  Наши условия: ✨ Стабильный доход:Гарантированная ставка 4600 руб/смена (на период стажировки 3600руб/смена)+ 10% чаевых официантов ⏰ Удобный график:Смены у нас по 12 и 14ч, мы вместе составим твоё комфортное рабочее расписание. Понимаем, как важно вовремя отдыхать Комфорт на работе:Обеспечим питанием и униформой, а также поможем с медкнижкой Карьерный рост:Мы с удовольствием поможем развиваться в профессии. Проводим тренинги для команды и всегда открыты к новым предложениям по обучению Команда:У нас всегда весело! Мы ценим свободу и индивидуальность, но всегда помним о профессиональном отношении к работе. — Если ты готов(а) принять вызов и стать частью нашей истории, отправляй свой отклик и совсем скоро мы будем с тобой в одной команде!"
Бариста в кофейню,https://hh.ru/vacancy/118263060?query=%D0%B1%D0%B0%D1%80%D0%B8%D1%81%D1%82%D0%B0&hhtmFrom=vacancy_search_list,"от 75 000 до 100 000 ₽ за месяц,  на руки",Не указана,"Компания Restopark Group это компания-основатель крупнейшей парковой сети кофеен ""Капучинофф"", парковых пиццерий и ресторанов ""Pizzamento"". И сейчас мы в поисках новых людей в нашу команду! Ты можешь стать частью нашей команды и начать с позиции профессионального Бариста. У нас более 30 предприятий в Москве и мы не останавливаемся на этом! Впереди много интересных проектов, которые ты можешь создавать с нами! Мы работаем в красивейших местах Москвы: парках Царицыно, Усадьбе Воронцово, парках Кузьминки, Садовниках, Бутово, Северном Речном Вокзале, в центре столицы на Тверской. От нас: -Обучение и наставничество от тренеров бариста. -Участие во внутренних конкурсах, скидки внутри компании. -Смена локации работы (при желании) -Развитие в любом направлении Restopark Group Условия: -Оплачиваемая стажировка -График работы 2/2, 5/2, 4/3, 6/1 с 09.30 до 21.30 -Рост вознаграждения при активном и ответственном участие в работе (Ставка 330р/час) -Ежедневно дегустация вкуснейшего кофе -Возможность гибкого графика -Участие в разработке и дегустации новых продуктов -Удобная одежда для работы -Оформление по ТК или по договору самозанятости Твои задачи: -Не опаздывать и работать по графику -Выполнение функций профессионального бариста -Работа с кассой -Общение с гостями -Работать по чек-листу -Сделать медицинскую книжку"
Бариста в кофейню Дринкит (м. Белорусская),https://hh.ru/vacancy/116553697?query=%D0%B1%D0%B0%D1%80%D0%B8%D1%81%D1%82%D0%B0&hhtmFrom=vacancy_search_list,"от 53 000 до 63 000 ₽ за месяц,  на руки",Не указана,"Дринкит – это современная кофейня с чутким сервисом, качественными авторскими напитками и удобным приложением. Гость легко может настроить всё на свой вкус и сделать заказ по пути в кофейню. А бариста не нужно принимать заказ на кассе, всё происходит через нашу IT-систему. Для старта у нас не нужен опыт: мы всему научим и дадим возможность развития в международной компании! Наши условия:   оформление по ТК РФ с первого дня, оплачиваемый отпуск и больничный;   гибкий график, его можно менять каждую неделю, от 3 смен в неделю;   смены от 6 часов, выбирай самостоятельно, сколько работать;   оплачиваемый перерыв, который мы не вычитаем из смены;   ставка бариста от 300 до 360₽/час на руки, можешь повышать её с развитием навыков;   скидка команды на еду и напитки в нашем приложении.   А еще мы:   сделаем тебе медицинскую книжку за наш счет;   предоставим удобную форму (футболка, фартук и кепка);   подключим к программе бесплатной психологической поддержки Alter;   прокачаем твою кофейную экспертизу - научим дегустировать черный кофе, разбираться в оттенках вкуса, настраивать кофейное оборудование, варить альтернативу и создавать латте-арт;   предоставим возможность развития и повышения, мы заинтересованы в каждом человеке;   будем звать на тренинги, мастер-классы и командные мероприятия в офис;   постараемся подобрать наиболее удобную для тебя кофейню на собеседовании.   В дринкит ты сможешь вырасти в бариста-профессионала, прокачать навыки кофейной экспертизы, получить развитие в международной компании и стать частью сплочённой команды!"
Бариста в сеть кофеен Coffee Way (м.Спартак),https://hh.ru/vacancy/118525570?query=%D0%B1%D0%B0%D1%80%D0%B8%D1%81%D1%82%D0%B0&hhtmFrom=vacancy_search_list,"от 65 000 до 80 000 ₽ за месяц,  на руки",Не указана,"СOFFEE WАY – федepальная сеть кoфейныx барoв пo всeй Pоccии c coбcтвенной обжаpкoй.В связи с открытиeм нoвыx точeк приглaшaем нa работу в свою команду бapистa. Обязанности:   приготовление кофейных и других напитков по стандартам/регламентам бренда;  вежливое, качественное и быстрое обслуживание гостей кофейни; работа с кассой; поддержание чистоты в кофейне; приёмка товаров  Требования:  наличие актуальной медицинской книжки/желание оперативно оформить возможность работать по графику 8:00-21:00 (полный день 2/2) приветствуется наличие релевантного опыта или опыта работы продавцом- консультантом  Условия:  стабильная заработная плата (300 руб./час + премия) дополнительный %%% от продаж работа в 3-5 мин от метро Корпоративное обучение Стильная униформа Возможности карьерного роста Скидки на продукцию сети. поможем с оформлением мед книжки"
Бариста в кофейню Дринкит (Утренние смены),https://hh.ru/vacancy/116557939?query=%D0%B1%D0%B0%D1%80%D0%B8%D1%81%D1%82%D0%B0&hhtmFrom=vacancy_search_list,"от 53 000 до 63 000 ₽ за месяц,  на руки",Не указана,"Дринкит – это современная кофейня с чутким сервисом, качественными авторскими напитками и удобным приложением. Гость легко может настроить всё на свой вкус и сделать заказ по пути в кофейню. А бариста не нужно принимать заказ на кассе, всё происходит через нашу IT-систему. Для старта у нас не нужен опыт: мы всему научим и дадим возможность развития в международной компании! Наши условия:   оформление по ТК РФ с первого дня, оплачиваемый отпуск и больничный;   гибкий график, его можно менять каждую неделю, от 3-4 смен в неделю;   смены от 6 часов, выбирай самостоятельно, сколько работать;   оплачиваемый перерыв, который мы не вычитаем из смены;   ставка бариста от 300 до 360₽/час на руки, можешь повышать её с развитием навыков;   скидка команды на еду и напитки в нашем приложении.   А еще мы:   сделаем тебе медицинскую книжку за наш счет;   предоставим удобную форму (футболка, фартук и кепка);   подключим к программе бесплатной психологической поддержки Alter;   прокачаем твою кофейную экспертизу - научим дегустировать черный кофе, разбираться в оттенках вкуса, настраивать кофейное оборудование, варить альтернативу и создавать латте-арт;   предоставим возможность развития и повышения, мы заинтересованы в каждом человеке;   будем звать на тренинги, мастер-классы и командные мероприятия в офис;   постараемся подобрать наиболее удобную для тебя кофейню на собеседовании.   В дринкит ты сможешь вырасти в бариста-профессионала, прокачать навыки кофейной экспертизы, получить развитие в международной компании и стать частью сплочённой команды!"
Бариста,https://hh.ru/vacancy/118222160?query=%D0%B1%D0%B0%D1%80%D0%B8%D1%81%D1%82%D0%B0&hhtmFrom=vacancy_search_list,"63 000 ₽ за месяц,  на руки",Не указана,"Варочная — это новая стильная кофейня в Москве. Мы стремимся создать уникальное пространство, где гости смогут насладиться высококачественным кофе и уютной атмосферой. Если ты страстный кофеман, профессионал своего дела или просто хочешь стать частью чего-то особенного, мы приглашаем тебя присоединиться к нашей команде!   Мы ищем:- Человека, который горит кофе: тебя увлекает мир кофе, ты знаешь о разных сортах, методах заваривания и умеешь создавать вкусные напитки или хочешь этому научиться.- Коммуникабельного и дружелюбного: ты легко находишь общий язык с людьми, любишь общаться и создавать позитивную атмосферу.- Ответственного и аккуратного сотрудника: ты внимателен к деталям, соблюдаешь стандарты качества и чистоты на рабочем месте.- Быстро обучаемого и нацеленного на результат: ты готов осваивать новые навыки и стремишься к совершенствованию своих умений.- Мы будем рады, если у тебя уже есть навыки работы с кофе, это поможет тебе быстрее вырасти! Если нет, всему обучим. Обязанности:- Приготовление различных кофейных напитков в соответствии со стандартами компании.- Работа с кассовым аппаратом.- Консультирование гостей по ассортименту кофе и напитков.- Поддержание чистоты и порядка на рабочем месте.- Участие в инвентаризации.- Соблюдение стандартов обслуживания гостей. Мы предлагаем:- Работу в стильной и современной кофейне.- Возможность быстрого и профессионального роста.- Конкурентную заработную плату, обсуждается индивидуально в зависимости от опыта и навыков, опытный сотрудник зарабатывает 300 руб/час после вычета!- Официальное трудоустройство.- Гибкий график работы (обсуждается индивидуально).- Дружный и профессиональный коллектив.- Бесплатное обучение и повышение квалификации.- Скидки на продукцию кофейни. Если ты готов стать частью нашей команды и разделить с нами любовь к кофе, откликайся!"
Бариста-бармен в ресторан «Americano»,https://hh.ru/vacancy/118343383?query=%D0%B1%D0%B0%D1%80%D0%B8%D1%81%D1%82%D0%B0&hhtmFrom=vacancy_search_list,"от 75 000 до 125 000 ₽ за месяц,  на руки",Не указана,"Обязанности:Ежедневная подготовка бара к бесперебойной качественной работеПриготовление напитков по тех картам, коктейли, лимонады, смузи, шейки, особенно кофеЕжедневный заказ на барПроведение ежемесячной инвентаризацииТребования:• Активность , стрессоустойчивость, позитивный настрой• Желание расти и развиваться вместе с нами• Инициативность , если у тебя действительно есть крутые идеи, будь уверен они не останутся без внимания• Мед книжка или готовность её сделать в кратчайшие сроки• Можно с минимальным опытом, всему научим.Условия:• Шаговая доступность от метро , работа в 3 минутах от станции Славянский бульвар• Ставка 5 000₽ + 10% чая от официантов• с 08:00 до 22:30 (14,5ч)• При надобности оформление по ТК РФ• Оплата труда 2 раза в месяц аванс и зарплата• Бесплатное вкусное трёх разовое питание + 50% скидка на всё меню• Мы выдаём тебе стильную униформу"
Бариста,https://hh.ru/vacancy/117551602?query=%D0%B1%D0%B0%D1%80%D0%B8%D1%81%D1%82%D0%B0&hhtmFrom=vacancy_search_list,"от 90 000 до 120 000 ₽ за месяц,  на руки",Не указана,"В ТЦ ""Савеловский"" ищем Бариста для приготовления кофе. Формат заведения - кофе с собой. Мы предлагаем:  Работу в стабильной компании. Более 10 лет на рынке общественного питания. Гражданство не имеет значения. Официальное трудоустройство по ТК РФ. Оплату отпуска, больничных. Стабильную и своевременную заработную плату 2 раза в месяц. График работы 2/2, 5/2, с 9.00 до 21.00: оплата 1 смены 3 900 руб. + % от выручки + чай. Совокупный доход от 4 000 - 6 000 руб. за смену. Чистое, уютное рабочее место работы! Расположение - в шаговой доступности от м. Савеловская, 5 минут пешком. Бесплатное питание (завтрак, обед).  Обязанности:  Внимательное и вежливое обслуживание гостей. Приготовление холодных и горячих напитков. Работа на кассе.  Требования:  Опыт работы в аналогичной должности от 6 месяцев (рожковая кофемашина). Доброжелательность, аккуратность. Наличие медицинской книжки или готовность её сделать. Если Вы хотите работать в дружеской атмосфере - это работа для Вас.  Ждём Вас в нашей команде."
Бариста (стажер),https://hh.ru/vacancy/118381789?query=%D0%B1%D0%B0%D1%80%D0%B8%D1%81%D1%82%D0%B0&hhtmFrom=vacancy_search_list,"от 80 000 до 100 000 ₽ за месяц,  на руки",Не указана,"Популярная сеть бабл ти JINJU открывает набор на позицию бариста-кассир! Мы активно развиваемся и собираем команду, готовую развиваться и расти вместе с нами. Будем рады видеть тебя: Если ты открыт к новым идеям и новым возможностям. Если ты хочешь создавать с нами уникальный продукт. Даже если ты без опыта работы, но заряжен и готов пробовать, мы поможем стать профессионалом!   Обязанности: Приготовление напитков по тех карте; Обслуживание гостей; Работа с кассой; Поддержание порядка и чистоты на рабочем месте. Требования: Опрятный внешний вид; Открыты к обучению и развитию. Условия: Профессиональное бесплатное обучение по стандартам компании (теория и практика с наставником); Оплата почасовая (333р/час); Стабильная заработная плата 2 раза в месяц; Гибкий график, плавающие выходные, смены по 8-12 часов; Скидка на продукцию; Возможность карьерного роста; Дружный коллектив; Возможность совмещать работу с учебой.   Все локации находятся в центре Москвы, легко и удобно добираться. Мы ждем тебя в нашу дружную команду JINJU!"
Бариста в кофейню Croc Coffee,https://hh.ru/vacancy/117906738?query=%D0%B1%D0%B0%D1%80%D0%B8%D1%81%D1%82%D0%B0&hhtmFrom=vacancy_search_list,"от 90 000 до 105 000 ₽ за месяц,  на руки",Не указана,"Croc Coffee - кофейня to go-формата в бизнес-центре одной из крупнейших IT-компаний России «Крок Инкорпорейтед».   В нашей команде есть место для одного профессионального бариста, ответственного, инициативного сотрудника.   Обязанности: ▸ Приготовление кофейных и других напитков согласно рецептур кофейни ▸ Работа с системой quick resto и простейшая электронная отчетность ▸ Поддержание чистоты и порядка на рабочем месте ▸ Прием поставок (порой довольно тяжелых) ▸ Поддержание беседы с гостем, консультация по меню   Требования: ▸ Опрятный внешний вид ▸ Ответственность, инициативность и внимательность ▸ Доброжелательность и внимание к гостям, грамотная речь и умение поддержать разговор ▸ Умение находить общий язык с напарником, слаженно и быстро работать на потоке ▸ Опыт работы от полугода ▸ Твердый навык настройки помола, грамотное взбивание, базовый латте-арт, время отдачи напитка – 1-2 минуты   Условия: ▸ График 5/2 по будним дням (мы подстраиваемся под график работы БЦ и другой график предложить не можем) ▸ Режим работы: с 8:45 до 20:15, есть часовой перерыв на обед ▸ Стабильная оплата два раза в месяц (25 и 10 число) ▸ Работа в паре на интенсивном потоке ▸ Оплата фикс 2500₽ + 3% процента от выручки, выходит 4200₽-4700₽/смена     ВАЖНО: ближайшие несколько месяцев кофепоинт не будет подключен к мокрой точке, работаем на баллонах. Они меняются единожды в день. В стойке есть ринзер, недалеко – комфортное пространство с раковиной.    P.S. Нас нельзя найти на Яндекс Картах — мы находимся в закрытом для прохожих людей бизнес-центре и работаем только для сотрудников и гостей компании Крок Инкорпорейтед."
Бариста,https://hh.ru/vacancy/118095513?query=%D0%B1%D0%B0%D1%80%D0%B8%D1%81%D1%82%D0%B0&hhtmFrom=vacancy_search_list,"от 60 000 до 80 000 ₽ за месяц,  на руки",Не указана,"Привет! Мы дружная команда k-style кафе 2Bulki, и сейчас мы находимся в поиске бариста. 2bulki - кафе-пекарня полного цикла. Наш фокус - вкусный кофе, выпечка и сэндвичи в корейском стиле.  Мы находимся в 3 минутах пешком от метро Площадь Ильича/Римская на территории нового, динамично развивающегося бизнес кластера PANGEA. Будем рады видеть в своей команде людей, которые разделяют наше увлечение кофе и свежей выпечкой. Что мы ожидаем от вас:  Опыт работы с кофе Умение работать в условиях потока клиентов Приветливость и открытость к общению  Что будет входить в обязанности:  Приветствие гостей и помощь в выборе блюд и напитков Прием, сбор заказа, приготовление напитков, выдача заказа Выкладка на витрину, внимание к чистоте в барно-кассовой зоне Информирование гостей о специальных предложениях  Условия:  Официальное трудоустройство, своевременные выплаты Сменный график 2/2, или 4/2 Оплачиваемая стажировка Ставка 4 000 на руки за смену + чаевые Дружный коллектив 3 минуты пешком от метро Площадь Ильича/Римская"
Бариста,https://hh.ru/vacancy/117682517?query=%D0%B1%D0%B0%D1%80%D0%B8%D1%81%D1%82%D0%B0&hhtmFrom=vacancy_search_list,"до 110 000 ₽ за месяц,  на руки",Не указана,"Мы молодая и успешно развивающаяся сеть кофеен, которая с любовью дарит широкий ассортимент вкусных авторских напитков и отличное настроение каждому гостю! Наши кофейни - это про открытость, креативность и раскрепощенность, а также вкусный кофе и нетривиальные сочетания! Ждем тебя в нашей команде единомышленников, где есть все возможности проявить свои таланты. Нам по пути, если ты:  Кайфуешь от общения с людьми; Обладаешь крутыми навыками продаж и нацелен на увеличение товарооборота кофейни; Можешь поддерживать контакт с постоянными гостями, а также с легкостью привлекать новых; Умеешь готовить вкусный кофе или готов обучиться чему-то новому; Знаешь, как поднять настроение не только себе, но и окружающим; Готов развиваться и достигать новых высот вместе с нами.  Чем тебе предстоит заниматься:  Готовить авторские напитки, разумеется, не забывая про классику; Заниматься развитием кофейни и работать над узнаваемостью бренда; Принимать активное участие в дегустациях новых позиций; Проходить обучение в тренинг-центре для регулярного апгрейда своих скиллов; И, конечно же, соблюдать чистоту и порядок на рабочем месте.  Что мы предлагаем:  Оплачиваемую стажировку - 300р/час (до 2-х недель); Работу рядом с метро Нагатинская или Новые Черемушки; Гибкий график работы: 7/0, 5/2, 3/3, 2/2 и тд., смены от 8 до 13 часов на выбор; Часовую ставку 330-350р (повышается в зависимости от навыка продаж); Ежемесячную премию по результатам работы; Возможность карьерного роста (бариста-старший бариста-администратор); Стильную и удобную униформу.  Если ты ищешь место, где хотел бы получить не только ценные знания, но и возможность реализовывать их на деле - наш френдли коллектив ждет тебя!"
Бариста,https://hh.ru/vacancy/105798333?query=%D0%B1%D0%B0%D1%80%D0%B8%D1%81%D1%82%D0%B0&hhtmFrom=vacancy_search_list,"от 70 000 ₽ за месяц,  на руки",Не указана,"Сеть кафе STAR HIT CAFE - стабильно развивающийся российский бренд с многолетней историей, основанный на сочетании отличных идей, грамотных управленческих решений и стремлении быть лучшими в своем деле.STAR HIT CAFE в нескольких словах – отличные люди, превосходный кофе и атмосфера.Мы в поисках Бариста, которые любят кофе, атмосферу и общение. Для работы с нами не требуется опыт, мы всему научим!Мы гарантируем:Стабильность и растущий доход.Почасовая ставка 270 р/часЕжемесячная премия 10% при выполнении плана продаж.Пример:После обучения можно выбрать любой график работы, по 4,6, 8 часов, либо:- 5\2 по 13 часов (1 час перерыв): твой доход до премии - 72 000₽ на руки, с премией - 80 000₽ на руки.- 5\2 по 8 часов (30 минут перерыв): твой доход до премии - 45 000₽ на руки, с премией – 50 000₽ на руки. Либо любой другой индивидуальный график с высоким постоянным доходом!     Полное соблюдение ТК РФ. Учебный/ежегодный отпуск, оплачиваемый больничный. Удобный график. Полная/частичная занятость. График выходного дня. Мы готовы предоставить график от 4 часов в день (в любое время) Обучение и развитие. Корпоративное обучение с первого дня, возможность построить карьеру. Развивать свои лидерские качества или мастерство кофеварения. Индивидуальность. У нас нет строгой формы: любимая одежда, макияж, маникюр. Оставайся собой вместе с нами.   Бонусы:    Бесплатные напитки. 30% скидка на продукцию Бренда. 100% компенсация затрат на медицинскую книжку. Чек-ап здоровья с персональной скидкой. 65% скидка на курсы от SKILLBOX Персональная скидка на спортивные абонементы от FITMOST Подарки на день рождения, мерч в честь праздников! Тренинги и развивающие мероприятия. Насыщенная корпоративная жизнь: сезонные корпоративы летом и зимой. Море угощений: дни напитков, сладкие дни, пицца-party!    Тебя ждёт молодая команда профессионалов, в которой легко работать и строить карьеру. Работа бариста - это делать жизнь людей ярче каждый день! Ты будешь готовить кофе, общаться с гостями, создавать теплую атмосферу, работать на кассе, поддерживать чистоту и порядок в кафе.Мы ждем именно тебя. Давай вдохновлять и впечатлять гостей вместе ❤ Наши кафе находятся по адресам: м. Кузнецкий Мост, улица Кузнецкий Мост, 18/7 строение 1 (от метро 2 минуты пешком) м. Фили, Багратионовский пр. д. 5, ТЦ ""Филион"", фуд-корт, 3 этаж м. Шаболовская, ул. Шаболовка, 31Г ( на пересечении улицы Шаболовка и Конного переулка) м. Деловой центр, Пресненская наб., 2, ТРЦ ""Афимолл"", 1 этаж м. Деловой центр, Пресненская наб., 12, МФК Башня ""Федерация"", 1 этаж м. Семеновская, Семеновская пл, д. 1, ТРЦ «Семеновский», 2 этаж м. Тульская, ул. Большая Тульская, 11, ТДК «Тульский», 1 этаж м. Автозаводская, ул. Автозаводская, д.18, ТРЦ «Ривьера», 3 этаж, атриум м. Павелецкая, Дербеневская 15Б, БЦ «Свежий ветер», 1 этаж м. Юго-Западная, ул. Покрышкина, д.4, ТЦ «Звездочка», 3 этаж м. Юго-Западная, пр. Вернадского, 86А, ТЦ «Авеню», 4 этаж м. Саларьево, 23-й км, Киевское ш., д.1, ТРЦ «Саларис», 2 этаж м. Алтуфьево, Дмитровское шоссе, д.163А, ТРЦ «РИО Дмитровка», 1 этаж м. Алтуфьево, Алтуфьевское шоссе, 1-й километр, владение 3, с.1, ТРЦ «Весна» - 2 кофейни (1,2 этажи) Зеленоград, д.Черная Грязь, Торгово-Промышленная улица, 6 аутлет-центр Fashion House."
Бариста,https://hh.ru/vacancy/117795306?query=%D0%B1%D0%B0%D1%80%D0%B8%D1%81%D1%82%D0%B0&hhtmFrom=vacancy_search_list,"от 50 000 до 99 000 ₽ за месяц,  на руки",Не указана,"В кондитерскую на Маросейка требуется бариста. Мы предлагаем работу в удобном гибком графике. Рабочая смена от 6 до 12 часов. График составляется еженедельно, поэтому Вы сможете удобно планировать свои выходные. Если у Вас нет опыта, но Вы хотите быть бариста, наш шеф-бариста Вас обучит.   Обязанности:  подготовка к открытию/закрытию кондитерской приготовление напитков согласно ТК умение продавать продукцию кондитерской  Требования:  пунктуальность умение работать в команде честность  Условия:  ставка от 300 рублей оформление по ТК РФ выплаты два раза в месяц предоставляем питание, форму,медкнижка за наш счет"
Бариста-кассир в сеть кофеен,https://hh.ru/vacancy/118228268?query=%D0%B1%D0%B0%D1%80%D0%B8%D1%81%D1%82%D0%B0&hhtmFrom=vacancy_search_list,"от 80 000 ₽ за месяц,  на руки",Не указана,"CofeFest — это не просто сеть кофеен, это место, где каждый найдет свою атмосферу. Мы создаем вкус и дарим настроение! CofeFest сегодня – это более 150 кофеен различного формата: от уютных кофеен в бизнес-центрах и медицинских учреждениях, до современных заведений с расширенной посадкой. Наши ценности — это основа нашего успеха. Мы уверены, что ответственность, качество, вовлеченность и поддержка помогут создать уникальную среду, где каждый сотрудник чувствует свою значимость. Мы свободны от стереотипов: в нашей команде не важны национальность, пол или годы. Мы постоянно развиваемся, совершенствуемся и поддерживаем стремление сотрудников к развитию и самореализации. Нам абсолютно не важно есть ли у вас опыт, мы будем рады видеть вас в команде COFEFEST! Мы предлагаем: · Официальное трудоустройство по ТК РФ. · График работы 6/1, 5/2, 2/2 с 7.00 до 19.00 · Конкурентную заработную плату. Бонусы и % от продаж. · Возможность влиять на свой доход. Дополнительная мотивация. · Бесплатное двухразовое питание и напитки. · Бесплатное обучение и стильная униформа. · Оплачиваемая стажировка. · Скидки на продукцию · Возможности профессионального развития и карьерного роста. Наши бариста растут по карьерной лестнице до старших бариста, территориальных управляющих и региональных директоров. · Работа рядом с домом. Удобная транспортная доступность. Все кофейни находятся в Москве, подберем наиболее удобную по расположению. · Дружный, отзывчивый коллектив, готовый оказать поддержку в решении любых вопросов. · А также: профессиональные конкурсы, сладкие подарки и поздравления на праздники, приятные комплименты от Компании. Обязанности: · Качественное приготовление кофе и других напитков по утвержденным рецептурам. · Прием и выкладка продукции. · Активные продажи продукции собственного производства COFEFEST (готовая выпечка, кулинария, кофе и десерты). Работа с кассой (iiko). · Поддержание чистоты и порядка на рабочем месте. · Создание уютной атмосферы гостеприимства и позитивного настроения гостей. Наши пожелания к новому сотруднику: · Позитивный настрой, желание работать, расти и развиваться вместе с нами. · Приветливость, коммуникабельность, ориентация на клиента. · Ответственность, аккуратность, пунктуальность. Присоединяйся к нашей дружной команде и открой для себя новые горизонты! Сделай свое будущее с CofeFest!"
Бариста в Караваевы,https://hh.ru/vacancy/118466295?query=%D0%B1%D0%B0%D1%80%D0%B8%D1%81%D1%82%D0%B0&hhtmFrom=vacancy_search_list,"до 110 000 ₽ за месяц,  на руки",Не указана,"Кулинарные лавки Братья Караваевы - это сеть современных городских кафе в формате fast casual, являющееся частью экосистемы Нефтьмагистраль. Что мы предлагаем:  График: смены – 8, 9, 10, 12 часов в день Гарантированные выплаты 2 раза в месяц Фиксированная часовая ставка + % от выручки кулинарной лавки Возможность получать дополнительную премию за наставничество Официальное оформление по ТК РФ Работа рядом с домом или учебным заведением Оплата стажировки с 1-ого дня Помощь в оформлении медицинской книжки. Работа в красивом Московском кафе с оригинальным дизайном Обеспечиваем питанием по меню кафе за счет компании, экономия более 10.000 рублей в месяц  С нами можно:  Пройти обучение в школе бариста за счет компании. Мы за качество во всем Получить сертификат государственного образца о повышении квалификации Развиваться и расти внутри компании до руководителя или перейти на офисную должность Участвовать в спортивных и корпоративных мероприятиях компании, быть на драйве  Что делают наши бариста:  Консультируют покупателей по ассортименту напитков и десертов Информируют гостей о действующей системе лояльности Производят расчëт гостей на кассе Работают на рожковой кофемашине Готовят авторские напитки Выкладывают продукцию на витрину  Мы ценим в кандидатах и сотрудниках:  Способность создавать атмосферу уюта. Мы одержимы нашими гостями Вежливость, внимательность и заботу о госте Для нас важно единство команды и результат каждого.  Приведи в компанию друга и получи 10.000 рублей!"
Бариста,https://hh.ru/vacancy/118079559?query=%D0%B1%D0%B0%D1%80%D0%B8%D1%81%D1%82%D0%B0&hhtmFrom=vacancy_search_list,"от 70 000 ₽ за месяц,  на руки",Не указана,"Обязанности:• Приготовление напитков согласно технологическим картам;• Заготовки: фрукты, чаи, тапиока;• Поддержание чистоты на рабочем месте;• Работа с кассой;• Общение с гостями за баром;•Закрытие и открытие смены,отчетность.Требования:•Опыт работы бариста от 1 месяца, но возможно без опыта, главное мотивация;• Желание работать и развиваться в профессии бариста;• Ответственность и пунктуальность;• Любовь к чаю и чайной культуре.Условия:• График 5/2, 4/3, 3/3;• Ставка после сдачи аттестации 370 руб/час;• Оплачиваемая стажировка;•Скидка 50% на продукцию."
Бариста в кафе,https://hh.ru/vacancy/118017889?query=%D0%B1%D0%B0%D1%80%D0%B8%D1%81%D1%82%D0%B0&hhtmFrom=vacancy_search_list,"от 75 000 ₽ за месяц,  на руки",Не указана,"Привет! На связи команда “ЛЕС”: Мы меняем отношение к индустрии и убеждены, что любая профессия может быть творчеством. Сейчас мы формируем команду и если наши ценности тебе близки – добро пожаловать!   У нас:  Комфортный график. Выплаты без задержек. Отсутствие штрафов. Качественный и вкусный стафф. Обучение, оплачиваемая стажировка и программа адаптации. Корпоративная культура и традиции. (Хорошо работаем - хорошо отдыхаем)    Обязанности:  приготовления напитков по ттк поддержание чистоты на рабочем месте, участие в ген. уборках работа с кассовой системой iiko  контроль текущих продуктовых остатков на рабочем месте, участие в инвентаризация   Наши пожелания:  Счастья Любви вашему дому    Условия: График 4/3, 5/2, 2/2 по желанию  Смена 10-14 часов Оплачиваемая стажировка. Если вы с хорошим опытом, обучение пройдёт за пару смен Бесплатное питание и форма"
Бариста,https://hh.ru/vacancy/117659720?query=%D0%B1%D0%B0%D1%80%D0%B8%D1%81%D1%82%D0%B0&hhtmFrom=vacancy_search_list,"от 60 000 до 80 000 ₽ за месяц,  до вычета налогов",Не указана,"JEFFREY’S COFFEE (Партнеры) Alaska.Hygge.Wild Нам близка атмосфера Аляски и путешествий. Наши кофейни — это островки хюгге в шумных городах, уютные хижины — в северных краях. Если вы любите создавать уют, дружелюбны и открыты новому — рады видеть вас в нашей команде! Jeffreys — это сеть из более чем 30 кофеен, мы работаем на зерне класса specialty. Миссия нашего бариста звучит так: Бариста Джеффрис искреннее заботится о госте. Он делает так, чтобы гость быстро получил вкусный напиток и ушел от нас с настроением в плюс. Мы предлагаем: ⁃ бесплатное обучение (для Москвы и МО). ⁃ сменный график работы, который подбирается в соответствии с вашими возможностями (возможны дневные, утренние и вечерние смены от 24 часов в неделю). ⁃ скидка 30-50% на продукцию компании, бесплатные напитки во время смены. ⁃ ставка от 280 р/ч после аттестации ⁃ карьерный рост (менеджер, тренер, сотрудник офиса). ⁃ дружную команду, которая готова всегда помочь и научить! Обязанности: - работа с кассой; - приготовление напитков по технологической карте; - поддержание чистоты на рабочем месте; - принятие поставок; - выдача еды и десертов. Нам важно, чтобы вы: ⁃ были дружелюбны и открыты людям - проявляли инициативу и были неравнодушны ⁃ были самоорганизованый и пунктуальны - любили кофе - любили уют и чистоту Опыт работы бариста желателен, но не обязателен, всему научим в нашей Академии Бариста Jeffrey’s Владимир"
"Срочная вакансия Бариста в кофейню Груша (мцд. Сколково, ул. Нобеля, 3)",https://hh.ru/vacancy/117960136?query=%D0%B1%D0%B0%D1%80%D0%B8%D1%81%D1%82%D0%B0&hhtmFrom=vacancy_search_list,"от 60 000 до 80 000 ₽ за месяц,  на руки",Не указана,"Срочная вакансия Бариста в крутую команду - успей до 28 Марта! За неделю обучим и сразу выведем в стабильный график! Груша - это сеть современных кофеен, где работает формула заботливый сервис+качественный кофе= довольные гости с желанием вернуться вновь!Ты - наш кандидат, если у тебя:есть жгучая любовь к кофе,щепотка ответственности;и желание работать с людьми;Тебя ждёт:Обучение за наш счёт;Суммарная ставка 375₽/ч;Гибкий график на 2 недели вперед;Смены от 3 дней в неделю по 8/10ч;Бесплатное питание на 2 или 3 блюда, а также напитки;Официальное оформление после 3 мес. работы;Мы предлагаем:Премию 3000 ₽ за каждого приведенного друга;Скидку 45% на всю продукцию, напитки и зерно;Возможность роста за год до Старшего Бариста/ Лидера кофеен/ HR/ SMM;Встречи команды для общей разрядки и вдохновения;Связаться с нами можно и нужно в любое время! Ждём только тебя - успей до 28 Марта!"
Бариста (м. Ленинский проспект),https://hh.ru/vacancy/117220368?query=%D0%B1%D0%B0%D1%80%D0%B8%D1%81%D1%82%D0%B0&hhtmFrom=vacancy_search_list,"от 80 000 ₽ за месяц,  на руки",Не указана,"Невозможно представить свой день без ароматного кофе и уютной обстановки? Тогда у нас есть для тебя уникальное предложение – стать частью нашей дружной команды кофеен Даблби! Мы ищем энергичных, внимательных к деталям и дружелюбных бариста, готовых создавать атмосферу, в которую хочется возвращаться снова и снова. Не переживай, если у тебя нет опыта работы в кофейном деле – наши эксперты научат тебя всему, от основ заваривания высококачественного кофе до искусства латте-арта!   От нас:  Оформление по ТК РФ; Оплачиваемые отпуск и больничный; Ставка от 300 р/ч с последующим ростом, kpi, премией за расширение зоны ответственности. От 70000 до 90000 в месяц на руки; Прохождение корпоративного обучения в нашей Академии: для новичков - полное, с опытом - возможно сокращение исходя из необходимых навыков; Стипендия 45000 за прохождение обучения* (20 рабочих дней). Половина за первые 10 дней и вторая после экзамена и трудоустройства; Подбор кофейни исходя из потребностей в кофейнях, учитывая Ваше место жительства; Гибкий график. От 40 часов в неделю. Смены: утренние с 7:30, дневные до 22:30. Смена от 8 часов. Время на открытия, закрытия и перерывы оплачиваются; Возможность карьерного роста и расширения зоны ответственности; Приводи друзей и получи бонус 15.000 рублей за каждого! Возможность проходить дополнительную подготовку по профессиональным навыкам (латте-арт, сенсорные навыки, калибровки и консультации); Помощь в подготовке к соревнованиям (на волонтёрских началах).    От Вас:  Поддержание комфортной атмосферы с гостями и коллегами; Приготовление напитков по технологии и стандартам Даблби (научим!); Понимание устройства и работы оборудования и минимальное его обслуживания (научим!); Настройка и подбор рецептов на кофе и чай по вкусу (научим!); Приветливое общение с гостями и ориентация по меню, согласно их предпочтений (научим!); Работа с кассовым оборудованием и отчётностью; Наведение порядка и чистоты в кофейне; Выполнение норм СанПиНа и гигиены; Приём поставок от поставщиков.  Научим! Всему, что нужно для комфортной работы * Полное обучение в нашей Академии с выплатой стипендии (45000) по ученическому договору. Обучение 20 рабочих дней:  Введение (3 дня) Знакомство с миром кофе и чая. Развитие вкуса. Эспрессо (5 дней) Оборудование и навыки приготовления. Молоко (5 дней) Молочные напитки, латте-арт. Дегустация всего меню. Сервис (2 дня) Навыки коммуникации и общения с гостями и коллегами. Стажировки (4 дня) Отработка всех навыков с тренером в разных кофейнях. Экзамен (1 день) Проверка всех навыков и вручение сертификата."
Бариста-кассир в сеть кофеен,https://hh.ru/vacancy/118228268?query=%D0%B1%D0%B0%D1%80%D0%B8%D1%81%D1%82%D0%B0&hhtmFrom=vacancy_search_list,"от 80 000 ₽ за месяц,  на руки",Не указана,"CofeFest — это не просто сеть кофеен, это место, где каждый найдет свою атмосферу. Мы создаем вкус и дарим настроение! CofeFest сегодня – это более 150 кофеен различного формата: от уютных кофеен в бизнес-центрах и медицинских учреждениях, до современных заведений с расширенной посадкой. Наши ценности — это основа нашего успеха. Мы уверены, что ответственность, качество, вовлеченность и поддержка помогут создать уникальную среду, где каждый сотрудник чувствует свою значимость. Мы свободны от стереотипов: в нашей команде не важны национальность, пол или годы. Мы постоянно развиваемся, совершенствуемся и поддерживаем стремление сотрудников к развитию и самореализации. Нам абсолютно не важно есть ли у вас опыт, мы будем рады видеть вас в команде COFEFEST! Мы предлагаем: · Официальное трудоустройство по ТК РФ. · График работы 6/1, 5/2, 2/2 с 7.00 до 19.00 · Конкурентную заработную плату. Бонусы и % от продаж. · Возможность влиять на свой доход. Дополнительная мотивация. · Бесплатное двухразовое питание и напитки. · Бесплатное обучение и стильная униформа. · Оплачиваемая стажировка. · Скидки на продукцию · Возможности профессионального развития и карьерного роста. Наши бариста растут по карьерной лестнице до старших бариста, территориальных управляющих и региональных директоров. · Работа рядом с домом. Удобная транспортная доступность. Все кофейни находятся в Москве, подберем наиболее удобную по расположению. · Дружный, отзывчивый коллектив, готовый оказать поддержку в решении любых вопросов. · А также: профессиональные конкурсы, сладкие подарки и поздравления на праздники, приятные комплименты от Компании. Обязанности: · Качественное приготовление кофе и других напитков по утвержденным рецептурам. · Прием и выкладка продукции. · Активные продажи продукции собственного производства COFEFEST (готовая выпечка, кулинария, кофе и десерты). Работа с кассой (iiko). · Поддержание чистоты и порядка на рабочем месте. · Создание уютной атмосферы гостеприимства и позитивного настроения гостей. Наши пожелания к новому сотруднику: · Позитивный настрой, желание работать, расти и развиваться вместе с нами. · Приветливость, коммуникабельность, ориентация на клиента. · Ответственность, аккуратность, пунктуальность. Присоединяйся к нашей дружной команде и открой для себя новые горизонты! Сделай свое будущее с CofeFest!"
Бариста (ТРЦ Авиапарк),https://hh.ru/vacancy/118360119?query=%D0%B1%D0%B0%D1%80%D0%B8%D1%81%D1%82%D0%B0&hhtmFrom=vacancy_search_list,"от 85 000 ₽ за месяц,  на руки",Не указана,"TomiOmi – федеральная сеть бабл баров. Яркий и молодой бренд, который стремительно развивается на территории России. Мы гордимся качеством наших напитков и уровнем нашего сервиса.   TomiOmi это бренд. А бренд – это люди, которые его создают.   Поэтому наша главная ценность — это именно люди. Мы тщательно подходим к выбору сотрудников для нашей команды.   Как попасть к нам в команду?  Безусловно нужно быть позитивным человеком, любить людей, bubble tea и конечно же TomiOmi! Для нас работа в TomiOmi - это лайфстайл, место где мы находим друзей и единомышленников, получаем интересный опыт и раскрываем свой потенциал.   Двигай к нам, если ты: ● Опрятный (яркий внешний вид, пирсинг, татуировки? Мы только за!) ● Ориентирован на Гостя и любишь работать с людьми ● Любишь работать в активном режиме ● Ответственный и честный ● Умеешь работать в команде   У тебя нет опыта, но есть огромное желание? Мы научим!   Почему работать у нас — это круто? ● Молодая и веселая команда профессионалов, в которой каждый может реализовать себя; ● Заработная плата без задержек 2 раза в месяц от 85.000 т.р; ● Оплачиваемая стажировка под руководством опытных бариста; ● График сменный- плавающий (смены по 9-12 часов, согласуем удобный для тебя) ● Бесплатное корпоративное питание; ● Стильная форма; ● Корпоративная скидка 25% в заведениях-партнерах; ● Реальная возможность карьерного роста и развития в Компании; ● Оформление по ТК РФ. ● Возможность совмещать с учебой.   Что нужно делать? ● Обслуживать Гостей за кассой и создавать им отличное настроение; ● Качественно готовить напитки из меню согласно ТТК; ● Соблюдать нормы санитарии , поддерживать чистоту и соблюдать стандарты;   Мы ждем тебя в нашу суперсемью TomiOmi!   Твоим преимуществом будет опыт работы в таких компаниях - КФС, Вкусно и Точка, Бургеркинг, DoDo пицца, OnePriceCoffee, OneDoubleCoffee, CoffeeLike, Кофемания и т.д."
Бариста,https://hh.ru/vacancy/116496865?query=%D0%B1%D0%B0%D1%80%D0%B8%D1%81%D1%82%D0%B0&hhtmFrom=vacancy_search_list,"от 85 500 ₽ за месяц,  на руки",Не указана,"Аэроплан.кофе - спешелти кофейня в самом центре Москвы с атмосферой Берлина, Копенгагена и Стокгольма вместе взятых, с кофе от лучших обжарщиков, в том числе, от нас, конечно :) и идеальными завтраками целый день. Мы много лет увлечены кофейной культурой, много знаем и каждый день учимся! Наши ребята стабильно растут в компании, поэтому мы в постоянном поиске бриллиантов​​​​​​​;) Мы ищем человека, такого же как мы:  глубоко погруженного в кофейную культуру, умеющего и желающего работать руками, открытого, общительного и позитивного, внимательного, педантичного и быстрого, с высоким уровнем самоорганизации, готового во всем помогать команде, уверенного, как и мы, в том, что успех достигается только полной самоотдачей и постоянной работой над собой.​​​​​​​  Обязанности:   варить действительно вкусный кофе, вываривать из каждого сорта зерна максимум вкуса,   делится своими открытиями и эмоциями с нашими гостями и помогать им погружаться в кофейный мир,   поддерживать порядок и чистоту на своем рабочем месте,   развиваться самому и помогать команде становится еще лучше.   Условия:  отличный график 4/3 с 7:30 до 21:00 (с индивидуальными выходными), официальное оформление, оплачиваемые отпуск и больничный, ставка от 330р/час на руки после сдачи аттестации, возможность развития в команде и карьерный рост, питание по меню и вкусный кофе за наш счет! :)Вашими преимуществами будут: короткий содержательный рассказ о том, кто Вы есть, что умеете, чему хотите научиться, ваша предварительная осведомленность о том, что такое Аэроплан.кофе, нашей концепции, продукте и сервисе.​​​​​​​Убедитесь, пожалуйста, что к вашему резюме прикреплено актуальное фото!​​​​​​​​​​​​​​До скорой встречи в Аэроплан.кофе!"
Бариста в Ресторан Кофемания BEZ TARELOK,https://hh.ru/vacancy/104245183?query=%D0%B1%D0%B0%D1%80%D0%B8%D1%81%D1%82%D0%B0&hhtmFrom=vacancy_search_list,"до 93 000 ₽ за месяц,  на руки",Не указана,"Кофемания — островок счастья и для наших гостей и для нас самих. Мы более 20 лет задаём тренды на рынке и ждём тебя в команду лучших в своём деле!   «Кофемания BEZ TARELOK» - уникальный проект Grab-and-go - проект с едой и напитками от звёздной команды в удобном формате и по приятной цене.   Вместе с нами ты можешь:  Работать в гибком графике по 8-12 ч., который составляется с учётом твоих пожеланий; Заработать на свою мечту; Повышать свою часовую ставку по мере роста квалификации; Стать частью креативного сообщества и яркой корпоративной жизни: участвовать в спортивных мероприятиях, экскурсиях, тимбилдингах и др.; Быть уверенным в завтрашнем дне – у нас оформление по ТК РФ и много бонусов: бесплатное обучение с нуля, мед.книжка за счёт компании, трёхразовое питание, стильная и удобная форма, корпоративные скидки; Развиваться и расти вместе с компанией – 100% управляющих выросли внутри компании.  Тебе предстоит:  Консультировать гостей по текущему ассортименту кафе; Поддерживать ассортимента витрины кафе; Готовить безалкогольные холодные, горячие и кофейные напитки, согласно рецептуре; Готовить несложные блюда (сэндвичи), согласно рецептуре; Поддержание порядка и чистоты за стойкой в зале; Работать на кассе (после сдачи аттестации).  Мы ценим:  ​​​Желание развиваться в ресторанной сфере; Гостеприимство и открытость; Готовность к обучению и командной работе.  Стань частью самой известной и успешной команды ресторанов Кофемания :)   Приведи в компанию друзей и получи 20 000 рублей за каждого сотрудника!"
Бариста,https://hh.ru/vacancy/117987441?query=%D0%B1%D0%B0%D1%80%D0%B8%D1%81%D1%82%D0%B0&hhtmFrom=vacancy_search_list,"от 65 000 ₽ за месяц,  на руки",Не указана,"Бабл ти и кофе бар SWEET LAVKA в поисках БАРИСТААдрес баров: Цветной бульвар, д.7 ст.1 (2 мин от метро)Пн-чт 8.00-23.00Пт-вс 10.00-23.00 Земляной Вал, 33 м. КурскаяПн-вс 10.00-23.00 Чечерский проезд, 51 м. Бунинская АллеяПн-вс с 10.00-22.00 Работают по 2 сотрудника в смене, один открывается, второй высыпается Что предлагаем  Ставка 320р./час; Компенсация обедов 300р./в день; Оплачиваемое обучение перед началом работы; График работы: 2/2; 3/2 полный день; Выплаты 2 раза в месяц; Официальное оформление; Полы моет уборщица; Бар совмещен с магазином товаров со всего мира Sweet Lavka; Комфортное, популярное, современное место и приятные гости; Скидки на продукцию во всех магазинах сети Sweet Lavka (после ИС).  Что ожидаем от будущего коллеги   Работа с бабл ти и не кофейными напитками будет преимуществом (если нет, научим); Является образцом сервисного поведения (гостеприимный и радушный ); Чистоплотный; Пунктуальный.  От Вас  Приготовление напитков (кофе и др. напитки); Поддержание чистоты; Участие в инвентах; Участие в маркет акциях.  Если ты чувствуешь, что между нами возможен ""мэтч"", скорее откликайся! Мы оперативно свяжемся и договоримся о встрече, чтобы познакомиться поближе. До встречи в Sweet Lavka!"
Бариста,https://hh.ru/vacancy/117734153?query=%D0%B1%D0%B0%D1%80%D0%B8%D1%81%D1%82%D0%B0&hhtmFrom=vacancy_search_list,"от 70 000 до 90 000 ₽ за месяц,  на руки",Не указана,Обязанности:Работа на кассеОбслуживание гостейПриготовление напитковВыкладка товараПоддержание чистотыТребования:ОтветственностьДоброжелательностьКоммуникабельностьЧистоплотностьПорядочностьСтрессоустойчивостьУсловия:График работы: (с 7.00 до 15.00/с 15.00 до 22.00) от 3х смен в неделю300 рублей за 1 час после аттестации по меню и теоретическим знаниям кофейной культуры + премияОфициальное трудоустройство по ТК РФНаличие действующей медкнижки
Бариста в кафе,https://hh.ru/vacancy/118017889?query=%D0%B1%D0%B0%D1%80%D0%B8%D1%81%D1%82%D0%B0&hhtmFrom=vacancy_search_list,"от 75 000 ₽ за месяц,  на руки",Не указана,"Привет! На связи команда “ЛЕС”: Мы меняем отношение к индустрии и убеждены, что любая профессия может быть творчеством. Сейчас мы формируем команду и если наши ценности тебе близки – добро пожаловать!   У нас:  Комфортный график. Выплаты без задержек. Отсутствие штрафов. Качественный и вкусный стафф. Обучение, оплачиваемая стажировка и программа адаптации. Корпоративная культура и традиции. (Хорошо работаем - хорошо отдыхаем)    Обязанности:  приготовления напитков по ттк поддержание чистоты на рабочем месте, участие в ген. уборках работа с кассовой системой iiko  контроль текущих продуктовых остатков на рабочем месте, участие в инвентаризация   Наши пожелания:  Счастья Любви вашему дому    Условия: График 4/3, 5/2, 2/2 по желанию  Смена 10-14 часов Оплачиваемая стажировка. Если вы с хорошим опытом, обучение пройдёт за пару смен Бесплатное питание и форма"
Бариста в кофейню One Price Coffee (м. Ховрино),https://hh.ru/vacancy/118520588?query=%D0%B1%D0%B0%D1%80%D0%B8%D1%81%D1%82%D0%B0&hhtmFrom=vacancy_search_list,"от 85 000 ₽ за месяц,  на руки",Не указана,"Привет, ценитель кофе! Мечтаешь взглянуть на мир кофе с другой стороны? One Price Coffee - именно то место, где твоя страсть и умение превратятся в искусство. Мы - самая быстрорастущая федеральная сеть с более чем 500 кофеен в России. Мы делаем кофе приятным моментом в жизни каждого. Бариста - самый важный человек в кофейне, поэтому мы гордимся возможностью роста наших сотрудников - создаем управленцев внутри компании, развита система наставничества. Убедились на примере многих ребят. Что мы предлагаем:   График работы на выбор ставка 280р\ч + чаевые   Официальное оформление по ТК РФ   Бесплатное обучение нашими профессионалами   Оплачиваемая стажировка   Питание за наш счёт   Дружелюбный и отзывчивый коллектив, готовый поддержать тебя в профессиональном росте   Компенсация медкнижки   Социальный пакет   Твои обязанности:   Приготовление кофейных напитков по утвержденным рецептам   Работа с кассой и участие в инвентаризациях   Поддержание уютной атмосферы в кофейне, создание позитивного настроения для наших гостей   Соблюдение чистоты и порядка на рабочем месте   Требования к тебе:   Любовь к кофе   Приветливость, коммуникабельность, энтузиазм   Готовность учиться новому и развиваться профессионально   Пунктуальность и ответственность Присоединяйся к нам и стань частью команды, где каждая чашка кофе - это искусство и удовольствие. Мы гарантируем, что ты не только научишься готовить вкуснейший кофе, но и найдешь здесь друзей и возможность развиваться вместе с нами! :)"
Бариста в сетевую кофейню,https://hh.ru/vacancy/118098006?query=%D0%B1%D0%B0%D1%80%D0%B8%D1%81%D1%82%D0%B0&hhtmFrom=vacancy_search_list,"от 80 000 ₽ за месяц,  на руки",Не указана,"В связи с открытием новых кофеен, ищем бариста! Бариста должен будет:  Готовить кофейные и другие напитки в соответствии с технической картой Работать с кассой (наличный и безналичный расчет) Поддерживать чистоту кофейни и оборудования Рассмотрим кандидатов без опыта работы бариста с обучением этой профессии Приветствуем предложения по развитию меню напитков и различные креативные идеи  Мы предлагаем:  Работать на отличном оборудовании и зерне высокого уровня График 5/2 или 6/1 Почасовая оплата после налогообложения от 250 руб./час (доход от 80000 руб. и выше + ежемесячные премии по итогам работы) Стабильные выплаты каждые 2 недели Трудоустройство по ТК Корпоративная форма и бесплатное питание Всячески поддерживаем стремление к профессиональному развитию и карьерному росту (бариста может участвовать в развитии меню напитков, стать старшим бариста или шеф-бариста, участвовать в чемпионатах)"
Бариста в кофейню One Price Coffee (м. Марьина Роща),https://hh.ru/vacancy/118568516?query=%D0%B1%D0%B0%D1%80%D0%B8%D1%81%D1%82%D0%B0&hhtmFrom=vacancy_search_list,"от 75 000 ₽ за месяц,  на руки",Не указана,"Привет, на связи OnePrice Coffee! Ты 100% нас знаешь, как самую крупную и классную сеть кофеен Москвы! И мы ищем именно тебя в нашу сильную, дружественную и уютную компанию, где все наши бариста готовы прийти на помощь друг к другу, поддержать и помочь вырасти до профессионала. Нет опыта работы? Не страшно ! Мы научим тебя варить вкуснейший кофе и дарить людям радость. Что тебя ждет:   В первую очередь это бесплатное профессиональное обучение в нашем учебном центре.   Карьерный рост. С нашими ресурсами и твоими амбициями, сможешь дорасти до наставника и старшего бариста, и даже до управляющего.   Гибкий график работы.   Стабильная заработная плата 2 раза в месяц. Ставка 250р/час + премии   Стильная и удобная форма.   Напитки и еда за наш счёт.   Официальное трудоустройство по ТК РФ.   Компенсация медицинской книжки в полном размере   Полностью оплачиваемая стажировка   А также:   Постоянное профессиональное развитие: кофейные мастер-классы и тренинги;   Возможность участвовать в соревнованиях бариста, придумывать и воплощать в жизнь вкусы для сезонных напитков.   Постоянная связь с командой сети. Тебя не бросят, всегда помогут и ответят на вопросы.   Мы пересмотрели стандарты обучения, подняли часовую ставку и добавили бонусы для наших сотрудников! А так же начали обновлять внешний вид кофеен и делать их удобными для работы наших сотрудников. Каким мы видим нашего бариста:   Опыт работы бариста приветствуется, но не обязателен. У нас есть все ресурсы, чтобы сделать тебя профи.   Искренняя открытость к людям, легкость в общении и безусловная любовь к кофе.   Желание расти и развиваться.   Умение работать в команде.   Пунктуальность, честность, ответственность, отзывчивость.   Наличие медицинской книжки (или готовность её сделать).   Что нужно будет делать:   Готовить лучший кофе в городе, согласно стандартам компании.   Общаться с гостями и ориентировать по нашему меню.   Работать с кассой (всему обучим, это не сложно).   Поддерживать чистоту зала и рабочей зоны.   Наши бариста - это сердце кофейни! Если тебе откликаются наши ценности, то добро пожаловать в лучшую команду! Вакансии открыты в разных районах города. ~P. S У нас и правда самый вкусный кофе!"
Бариста в ТРЦ Кузьминки Молл (м. Кузьминки),https://hh.ru/vacancy/117804275?query=%D0%B1%D0%B0%D1%80%D0%B8%D1%81%D1%82%D0%B0&hhtmFrom=vacancy_search_list,"от 67 500 до 78 300 ₽ за месяц,  на руки",Не указана,"В сети кафе-пекарен ""Хлеб с маслом"" открыта вакансия Бариста !Будем рады видеть сотрудников как с опытом, так и без опыта работы, желающих развиваться вместе с нами! Обязанности:  Приготовление кофейных напитков Прием заказов в формате togo; помощь и активные доп. продажи гостям при выборе напитков/ выпечки Расчет гостей, работа с кассой Оформление витрин Соблюдение стандартов компании Создание позитивной и уютной атмосферы кофейни  Требования:  Грамотная речь Желание развиваться в сегменте HoReCa Доброжелательность, внимательность, ответственность  Условия:  Сменный график 2/2, 4/2, 3/3, гибкий график (прекрасная возможность совмещать с учебой) Официальное оформление в соответствии с ТК РФ Заработная плата два раза в месяц Обучение в процессе работы от лучших специалистов города Бесплатное питание Компенсация медицинской книжки Дружный коллектив профессионалов, атмосфера взаимовыручки  Благодаря нашим Бариста наша сеть стремительно развивается!Вкусная выпечка, ароматный кофе! Достойные условия труда!МЫ ПО ВСЕЙ МОСКВЕ!Мы повысили почасовую ставку и улучшаем условия для комфортной работы!Пиши, звони и мы выберем кофейню , максимально удобную по расположению.Мы ждем именно тебя!"
Бариста,https://hh.ru/vacancy/118608352?query=%D0%B1%D0%B0%D1%80%D0%B8%D1%81%D1%82%D0%B0&hhtmFrom=vacancy_search_list,"от 80 000 до 100 000 ₽ за месяц,  на руки",Не указана,"ABC Coffee Roasters - сеть кофеен премиум сегмента.На сегодняшний день наша компания включает в себя 8 кофеен, 1 фабрику кухни и обжарочное производство в Москве и 2 кофейни, фабрику кухни и обжарочное производство в Дубае. Наша цель - быть самым узнаваемым кофейным брендом в России и Среднем Востоке, и мы ищем человека на должность бариста, кто готов совместно с нашей молодой командой энтузиастов достигнуть этой цели.Сейчас мы в процессе открытия новой локации - в ЖК LUCKY, ищем бариста в нашу команду. Что мы предлагаем: График работы: гибкий, смена 8-12 часов.Оплата: на руки, почасовая, от 300 до 400 р/ч + премия. ・Работа в классной вдохновляющей команде единомышленников・Гибкий график работы (плавающие выходные, согласовываются в команде).・Обучение в тренинг-центре компании.・Бесплатное вкусное питание・Стабильная выплата заработной платы и премий за выполненный показатель kpi.・Развитая корпоративная культура, проведение тренингов, участие в чемпионатах и профессиональных мероприятиях.・Повышение квалификации и развитие профессиональных компетенций.・Возможность карьерного роста.・Международные командировки в Дубай   Что мы ждём от вас: ·Опыт работы в сфере спешелти-кофе и гостеприимства не менее полугода ·Грамотная речь, знание и соблюдение стандартов сервиса ·Позитивное отношение к жизни и желание делиться им с окружающими. ·Отличные коммуникативные способности, ответственность, стрессоустойчивость. ·Проактивность, желание вносить свой вклад, расти и развиваться вместе с компанией. м. Улица 1905 года, м.Пушкинская, м.Арбатская, м.Лубянка, м.Китай Город, м.Деловой Центр, м.Спортивная, м.СоколThink coffee. Drink different."
Бариста,https://hh.ru/vacancy/118012069?query=%D0%B1%D0%B0%D1%80%D0%B8%D1%81%D1%82%D0%B0&hhtmFrom=vacancy_search_list,"до 80 000 ₽ за месяц,  на руки",Не указана,"Здравствуй! Мы команда DO.BRO coffee, нам уже 19 лет! В течение этих лет мы создавали и следовали своим ценностям: кофе, гости, команда! Наша команда растет по всей России и даже за ее пределами! Мы готовим кофе на зерне высшего сорта specialty собственной обжарки! Стань частью нашей команды, если ты открыт к общению с людьми и любишь кофе так же, как любим его мы! Не страшно, если у тебя не было опыта работы с кофе, главное - желание научиться готовить вкусные напитки и быть открытым новым знаниям. Полное обучение профессии за счет компании! DO.BRO coffee ☕️ по адресу: г. Москва, Корабельная, 1 (ЖК ""Ривер Парк""). 5 минут пешком от метро Нагатинский Затон. Мы набираем в команду БАРИСТА на полную занятость. Мы предлагаем работу в команде единомышленников, регулярное повышение квалификации, участие в каппингах, возможность карьерного роста до уровня шеф-бариста или управляющего кофейни. Обязанности:  Приготовление кофейных напитков с использованием технологических карт на профессиональном современном оборудовании Консультирование гостей по доп ассортименту, выявление потребностей Качественное ведение кассовой дисциплины, расчет покупателей Вежливое и грамотное общение с гостями Поддержание чистоты на рабочем месте Участие в инвентаризациях  Требования:  желание обучаться быть честным любить людей и качественный вкусный кофе уметь работать в команде и быть открытым новому  Условия:   Бесплатно обучим. Углубленный курс по кофе: научим готовить все (от эспрессо до альтернативы), прокачаем сенсорику и покаппим зерно из всех стран кофейного пояса. Обучение со специалистом: теория и практика.   Оплатим медкнижку  Прогрессивная заработная плата с прозрачной системой мотивации Ежемесячные премии (за выполнение KPI) Официальное трудоустройство Гибкий график работы Ставка 350 руб/час  Мы научим разбираться в кофе, готовить первоклассный напиток, работать с кофейным оборудованием, оказывать высокий уровень сервиса нашим гостям. Присоединяйся! Мы ждем тебя!"
Бариста в кофейню One Price Coffee (м. Новослободская),https://hh.ru/vacancy/118064944?query=%D0%B1%D0%B0%D1%80%D0%B8%D1%81%D1%82%D0%B0&hhtmFrom=vacancy_search_list,"от 75 000 ₽ за месяц,  на руки",Не указана,"Опыт работы: не требуется Полная занятость График: 5/2 или свободный Рабочие часы: 8 Опыт работы: не требуется Полная занятость График: свободный Рабочие часы: 5, 6 или 12 Требуемый опыт работы: не требуется Полная занятость, гибкий график Возможна подработка: по выходным Привет, на связи OnePrice Coffee! Ты 100% нас знаешь, как самую крупную и классную сеть кофеен Москвы! И мы ищем именно тебя в нашу сильную, дружественную и уютную компанию, где все наши бариста готовы прийти на помощь друг к другу, поддержать и помочь вырасти до профессионала. Нет опыта работы? Не страшно ! Мы научим тебя варить вкуснейший кофе и дарить людям радость. Что тебя ждет:   В первую очередь это бесплатное профессиональное обучение в нашем учебном центре.   Карьерный рост. С нашими ресурсами и твоими амбициями, сможешь дорасти до наставника и старшего бариста, и даже до управляющего.   Гибкий график работы.   Стабильная заработная плата 2 раза в месяц. Ставка 250р/час + премии   Стильная и удобная форма.   Напитки и еда за наш счёт.   Официальное трудоустройство по ТК РФ.   Компенсация медицинской книжки в полном размере   Полностью оплачиваемая стажировка   А также:   Постоянное профессиональное развитие: кофейные мастер-классы и тренинги;   Возможность участвовать в соревнованиях бариста, придумывать и воплощать в жизнь вкусы для сезонных напитков.   Постоянная связь с командой сети. Тебя не бросят, всегда помогут и ответят на вопросы.   Мы пересмотрели стандарты обучения, подняли часовую ставку и добавили бонусы для наших сотрудников! А так же начали обновлять внешний вид кофеен и делать их удобными для работы наших сотрудников. Каким мы видим нашего бариста:   Опыт работы бариста приветствуется, но не обязателен. У нас есть все ресурсы, чтобы сделать тебя профи.   Искренняя открытость к людям, легкость в общении и безусловная любовь к кофе.   Желание расти и развиваться.   Умение работать в команде.   Пунктуальность, честность, ответственность, отзывчивость.   Наличие медицинской книжки (или готовность её сделать).   Что нужно будет делать:   Готовить лучший кофе в городе, согласно стандартам компании.   Общаться с гостями и ориентировать по нашему меню.   Работать с кассой (всему обучим, это не сложно).   Поддерживать чистоту зала и рабочей зоны.   Наши бариста - это сердце кофейни! Если тебе откликаются наши ценности, то добро пожаловать в лучшую команду! Вакансии открыты в разных районах города."
Бариста в диджитал-кофейню (м. Ботанический сад),https://hh.ru/vacancy/118000916?query=%D0%B1%D0%B0%D1%80%D0%B8%D1%81%D1%82%D0%B0&hhtmFrom=vacancy_search_list,"от 55 000 до 65 000 ₽ за месяц,  на руки",Не указана,"Привет, это Дринкит!Дринкит — это новый формат диджитал-кофеен с искренним сервисом, качественным авторским кофе и удобным приложением, где можно настроить напиток на свой вкус и заказать заранее. Если ты:- любишь учиться и хочешь узнать новое о кофе- любишь общаться с людьми То тебе к нам!   Мы предлагаем достойную заработную плату и быстрый карьерный рост:  Ставка при обучении – 275 руб/час  Бариста – 320 руб/час   Бариста-наставник – 350 руб/час   Бариста-эксперт – 380 руб/час     Также от нас:  Гибкий график работы (смены по 6-12 часов) Оформление на 100% по ТК РФ- белая зарплата с выплатами 2 раза в месяц, оплачиваемые отпуска и больничные отсутствие штрафов Скидка до 60% на продукцию в наших кофейнях 100% компенсация медицинской книжки Возможность развития до позиции ""Лидер кофейни"" Премия “приведи друга” в размере 10 000 рублей Чем предстоит заниматься?  Готовить кофе и другие напитки Проводить уборку рабочей зоны Общаться с гостями    Тебе не нужно специальное образование или опыт: мы всему научим с нуля и дадим возможность развития!   Оставляй отклик сегодня, и с тобой свяжутся Лизавета или Виктория в течение 24 часов.p.s. Лиза и Вика экс-бариста Дринкит, а теперь они HR-рекрутеры"
"Бариста в кофейню One Price Coffee (м. Бибирево, ТЦ Марс)",https://hh.ru/vacancy/118355661?query=%D0%B1%D0%B0%D1%80%D0%B8%D1%81%D1%82%D0%B0&hhtmFrom=vacancy_search_list,"от 75 000 ₽ за месяц,  на руки",Не указана,"требуемый опыт работы: не требуется Полная занятость, гибкий график Возможна подработка: по выходным Привет, на связи OnePrice Coffee! Ты 100% нас знаешь, как самую крупную и классную сеть кофеен Москвы! И мы ищем именно тебя в нашу сильную, дружественную и уютную компанию, где все наши бариста готовы прийти на помощь друг к другу, поддержать и помочь вырасти до профессионала. Нет опыта работы? Не страшно ! Мы научим тебя варить вкуснейший кофе и дарить людям радость. Что тебя ждет:   В первую очередь это бесплатное профессиональное обучение в нашем учебном центре.   Карьерный рост. С нашими ресурсами и твоими амбициями, сможешь дорасти до наставника и старшего бариста, и даже до управляющего.   Гибкий график работы.   Стабильная заработная плата 2 раза в месяц. Ставка 250р/час + премии   Стильная и удобная форма.   Напитки и еда за наш счёт.   Официальное трудоустройство по ТК РФ.   Компенсация медицинской книжки в полном размере   Полностью оплачиваемая стажировка   А также:   Постоянное профессиональное развитие: кофейные мастер-классы и тренинги;   Возможность участвовать в соревнованиях бариста, придумывать и воплощать в жизнь вкусы для сезонных напитков.   Постоянная связь с командой сети. Тебя не бросят, всегда помогут и ответят на вопросы.   Мы пересмотрели стандарты обучения, подняли часовую ставку и добавили бонусы для наших сотрудников! А так же начали обновлять внешний вид кофеен и делать их удобными для работы наших сотрудников. Каким мы видим нашего бариста:   Опыт работы бариста приветствуется, но не обязателен. У нас есть все ресурсы, чтобы сделать тебя профи.   Искренняя открытость к людям, легкость в общении и безусловная любовь к кофе.   Желание расти и развиваться.   Умение работать в команде.   Пунктуальность, честность, ответственность, отзывчивость.   Наличие медицинской книжки (или готовность её сделать).   Что нужно будет делать:   Готовить лучший кофе в городе, согласно стандартам компании.   Общаться с гостями и ориентировать по нашему меню.   Работать с кассой (всему обучим, это не сложно).   Поддерживать чистоту зала и рабочей зоны.   Наши бариста - это сердце кофейни! Если тебе откликаются наши ценности, то добро пожаловать в лучшую команду! Вакансии открыты в разных районах города. ~P. S У нас и правда самый вкусный кофе!"
Бариста,https://hh.ru/vacancy/118501049?query=%D0%B1%D0%B0%D1%80%D0%B8%D1%81%D1%82%D0%B0&hhtmFrom=vacancy_search_list,"от 80 000 до 95 000 ₽ за месяц,  на руки",Не указана,"Ищем бариста, который создаст кофейную магию! Если вы обожаете аромат свежесваренного кофе и хотите делиться этим удовольствием с другими, то мы ждем именно вас! Присоединяйтесь к нашей команде и станьте частью кофейной культуры. Условия оплаты:  Конкурентоспособная заработная плата, выплачивается дважды в месяц. Дополнительные премии за отличную работу и вклад в развитие кофейни.  График работы:  Гибкий график: 5/2, 4/2, 2/2 или 3/2. Полная занятость. Рабочий день длится 8 или 10 часов.  Обязанности:  Приготовление кофе и других напитков на основе эспрессо. Обслуживание клиентов и поддержание высокого уровня сервиса. Поддержание чистоты и порядка на рабочем месте. Участие в обучении и развитии навыков.  Требования:  Опыт работы от 1 до 3 лет в сфере обслуживания. Знание основ приготовления кофе и работы с кофемашинами. Коммуникабельность и умение работать в команде. Ответственность и внимательность к деталям.  Преимущества работы у нас:  Возможность профессионального роста и обучения. Скидки на продукцию кофейни. Бесплатные обеды для сотрудников.  О компании: Мы — это команда энтузиастов, которые стремятся сделать каждый день наших клиентов немного лучше с помощью чашки отличного кофе. Если вы хотите стать частью нашей дружной команды и развиваться вместе с нами, мы будем рады видеть вас в наших рядах!"
Бариста в кофейню Дринкит (м. Динамо),https://hh.ru/vacancy/117738812?query=%D0%B1%D0%B0%D1%80%D0%B8%D1%81%D1%82%D0%B0&hhtmFrom=vacancy_search_list,"от 53 000 до 63 000 ₽ за месяц,  на руки",Не указана,"Дринкит – это современная кофейня с чутким сервисом, качественными авторскими напитками и удобным приложением. Гость легко может настроить всё на свой вкус и сделать заказ по пути в кофейню. А бариста не нужно принимать заказ на кассе, всё происходит через нашу IT-систему. Для старта у нас не нужен опыт: мы всему научим и дадим возможность развития в международной компании! Наши условия:   оформление по ТК РФ с первого дня, оплачиваемый отпуск и больничный;   гибкий график, его можно менять каждую неделю, от 3 смен в неделю;   смены от 6 часов, выбирай самостоятельно, сколько работать;   оплачиваемый перерыв, который мы не вычитаем из смены;   ставка бариста от 300 до 360₽/час на руки, можешь повышать её с развитием навыков;   скидка команды на еду и напитки в нашем приложении.   А еще мы:   сделаем тебе медицинскую книжку за наш счет;   предоставим удобную форму (футболка, фартук и кепка);   подключим к программе бесплатной психологической поддержки Alter;   прокачаем твою кофейную экспертизу - научим дегустировать черный кофе, разбираться в оттенках вкуса, настраивать кофейное оборудование, варить альтернативу и создавать латте-арт;   предоставим возможность развития и повышения, мы заинтересованы в каждом человеке;   будем звать на тренинги, мастер-классы и командные мероприятия в офис;   постараемся подобрать наиболее удобную для тебя кофейню на собеседовании.   В Дринкит ты сможешь вырасти в бариста-профессионала, прокачать навыки кофейной экспертизы, получить развитие в международной компании и стать частью сплочённой команды!"
Помощник бариста в кафе CUPS,https://hh.ru/vacancy/117613819?query=%D0%B1%D0%B0%D1%80%D0%B8%D1%81%D1%82%D0%B0&hhtmFrom=vacancy_search_list,"от 60 000 ₽ за месяц,  на руки",Не указана,"Обязанности:  Уборка столов; Поддержание чистоты в зале; Заполнение стейшена; Заполнение холодильной витрины; Сбор заказов с собой; Помощь бариста; Возможна работа за кассой и баром.   Требования:  Стрессоустойчивость; Опрятный внешний вид; Обучаемость; Доброжелательность; Работа в команде.  Условия:  Ставка 320₽/час; График работы 3/3, 2/2, либо по договоренности с 8:00-18:00.  Официальное оформление."
Бариста,https://hh.ru/vacancy/118549396?query=%D0%B1%D0%B0%D1%80%D0%B8%D1%81%D1%82%D0%B0&hhtmFrom=vacancy_search_list,"от 60 000 до 90 000 ₽ за месяц,  на руки",Не указана,"Обязанности:Приготовление кофе и других напитковПродажа сопутствующих товаров ( десерты , выпечка и тд.)Приемка товаровСодержание помещения в чистотеТребования:АккуратностьВежливостьПунктуальностьОтветственностьОплата : 3000 выход ,+% от продаж после минимальной выработке выручки . У нас очень щедрые гости в кафе которые оставляют достойные чаевые ."
Бариста в ТРЦ Ривьера (м. Автозаводская),https://hh.ru/vacancy/117634142?query=%D0%B1%D0%B0%D1%80%D0%B8%D1%81%D1%82%D0%B0&hhtmFrom=vacancy_search_list,"от 56 550 до 75 000 ₽ за месяц,  на руки",Не указана,"Macaronika - первая российская фабрика и крупнейший производитель пирожных макарон с 2017 года. Ежедневно вдохновляем на творчество тысячи любителей макарон и ищем вдохновение сами. Мы собрали дружную, современную, творческую команду и сейчас находимся в поиске активных и классных Бариста в ТРЦ Ривьера (м. Автозаводская, ЗИЛ). Мы ждем в нашу команду тех, кто:  Уверен в себе и всегда на позитиве, дружелюбны, умеют находить с людьми общий язык, обладают прекрасным чувством юмора: Аккуратны, пунктуальны, трудолюбивы и всегда стремятся делать мир вокруг лучше; Если умеют варить вкусный кофе - отлично. А не умеют – мы с удовольствием научим.  Что нужно будет делать:  С удовольствием общаться с покупателями, раскрывать гастрономические особенности вкуса и текстуры пирожных макарон; Варить вкусный и качественный кофе, получать благодарность и улыбки любителей макарон; Работать на кассе; Поддерживать на постоянной основе красивую выкладку пирожных на витрине; Проводить инвентаризации, принимать товар и вести отчетность по смене; Постоянно поддерживать идеальную чистоту и порядок на рабочем месте.  Получите от нас:  Официальное трудоустройство по ТК РФ; Ставка до аттестации 270 руб/час. Ставка после первичной аттестации 290 руб/час на руки + достойная премия по выполнению плана по Т/О; Возможность ежемесячного премирования по результатам проверки торговых точек; Возможность повышать свою ставку через систему обучения и аттестаций; Стабильные выплаты и оплачиваемая стажировка с первого дня; Оплату обеденного перерыва; Доплату за стаж; Премию по акции ""Приведи друга""; Научим и обучим всему, что знаем сами; Прозрачную систему обучения и наставничества; Гибкий график работы 2/2 с 09:30 до 22.30; Скидки на продукцию компании; Стильную корпоративную форму; Участие во внешних корпоративных мероприятиях. Выстраиваем долгосрочное сотрудничество - не вариант для тех, кто ищет подработку на месяц.  За 5 лет наша компания выросла в 20 раз и сегодня, мы не просто лидеры индустрии по производству пирожных, а целое творческое объединение ярких и неординарных личностей, которые воплощают в жизнь самые смелые идеи! Раскройте свои таланты и реализуйте потенциал вместе с Macaronika!"
Бариста-кассир в Ресторан Кофемания BEZ TARELOK,https://hh.ru/vacancy/105748140?query=%D0%B1%D0%B0%D1%80%D0%B8%D1%81%D1%82%D0%B0&hhtmFrom=vacancy_search_list,"до 93 000 ₽ за месяц,  на руки",Не указана,"Кофемания — островок счастья и для наших гостей и для нас самих. Мы более 20 лет задаём тренды на рынке и ждём тебя в команду лучших в своём деле!   «Кофемания BEZ TARELOK» - уникальный проект Grab-and-go - проект с едой и напитками от звёздной команды в удобном формате и по приятной цене.   Вместе с нами ты можешь:  Работать в гибком графике по 8-12 ч., который составляется с учётом твоих пожеланий; Заработать на свою мечту; Повышать свою часовую ставку по мере роста квалификации; Стать частью креативного сообщества и яркой корпоративной жизни: участвовать в спортивных мероприятиях, экскурсиях, тимбилдингах и др.; Быть уверенным в завтрашнем дне – у нас оформление по ТК РФ и много бонусов: бесплатное обучение с нуля, мед.книжка за счёт компании, трёхразовое питание, стильная и удобная форма, корпоративные скидки; Развиваться и расти вместе с компанией – 100% управляющих выросли внутри компании.  Тебе предстоит:  Консультировать гостей по текущему ассортименту кафе; Поддерживать ассортимента витрины кафе; Готовить безалкогольные холодные, горячие и кофейные напитки, согласно рецептуре; Готовить несложные блюдам (сэндвичи), согласно рецептуре; Поддержание порядка и чистоты за стойкой в зале; Работать на кассе (после сдачи аттестации).  Мы ценим:  ​​​Желание развиваться в ресторанной сфере; Гостеприимство и открытость; Готовность к обучению и командной работе.  Стань частью самой известной и успешной команды ресторанов Кофемания :)   Приведи в компанию друзей и получи 20 000 рублей за каждого сотрудника!"
Бариста,https://hh.ru/vacancy/118605040?query=%D0%B1%D0%B0%D1%80%D0%B8%D1%81%D1%82%D0%B0&hhtmFrom=vacancy_search_list,"от 75 000 до 85 000 ₽ за месяц,  на руки",Не указана,"Kalabasa - это проект, существующий уже более 15 лет. История началась с кулинарного блога, а затем переросла в полноценное производство тортов и десертов на заказ.Сейчас Kalabasa - ресторан полного цикла.Это шесть видов Наполеона и несколько видов знаменитых макарон. Кофе собственной обжарки, коллекция винтажной посуды и стекла.Завтраки, обеды и ужины. Приглашаем присоединиться к команде!На должность бариста мы ищем человека, по-настоящему педантичного и ответственного, трудолюбивого, внимательного и аккуратного. Нам нужен классный бариста:  который может самостоятельно за 3-4 подхода настроить эспрессо на новом зерне; который одной рукой может приготовить волшебную воронку, а другой в тоже самое время взбить идеальное молоко для капучино, даже если молоко миндальное или кокосовое; который обязательно нарисует розетту или тюльпан; аккуратный, внимательный, позитивный и энергичный, вкладывающий всю свою любовь в каждый напиток; готовый во всем помогать и успевать дарить своё внимание нашим гостям;  А ещё в обязанности за баром входит:  Открытие и закрытие смены; Коррекция помола и пролива кофе; Подача/упаковка напитков и десертов; Поддержание рабочего места в идеальной чистоте и красоте;  Мы со своей стороны:  никогда не задерживаем выплату ЗП; оплачиваем 375 рублей в час, а это 4500 в смену! кормим своих сотрудников вкусным завтраками и обедами по специальному staff-меню от шефа; по возможности, стараемся учесть пожелания по необходимым выходным дням и составить максимально удобное для всех расписание, по умолчанию оно - 2/2 8:00-21:00 или 09:30-22:30; поддерживаем стремление к профессиональному развитию и карьерному росту. Можем научить обжаривать зерно, а также дать возможность попрактиковаться в этом! подбираем в команду только людей, с которыми будет комфортно и радостно работать всей нашей команде, на которых мы можем всегда положиться; предоставляем сотрудникам скидки на всю нашу продукцию, а также блюда по меню и напитки; оформляем медицинскую книжку за наш счёт; предоставляем униформу после прохождения испытательного срока; помогаем в обучении всем процессам;  До встречи в Kalabasa:)"
Бариста в диджитал-кофейню (м. Новокузнецкая),https://hh.ru/vacancy/118513719?query=%D0%B1%D0%B0%D1%80%D0%B8%D1%81%D1%82%D0%B0&hhtmFrom=vacancy_search_list,"от 55 000 до 65 000 ₽ за месяц,  до вычета налогов",Не указана,"Привет, это Дринкит!Дринкит — это новый формат диджитал-кофеен с искренним сервисом, качественным авторским кофе и удобным приложением, где можно настроить напиток на свой вкус и заказать заранее. Если ты:- любишь учиться и хочешь узнать новое о кофе- любишь общаться с людьми То тебе к нам!   Мы предлагаем достойную заработную плату и быстрый карьерный рост:  Ставка при обучении – 275 руб/час  Бариста – 320 руб/час   Бариста-наставник – 350 руб/час   Бариста-эксперт – 380 руб/час     Также от нас:  Гибкий график работы (смены по 6-12 часов) Оформление на 100% по ТК РФ- белая зарплата с выплатами 2 раза в месяц, оплачиваемые отпуска и больничные отсутствие штрафов Скидка до 60% на продукцию в наших кофейнях 100% компенсация медицинской книжки Возможность развития до позиции ""Лидер кофейни"" Премия “приведи друга” в размере 10 000 рублей Чем предстоит заниматься?  Готовить кофе и другие напитки Проводить уборку рабочей зоны Общаться с гостями    Тебе не нужно специальное образование или опыт: мы всему научим с нуля и дадим возможность развития!   Оставляй отклик сегодня, и с тобой свяжутся Лизавета или Виктория в течение 24 часов.p.s. Лиза и Вика экс-бариста Дринкит, а теперь они HR-рекрутеры"
"Срочная вакансия Бариста в кофейню Груша (мцд. Сколково, ул. Нобеля, 3)",https://hh.ru/vacancy/117960136?query=%D0%B1%D0%B0%D1%80%D0%B8%D1%81%D1%82%D0%B0&hhtmFrom=vacancy_search_list,"от 60 000 до 80 000 ₽ за месяц,  на руки",Не указана,"Срочная вакансия Бариста в крутую команду - успей до 28 Марта! За неделю обучим и сразу выведем в стабильный график! Груша - это сеть современных кофеен, где работает формула заботливый сервис+качественный кофе= довольные гости с желанием вернуться вновь!Ты - наш кандидат, если у тебя:есть жгучая любовь к кофе,щепотка ответственности;и желание работать с людьми;Тебя ждёт:Обучение за наш счёт;Суммарная ставка 375₽/ч;Гибкий график на 2 недели вперед;Смены от 3 дней в неделю по 8/10ч;Бесплатное питание на 2 или 3 блюда, а также напитки;Официальное оформление после 3 мес. работы;Мы предлагаем:Премию 3000 ₽ за каждого приведенного друга;Скидку 45% на всю продукцию, напитки и зерно;Возможность роста за год до Старшего Бариста/ Лидера кофеен/ HR/ SMM;Встречи команды для общей разрядки и вдохновения;Связаться с нами можно и нужно в любое время! Ждём только тебя - успей до 28 Марта!"
Бариста в кулинарную лавку братьев Караваевых,https://hh.ru/vacancy/118155517?query=%D0%B1%D0%B0%D1%80%D0%B8%D1%81%D1%82%D0%B0&hhtmFrom=vacancy_search_list,"до 110 000 ₽ за месяц,  на руки",Не указана,"Кулинарные лавки Братья Караваевы - это сеть современных городских кафе в формате fast casual, являющееся частью экосистемы Нефтьмагистраль. Что мы предлагаем:  График: смены – 8, 9, 10, 12 часов в день Гарантированные выплаты 2 раза в месяц Фиксированная часовая ставка + % от выручки кулинарной лавки Возможность получать дополнительную премию за наставничество Официальное оформление по ТК РФ Работа рядом с домом или учебным заведением Оплата стажировки с 1-ого дня Помощь в оформлении медицинской книжки Работа в красивом Московском кафе с оригинальным дизайном Обеспечиваем питанием по меню кафе за счет компании, экономия более 10.000 рублей в месяц  Приведи в компанию друга и получи 10.000 рублей С нами можно:  Пройти обучение в школе бариста за счет компании Получить сертификат государственного образца о получении или повышении квалификации Развиваться и расти внутри компании до руководителя или перейти на офисную должность Участвовать в спортивных и корпоративных мероприятиях компании  Что делают наши бариста:  Консультируют покупателей по ассортименту напитков и десертов Информируют гостей о действующей системе лояльности Производят расчëт гостей на кассе Работают на рожковой кофемашине Готовят авторские напитки Выкладывают продукцию на витрину  Мы ценим в кандидатах и сотрудниках:  Способность создавать атмосферу уюта Вежливость, внимательность и заботу о госте Необходим опыт работы бариста с приготовлением кофе на рожковой кофемашине от полугода"
Бариста,https://hh.ru/vacancy/117986730?query=%D0%B1%D0%B0%D1%80%D0%B8%D1%81%D1%82%D0%B0&hhtmFrom=vacancy_search_list,"от 60 000 ₽ за месяц,  на руки",Не указана,"Привет!Solo Noi –Первая Московская фокаччерия. Основа концепции – Итальянская классика, свежая фокачча с начинками: из мортаделлы, песто, пармы, моцареллы, трюфеля, салями, пармезана и других прекрасных продуктов.А ещё: проработанная кофейная линейка, традиционные Итальянские десерты собственного производства и скромная винная карта.Solo Noi – не только фокаччерия, но и место встречи с друзьями и близкими в приятной атмосфере с проработанным дизайном (фотографиями со стройки делимся лично:))https://t.me/solonoi_moscowМы –Инициативная и опытная команда партнеров. За плечами реализованные и успешно функционирующие кофейни и рестораны. Жаждем делиться опытом и учиться новому вместе с вами.Что нужно будет делать:готовить напитки и полуфабрикаты чётко в соответствии с ТТКследить за чистотой своего рабочего местазаботиться о гостях и их комфортеКого мы ищем:ответственного, исполнительного и умеющего работать в командечестного, открытого, ответственноготого, кто искренне любит людей и кофекто владеет навыками латте-артаопыт работы в specialty сегменте будет преимуществомУсловия:м. Белорусская, 5 метров от выхода метроработа в молодой и дружной команде• Ставка 3600₽ за 12 часов (300₽/час)Работа с винной картойГибкий график, по согласованию"
Бариста в диджитал-кофейню (м. Войковская),https://hh.ru/vacancy/118385159?query=%D0%B1%D0%B0%D1%80%D0%B8%D1%81%D1%82%D0%B0&hhtmFrom=vacancy_search_list,"от 55 000 до 65 000 ₽ за месяц,  на руки",Не указана,"Привет, это Дринкит!Дринкит — это новый формат диджитал-кофеен с искренним сервисом, качественным авторским кофе и удобным приложением, где можно настроить напиток на свой вкус и заказать заранее. Если ты:- любишь учиться и хочешь узнать новое о кофе- любишь общаться с людьми То тебе к нам!   Мы предлагаем достойную заработную плату и быстрый карьерный рост:  Ставка при обучении – 275 руб/час  Бариста – 320 руб/час   Бариста-наставник – 350 руб/час   Бариста-эксперт – 380 руб/час     Также от нас:  Гибкий график работы (смены по 6-12 часов) Оформление на 100% по ТК РФ- белая зарплата с выплатами 2 раза в месяц, оплачиваемые отпуска и больничные отсутствие штрафов Скидка до 60% на продукцию в наших кофейнях 100% компенсация медицинской книжки Возможность развития до позиции ""Лидер кофейни"" Премия “приведи друга” в размере 10 000 рублей Чем предстоит заниматься?  Готовить кофе и другие напитки Проводить уборку рабочей зоны Общаться с гостями    Тебе не нужно специальное образование или опыт: мы всему научим с нуля и дадим возможность развития!   Оставляй отклик сегодня, и с тобой свяжутся Лизавета или Виктория в течение 24 часов.p.s. Лиза и Вика экс-бариста Дринкит, а теперь они HR-рекрутеры"
Бариста,https://hh.ru/vacancy/118466599?query=%D0%B1%D0%B0%D1%80%D0%B8%D1%81%D1%82%D0%B0&hhtmFrom=vacancy_search_list,"от 80 000 ₽ за месяц,  на руки",Не указана,"Культурный код - уютное кафе, которое располагается в самом центре Тверского района - напротив миусского парка, в двух шагах от РГГУ. Завтраки и вкусный кофе - утром, быстрый обед - днем, и посиделки с друзьями под вино - вечером. ВАЖНО! Мы ищем не просто бариста, а человека, который сможет стать частью нашего коллектива! Кого мы ищем:  Опыт работы от 1 года в должности бариста (приветствуется опыт работы в сетевых проектах); В жизненных принципах у тебя любовь к людям и качественной/интересной еде, кофе и вину; Для тебя очень важно развиваться и не стоять на месте; Знание стандартов сервиса; У тебя презентабельный внешний вид и ты умеешь непринужденно выстраивать общение с гостями, владеете навыками эффективных коммуникаций; Умение работать в команде и нацеленность на результат - выполнение KPI обязательно.    Что ты будешь делать:  Варить кофе, готовить наши фирменные напитки, наливать пиво и вино; Коммуницировать с гостями и поддерживать уникальную атмосферу концепции КК; Решать административные вопросы, связанные с функционированием кафе; Проводить кассовые операции; Принимать участие в инвентаризации.    Что мы можем тебе дать:  Работа в потрясающей атмосфере Ставка 400р/ч + чаевые (300р/ч на период испытательного срока - 1 мес) Заработная плата выплачивается 2 раза в месяц. График работы 5/2, 2/2, 4/3 (смены от 8 до 12 часов) Бесплатное питание; Оплачиваемый больничный и отпуск.  P.S Мы не рассматриваем кандидатов без фото. Заявки с резюме без фото автоматически уходят в отказ."
Бармен,https://hh.ru/vacancy/112001562?query=%D0%B1%D0%B0%D1%80%D0%B8%D1%81%D1%82%D0%B0&hhtmFrom=vacancy_search_list,"от 80 000 ₽ за месяц,  на руки",Не указана,"Right Hops - это модные пивные бары в Москве, Санкт-Петербурге и Екатеринбурге, расположенные в знаковых гастрономических пространствах. В каждом баре до 700 сортов пива и сидра со всего мира. Если вы горите желанием присоединиться к команде энтузиастов и профессионалов, которые искренне увлечены своей работой, то ваши поиски завершились. Right Hops - это то, что вам нужно! Что мы предлагаем    Работу мечты в прогрессивной и динамично развивающейся компании Дружный коллектив, искренне радующийся твоим идеям и предложениям Гибкий рабочий график, смены начинаются с 11:30 Возможность приобретения продукции со скидкой 50% Полностью оплачиваемое такси после смен, независимо от расстояния до дома Удобные локации рядом с метро Оплачиваемая стажировка и тренинги под руководством ведущих экспертов индустрии Участие в дегустациях и посещение пивоварен Возможности для карьерного и профессионального роста внутри команды Right Hops Доход от 80000 рублей + чаевые Привлекательные бонусы и система KPI Компенсация расходов на питание  Вам предстоит    Радостное общение с гостями и коллегами Создание атмосферы позитива и дружелюбия Ежедневный контроль качества продукции Активное участие в жизни команды Поддержание уюта и порядка в баре  Что мы ожидаем    Стремление работать в команде лидеров отрасли Любовь к пиву и желание развивать пивную культуру Интерес к новинкам и трендам индустрии пива и сидра Актуальную медицинскую книжку или желание её оформить Опыт работы на позициях бармена, баристы, продавца или кассира будет большим плюсом"
Бариста (м.Коломенская),https://hh.ru/vacancy/117648791?query=%D0%B1%D0%B0%D1%80%D0%B8%D1%81%D1%82%D0%B0&hhtmFrom=vacancy_search_list,"от 72 000 до 120 000 ₽ за месяц,  на руки",Не указана,"Бариста отзовись!Привет! Компания «Кофе твой друг» и «Привет» Ищет крутого бариста или бариста, который только планирует стать крутым, на точку м. Коломенская☕️Точка в метро с большим потоком!График работы 2/2⏰ Смена : будни с 8:00-23:00Выходные с 7:30-22:00Ставка: 270 ₽/ч + 250₽ стаффЗП: 4455(за смену) *16 (рабочих дней) = 71280+ 4320 стафф+ чай и премия (так как точка очень проходная 10-20 т.)Итого: при графике 2/2 80000+Отклик на вакансию сразу с данными:✅ ФИО✅ Телефон✅ Опыт работы✅ Ближайшее к вам метро.Также у нас открыты вакансии по другим точкам:Новые ЧеремушкиАнниноПо обязанностям как у всех:Приготовление отличного кофе/чая/сезонных напитков.Общение с ГостямиРасчет гостейРабота на кассеСоздание хорошего настроения гостям.Поддержание чистоты кофейни и оборудованияКонтроль и поддержание пищевой безопасностиУмение настроить кофейное оборудованияПродажа выпечки, сэндвичей и т.дАктивные гибкие продажиКонтроль за остатками товара и сроками годностиВыкладка товараСоблюдение стандартов компанииОткрытие и закрытие точки"
"Бариста в кофейню ""Cofix""",https://hh.ru/vacancy/118328184?query=%D0%B1%D0%B0%D1%80%D0%B8%D1%81%D1%82%D0%B0&hhtmFrom=vacancy_search_list,"от 75 000 до 110 000 ₽ за месяц,  на руки",Не указана,"COFIX - ЭТО: ФРАНШИЗА №1 В РОССИИ У нас 34 кофейня в Москве и 1 в Санкт-Петербурге. ЗНАКОВЫЙ БРЕНД К нам каждый день приходят 90 000 гостей, за нами следят 100 000 подписчиков в социальных сетях, а наше приложение установлено у 400 000 человек. Поэтому мы знаем точно — нас любят. ПРОСТАЯ ФИЛОСОФИЯ Мы убеждены, что качественный кофе и перекусы не должны быть роскошью. Поэтому мы стремимся предложить всем нашим гостям еду и напитки по справедливым и фиксированным ценам. Обязанности:  Приготовление напитков по техническим картам с соблюдением рецептур сети; Работа с кассой; Поддержание чистоты в кофейне; Контроль остатков товара в торговом зале и кофейне ,своевременное пополнение его; Работа с покупателями.  Требования:  Инициативность, энтузиазм, дружелюбие; Коммуникабельность - важное качество в работе с гостями и коллегами; Готовность к драйвовому ритму работы в дружном коллективе; Готовность учиться новому и развиваться профессионально.  Условия:  График работы на выбор: 5/2, 2/2, 3/3 и 6/1; Обучение с профессиональными тренерами и получение сертификата о прохождении обучения; Удобное месторасположение: выбираем кофейню, которая находится ближе всего к Вашему дому; Молодой и дружелюбный коллектив; Наличие дресс-кода; Адрес: м. Первомайская, м. Алексеевская, м. Савеловская, м. Молодежная"
Бариста-кассир,https://hh.ru/vacancy/117794912?query=%D0%B1%D0%B0%D1%80%D0%B8%D1%81%D1%82%D0%B0&hhtmFrom=vacancy_search_list,"от 56 900 до 78 200 ₽ за месяц,  на руки",Не указана,"В сети кафе-пекарен ""Хлеб с маслом"" открыта вакансия Бариста ! Можно без опытаБудем рады видеть сотрудников как с опытом, так и без опыта работы, желающих развиваться вместе с нами! Обязанности:  Приготовление кофейных напитков Прием заказов в формате togo; помощь и активные доп. продажи гостям при выборе напитков/ выпечки Расчет гостей, работа с кассой Оформление витрин Соблюдение стандартов компании Создание позитивной и уютной атмосферы кофейни  Требования:  Грамотная речь Желание развиваться в сегменте HoReCa Доброжелательность, внимательность, ответственность  Условия:  Сменный график 2/2, 4/2, 3/3, гибкий график (прекрасная возможность совмещать с учебой) Официальное оформление в соответствии с ТК РФ Заработная плата два раза в месяц Обучение в процессе работы от лучших специалистов города Бесплатное питание Компенсация медицинской книжки  Дружный коллектив профессионалов, атмосфера взаимовыручки  Благодаря нашим Бариста наша сеть стремительно развивается!Вкусная выпечка, ароматный кофе! Достойные условия труда!МЫ ПО ВСЕЙ МОСКВЕ!Пиши, звони и мы выберем кофейню , максимально удобную по расположению.Мы ждем именно тебя!"
Бариста,https://hh.ru/vacancy/118573330?query=%D0%B1%D0%B0%D1%80%D0%B8%D1%81%D1%82%D0%B0&hhtmFrom=vacancy_search_list,"от 70 000 до 100 000 ₽ за месяц,  на руки",Не указана,"Обязанности:- Знание ТК- Приготовление классических, авторских напитков по весам, чая, фрешей, заготовок - Обслуживание и консультирование гостей по десертам, кофе- Поддержание чистоты на баре- Расчет гостей на заказы с собой- Закрытие сменыТребования:Опыт работы бариста от 1 года- Качественное приготовление напитков- Уверенный латте-арт- Опрятный внешний вид- Ответственность- Умение работать в команде- Уважительное отношение к продуктам, оборудованию, гостям и коллегам - Официальное оформлениеУсловия:График работы ресторана: будни 9-00, выходные 10-00 - Расписание составляется за неделю по договоренности, не менее 4 смен в неделю- Смены 8/12 часов по договоренности- Ставка от 350₽/час + чаевые (~1000₽) после прохождения стажировки. Стажировка оплачиваемая- Стабильный доход, своевременные выплаты 3 раза в месяц- Ежегодная индексация ставки - Стафф питание 3 раза в день"
Бариста в кофейню Дринкит (м. Баррикадная),https://hh.ru/vacancy/118592503?query=%D0%B1%D0%B0%D1%80%D0%B8%D1%81%D1%82%D0%B0&hhtmFrom=vacancy_search_list,"от 53 000 до 63 000 ₽ за месяц,  до вычета налогов",Не указана,"Привет, это Дринкит! Дринкит — это новый быстроразвивающийся формат кофеен с классным сервисом, качественным авторским кофе и собственным приложением, где можно настроить напиток на свой вкус и заказать его заранее по пути в кофейню, не подходя к кассе. Мы развиваемся в рамках крупной международной компании DODO Brands, и сейчас у нас на счету уже 16 кофеен. Мы только в самом начале нашего пути, но планируем построить огромную сеть по всему миру. И приглашаем людей, увлечённых кофе, на работу в наши новые кофейни! Если вы хотите вместе с нами делать день сотен людей ежедневно лучше — то эта работа для вас. Вам не нужно специальное образование или опыт: мы всему научим. Условия работы:   Оформление по ТК РФ и оплачиваемое обучение с первого рабочего дня — 275 ₽/час, после обучения ставка 300 ₽/час (чистыми);   Скидка до 60% на всю продукцию;   Гибкий график, плавающие выходные, 4-5 смен в неделю;   Смены длятся по 5-9 часов, перерыв 30 минут; утренние смены с 7:00- 14:00, вечерние — 14:00-21:00   А еще мы:   Сделаем тебе медицинскую книжку за наш счет;   Предоставим классную и удобную форму;   Подключим к программе бесплатной психологической поддержки от сервиса Alter;   Регулярно проводим тренинги, мастер-классы и командные мероприятия;   Прокачаем твою кофейную экспертизу - научим дегустировать черный кофе, разбираться в оттенках вкуса, настраивать кофейное оборудование и многое другое;   Предоставим возможность быстрого развития до позиций ""Бариста Наставник"", ""Бариста Эксперт"".   Наши бариста постоянно учатся новому, получают объективную обратную связь и обмениваются идеями и вдохновением внутри крутой команды. Мы проводим чемпионаты, каппинги, мастер-классы, тренинги по личной эффективности, с нами ты сможешь вырасти в бариста-профессионала, прокачать навыки кофе, получить вертикальный рост и стать частью крутой сплочённой команды — потому что наш главный принцип в работе: ""Люди — это главное!"""
Бариста (ст. Нижегородская),https://hh.ru/vacancy/118004749?query=%D0%B1%D0%B0%D1%80%D0%B8%D1%81%D1%82%D0%B0&hhtmFrom=vacancy_search_list,"от 70 000 до 80 000 ₽ за месяц,  на руки",Не указана,"УВАЖАЕМЫЕ КАНДИДАТЫ, ПОЖАЛУЙСТА, ОЗНАКОМЬТЕСЬ С ГРАФИКОМ РАБОТЫ""Кофе в метро"" приглашает целеустремленных, инициативных, энергичных людей на вакансию БАРИСТА. Обязанности:График работы с 7:00Почасовая оплата - 300 руб./час + % от выручки + чаевые + премии от выполнения плана;Оплатим мед.книжку если ее нет или просрочена;Премии за выслугу лет и хорошую работу;Мотивационные премии ежемесячно.Питание, униформа и дружный, молодой коллектив. Опыт работы не требуется - научим всему, что знаем сами! Карьерный рост - мы активно развиваемся и вместе с нами растут наши сотрудники! Требования:Активные, целеустремленные и коммуникабельные люди;Желание работать в сфере обслуживания;Работать на результат и получать адекватную оплату;Доброжелательность, приветливость и радушие;Желание обучаться;Аккуратность и чистоплотность! Условия:Вежливое обслуживание и расчет посетителей кафе;Консультация гостей по ассортименту;Выкладка готовой продукции, подготовка витрин;Приготовление различных напитков (лимонады, чай‚ кофе).Оформление в соответствии ТК РФ. ЖДЕМ ВАШИХ ЗВОНКОВ!"
Шеф бариста,https://hh.ru/vacancy/117995934?query=%D0%B1%D0%B0%D1%80%D0%B8%D1%81%D1%82%D0%B0&hhtmFrom=vacancy_search_list,"от 90 000 до 120 000 ₽ за месяц,  на руки",Не указана,"В кофейню премиум класса требуется Шеф бариста. Мы развивающаяся премиальная сеть кофеин в Москве, с полным циклом обслуживания. Европейская кухня, вкуснейшие завтраки, десерты собственного производства.  Ищем Шеф Бариста, который любит кофе, знает кофейную индустрию, готов развиваться вместе с компанией. Обязанности: - управление баром в 2х вверенных кофейнях - подбор и обучение персонала - соблюдение стандартов компании - заказ, учет продукции и инвентаря бара - разработка и введение барного меню заведения. - работа с ЕГАИС и меркурий (обучим при необходимости)  Требования: - Опыт работы Шеф Бариста, Бар Менеджером или Старшим Бариста. - Знание кофейной индустрии - Лидерские качества - Умение создавать команду. Условия: - Оклад 110 000р + чаевые + бонусы - Официальное трудоустройство - График работы 5/2 по 10 часов - 3х разовое питание - Дружный коллектив, комфортные условия труда"
Бариста,https://hh.ru/vacancy/117961570?query=%D0%B1%D0%B0%D1%80%D0%B8%D1%81%D1%82%D0%B0&hhtmFrom=vacancy_search_list,"от 65 000 ₽ за месяц,  на руки",Не указана,"Бабл ти и кофе бар SWEET LAVKA в поисках БАРИСТААдрес баров: Цветной бульвар, д.7 ст.1 (2 мин от метро)Пн-чт 8.00-23.00Пт-вс 10.00-23.00 Земляной Вал, 33 м. КурскаяПн-вс 10.00-23.00 Чечерский проезд, 51 м. Бунинская АллеяПн-вс с 10.00-22.00 Работают по 2 сотрудника в смене, один открывается, второй высыпается Что предлагаем  Ставка 340р./час; Компенсация обедов 300р./в день; Оплачиваемое обучение перед началом работы; График работы: 2/2; 3/2 полный день; Выплаты 2 раза в месяц; Официальное оформление; Полы моет уборщица; Бар совмещен с магазином товаров со всего мира Sweet Lavka; Комфортное, популярное, современное место и приятные гости; Скидки на продукцию во всех магазинах сети Sweet Lavka (после ИС).  Что ожидаем от будущего коллеги  Работа с бабл ти и не кофейными напитками будет преимуществом (если нет, научим); Является образцом сервисного поведения (гостеприимный и радушный ); Чистоплотный; Пунктуальный.  От Вас  Приготовление напитков (кофе и др. напитки); Поддержание чистоты; Участие в инвентах; Участие в маркет акциях.  Если ты чувствуешь, что между нами возможен ""мэтч"", скорее откликайся! Мы оперативно свяжемся и договоримся о встрече, чтобы познакомиться поближе. До встречи в Sweet Lavka!"
Бариста,https://hh.ru/vacancy/118501507?query=%D0%B1%D0%B0%D1%80%D0%B8%D1%81%D1%82%D0%B0&hhtmFrom=vacancy_search_list,"от 90 000 до 115 000 ₽ за месяц,  на руки",Не указана,"Добрый день!На постоянную основу в гастробистро «То Самое» требуются:•Бариста 330/часГрафик работы заведения:Ежедневно с 7:30 до 21:00Мы находимся по адресу метро Пятницкое шоссе, Пос. Отрадное, улица Пятницкая д. 14Обязанности:• Приготовление напитков по тех. картам: кофе, кофейные напитки, чай, лимонады, фреши, смузи• Продажа кондитерских изделий, еды и сопутствующих продуктов• Поддержание идеального порядка на рабочем месте (уборка);• Работа с кассойТребования:• Улыбчивость (Улыбкой встречать и провожать клиента);• Опрятность, позитивное настроение• Пунктуальность, тактичность, ответственность, аккуратность, общительность• Желание обучаться• Опыт работы желателен (если нет, научим)"
Бариста в кондитерский магазин (Москва),https://hh.ru/vacancy/111975733?query=%D0%B1%D0%B0%D1%80%D0%B8%D1%81%D1%82%D0%B0&hhtmFrom=vacancy_search_list,"от 70 000 до 150 000 ₽ за месяц,  на руки",Не указана,"Обязанности:  Приготовление горячих и холодных напитков; Выпечка вафель, приготовление сэндвичей и круассанов; Активное предложение продукции; Работа с кассой и ведение отчетности по продажам; Формирование сладкой витрины; Поддержание чистоты рабочего места и оборудования  Условия:  Возможность выбрать график работы (2/2, 5/2) Рабочий день С 8.00 ДО 17.00 Питание оплачивается за счет компании Оплачиваемая стажировка (оформление с 1 дня) Обучаем всему сами  Требования:  Нужна личная медицинская (помогаем с оформлением) Ответственность"
"Бариста в Бизнес-центр ""Cherry Tower""",https://hh.ru/vacancy/117640500?query=%D0%B1%D0%B0%D1%80%D0%B8%D1%81%D1%82%D0%B0&hhtmFrom=vacancy_search_list,"от 74 000 до 86 000 ₽ за месяц,  на руки",Не указана,"Привет! Мы сеть кофеен ""Goodbuns"". За 8 лет у нас появилось 7 кофеен, и мы не собираемся на этом останавливаться. Делаем только самый лучший кофе, работаем на кофейном зерне от rockets.Мы всегда стараемся быть лучше, и всегда работаем на качество, а для этого в нашу дружную команду нужен ещё один бариста!) Что нужно будет делать:  Готовить кофейные напитки; Настраивать оборудование; Работать на кассе; Пополнять витрины; Поддерживать чистоту и уют в кофейне.  Что для нас важно:  У тебя есть релевантный опыт от полугода; Ты обладаешь ответственностью и пунктуальностью; Любишь кофе; Знаешь, что такое клиентоориентированность, и любишь работать с людьми!  А что от нас:  График работы 5/2 без плавающих выходных; Смена с 7:30 до 17:30; Смена с 08:30 до 18:30 ставка 320р в час Еженедельная выплата по понедельникам; Тренинги по кофе; Вкусные завтраки и обеды; Команду, которая любит своё дело!От метро Новые Черёмушки 1 минута пешкомМы очень ждём твоего отклика!"
Бариста в кафе IQ Кофе,https://hh.ru/vacancy/117826210?query=%D0%B1%D0%B0%D1%80%D0%B8%D1%81%D1%82%D0%B0&hhtmFrom=vacancy_search_list,"от 90 000 до 105 000 ₽ за месяц,  до вычета налогов",Не указана,"Обязанности: • Приготовление кофейных напитков. • Обслуживание гостей за барной стойкой. Работа с кассой. • Ведение отчетности. • Обеспечение чистоты и порядка в кафе.   Требования: • Умение общаться, уверенность в себе. • Опыт работы бариста не обязателен. Условия: • Условия работы обговариваются на собеседовании. • Оплата от 4 100 р. до 5 000 р. за смену, в зависимости от опыта, графика и премии.   Тип занятости: • Полная занятость, полный день, 5/2. • Стандартная смена с 8 до 19 часов.   Место работы: • Современный бизнес центр, недалеко от Метро Румянцево • Современный бизнес центр, недалеко от Метро Деловой центр   Рассматриваются резюме только с фотографиями."
Бариста-бармен,https://hh.ru/vacancy/118208222?query=%D0%B1%D0%B0%D1%80%D0%B8%D1%81%D1%82%D0%B0&hhtmFrom=vacancy_search_list,"100 000 ₽ за месяц,  на руки",Не указана,"Обязанности:    Открытие/закрытие бара по чек-листу Знание и соблюдение стандартов санитарии Опрятный внешний вид, соблюдение дресс-кода Соблюдение правил внутреннего трудового распорядка Знание рецептуры приготовления на весь ассортимент бара Знание ассортимента и состава товаров, включая крепкий алкоголь и вина Приготовление и презентация напитков по рецептурной книги бара Правильное распределение приоритетов при приготовлении напитков, высокая скорость работы Консультирование Гостей относительно ассортимента и вкусовых особенностей напитков Работа с ассортиментом, проведение инвентаризации. Контроль сроков годности товара и полуфабрикатов Выкладка товара и поддержание наполненности витрины Работа с техникой (автоматическая кофемашина, блендер, соковыжималка, гриль, ледогенератор) Поддержание чистоты и порядка Создание позитивной атмосферы для Сотрудников и Гостей  Требования:  Отличные коммуникативные навыки и умение общаться с Гостями Хороший вкус и чувство стиля в оформлении напитков Ответственность, чистоплотность, трудолюбие, пунктуальность Готовность обучаться и развиваться.  Условия:  официальное трудоустройство; сменный график: 6/1; выплата заработной платы 2 раза в месяц без задержек; бесплатное питание; бесплатная рабочая форма; дружный, молодой коллектив; оплачиваемая стажировка; обучение и развитие;   работа в ресторане торгового центра ""Квартал-Вест"", м. Давыдково/м.Кунцевская"
Бариста (Кузьминки Молл),https://hh.ru/vacancy/117162903?query=%D0%B1%D0%B0%D1%80%D0%B8%D1%81%D1%82%D0%B0&hhtmFrom=vacancy_search_list,"от 85 000 ₽ за месяц,  на руки",Не указана,"TomiOmi – федеральная сеть бабл баров.Яркий и молодой бренд, который стремительно развивается на территории России.Мы гордимся качеством наших напитков и уровнем нашего сервиса.TomiOmi это бренд. А бренд – это люди, которые его создают.Поэтому наша главная ценность — это именно люди. Мы тщательно подходим к выбору сотрудников для нашей команды.Как попасть к нам в команду? Безусловно нужно быть позитивным человеком, любить людей, bubble tea и конечно же TomiOmi!Для нас работа в TomiOmi - это лайфстайл, место где мы находим друзей и единомышленников, получаем интересный опыт и раскрываем свой потенциал.Двигай к нам, если ты:● Опрятный (яркий внешний вид, пирсинг, татуировки? Мы только за!)● Ориентирован на Гостя и любишь работать с людьми● Любишь работать в активном режиме● Ответственный и честный● Умеешь работать в командеУ тебя нет опыта, но есть огромное желание? Мы научим!Почему работать у нас — это круто?● Молодая и веселая команда профессионалов, в которой каждый может реализовать себя;● Заработная плата без задержек 2 раза в месяц от 85.000 т.р;● Оплачиваемая стажировка под руководством опытных бариста;● График сменный- плавающий (смены по 9-12 часов, согласуем удобный для тебя)● Бесплатное корпоративное питание;● Стильная форма;● Корпоративная скидка 25% в заведениях-партнерах;● Реальная возможность карьерного роста и развития в Компании;● Оформление по ТК РФ.● Возможность совмещать с учебой.Что нужно делать?Обслуживать Гостей за кассой и создавать им отличное настроение;Качественно готовить напитки из меню согласно ТТК;Соблюдать нормы санитарии , поддерживать чистоту и соблюдать стандарты. Мы ждем тебя в нашу суперсемью TomiOmi!Твоим преимуществом будет опыт работы в таких компаниях - КФС, Вкусно и Точка, Бургеркинг, DoDo пицца, OnePriceCoffee, OneDoubleCoffee, CoffeeLike, Кофемания и т.д."
Бариста,https://hh.ru/vacancy/118219447?query=%D0%B1%D0%B0%D1%80%D0%B8%D1%81%D1%82%D0%B0&hhtmFrom=vacancy_search_list,"до 90 000 ₽ за месяц,  до вычета налогов",Не указана,"Привет, я Наталья и я руководитель кофейни Do.BRO Coffee! Я очень люблю кофе,что наверное очевидно, но так же я люблю создавать уютную и дружелюбную атмосферу, где ты - как дома❤️   Я ищу в команду ответственного и заинтересованного человека, который разделяет мои ценности, и хочет зарабатывать деньги в удобном, гибком графике, поэтому если ты в том числе студент - ты тоже сможешь работать   Обязанности: - готовить вкусные напитки по нашим рецептурам; - поддерживать уют и чистоту в кофейне; - улыбаться, болтать с гостями и получать удовольствие; - ну а делая все что выше, получать еще доп.% с продаж   Требования: - опыт работы - желателен, но если ты не умеешь готовить кофе, мы - научим   Условия: - возможность составления гибкого графика работы по пол дня утром или вечером, или целого дня в удобные дни в идеале выйти на график 2/2; - трудоустройство по ТК или ГПХ   Бонусы: - обед за мой счет; - задержалась на работе - отправлю домой на такси вечером   Напиши слово ДОБРО при отклике и я угощу тебя самым вкусным кофе на собеседование ☕️"
Бариста (Кузьминки Молл),https://hh.ru/vacancy/117162903?query=%D0%B1%D0%B0%D1%80%D0%B8%D1%81%D1%82%D0%B0&hhtmFrom=vacancy_search_list,"от 85 000 ₽ за месяц,  на руки",Не указана,"TomiOmi – федеральная сеть бабл баров.Яркий и молодой бренд, который стремительно развивается на территории России.Мы гордимся качеством наших напитков и уровнем нашего сервиса.TomiOmi это бренд. А бренд – это люди, которые его создают.Поэтому наша главная ценность — это именно люди. Мы тщательно подходим к выбору сотрудников для нашей команды.Как попасть к нам в команду? Безусловно нужно быть позитивным человеком, любить людей, bubble tea и конечно же TomiOmi!Для нас работа в TomiOmi - это лайфстайл, место где мы находим друзей и единомышленников, получаем интересный опыт и раскрываем свой потенциал.Двигай к нам, если ты:● Опрятный (яркий внешний вид, пирсинг, татуировки? Мы только за!)● Ориентирован на Гостя и любишь работать с людьми● Любишь работать в активном режиме● Ответственный и честный● Умеешь работать в командеУ тебя нет опыта, но есть огромное желание? Мы научим!Почему работать у нас — это круто?● Молодая и веселая команда профессионалов, в которой каждый может реализовать себя;● Заработная плата без задержек 2 раза в месяц от 85.000 т.р;● Оплачиваемая стажировка под руководством опытных бариста;● График сменный- плавающий (смены по 9-12 часов, согласуем удобный для тебя)● Бесплатное корпоративное питание;● Стильная форма;● Корпоративная скидка 25% в заведениях-партнерах;● Реальная возможность карьерного роста и развития в Компании;● Оформление по ТК РФ.● Возможность совмещать с учебой.Что нужно делать?Обслуживать Гостей за кассой и создавать им отличное настроение;Качественно готовить напитки из меню согласно ТТК;Соблюдать нормы санитарии , поддерживать чистоту и соблюдать стандарты. Мы ждем тебя в нашу суперсемью TomiOmi!Твоим преимуществом будет опыт работы в таких компаниях - КФС, Вкусно и Точка, Бургеркинг, DoDo пицца, OnePriceCoffee, OneDoubleCoffee, CoffeeLike, Кофемания и т.д."
Бариста Депо,https://hh.ru/vacancy/118449753?query=%D0%B1%D0%B0%D1%80%D0%B8%D1%81%D1%82%D0%B0&hhtmFrom=vacancy_search_list,"от 80 000 до 100 000 ₽ за месяц,  до вычета налогов",Не указана,"Мы команда профессионалов, создающая успешные проекты в сфере гостеприимства и сервиса. В Петербурге, Москве и Сочи успешно работают такие проекты, как кафе с десертами ручной работы ""Забыли Сахар"", азиатская сеть Bao Mochi, итальянское кафе с собственной пекарней Мука Cafe, specialty кофейня PA PA POWER coffee. Готовим вкусный кофе на лучшем оборудовании, приверженцы натуральности, фанаты крутого сервиса, дорожим нашей внутренней культурой, делимся знаниями. Приглашаем заряженных на успех бариста присоединиться к крутой команде Забыли сахар! Мы предлагаем:  Бесплатное обучение в процессе работы, углубленный курс по кофе; Развитие и профессиональный рост, возможность вырасти до руководящих позиций или перейти в офис; Интенсивную и насыщенную корпоративную жизнь; Работу только на профессиональном кофейном оборудовании; Гибкий график работы, возможность совмещать с учёбой; Стабильные выплаты и возможность влиять на свой уровень дохода; Ставка 320р.ч. + премии + чай; Оплачиваемые больничный и отпуск; Вкусное корпоративное трехразовое питание, скидки на продукцию; Официальное оформление по ТК ;  Отсутствие штрафов. Все просто: мы доверяем всем, кто работает у нас) Тебе предстоит:  Готовить напитки и подавать наши супер-десерты; Проводить оплату по кассовому аппарату iiko; Поддерживать дружелюбную атмосферу в кофейне и заряжать гостей на позитивное настроение; Проводить инвентаризацию, раскладывать товара на витрину, контроль сроков годности. Работа Москве, ул. Лесная, 20а, стр. 3  Хочешь стать частью нашей команды Забыли Сахар? Откликайся на вакансию, звони или пиши HR менеджеру Telegram, Whats App)"
Бариста (Афимолл Сити),https://hh.ru/vacancy/118555541?query=%D0%B1%D0%B0%D1%80%D0%B8%D1%81%D1%82%D0%B0&hhtmFrom=vacancy_search_list,"от 85 000 ₽ за месяц,  на руки",Не указана,"TomiOmi – федеральная сеть бабл баров.Яркий и молодой бренд, который стремительно развивается на территории России.Мы гордимся качеством наших напитков и уровнем нашего сервиса.TomiOmi это бренд. А бренд – это люди, которые его создают.Поэтому наша главная ценность — это именно люди. Мы тщательно подходим к выбору сотрудников для нашей команды.Как попасть к нам в команду? Безусловно нужно быть позитивным человеком, любить людей, bubble tea и конечно же TomiOmi!Для нас работа в TomiOmi - это лайфстайл, место где мы находим друзей и единомышленников, получаем интересный опыт и раскрываем свой потенциал.Двигай к нам, если ты:● Опрятный (яркий внешний вид, пирсинг, татуировки? Мы только за!)● Ориентирован на Гостя и любишь работать с людьми● Любишь работать в активном режиме● Ответственный и честный● Умеешь работать в командеУ тебя нет опыта, но есть огромное желание? Мы научим!Почему работать у нас — это круто?● Молодая и веселая команда профессионалов, в которой каждый может реализовать себя;● Заработная плата без задержек 2 раза в месяц от 85.000 т.р;● Оплачиваемая стажировка под руководством опытных бариста;● График сменный- плавающий (смены по 9-12 часов, согласуем удобный для тебя)● Бесплатное корпоративное питание;● Стильная форма;● Корпоративная скидка 25% в заведениях-партнерах;● Реальная возможность карьерного роста и развития в Компании;● Оформление по ТК РФ.● Возможность совмещать с учебой.Что нужно делать?● Обслуживать Гостей за кассой и создавать им отличное настроение;● Качественно готовить напитки из меню согласно ТТК;● Соблюдать нормы санитарии , поддерживать чистоту и соблюдать стандарты;Мы ждем тебя в нашу суперсемью TomiOmi!Твоим преимуществом будет опыт работы в таких компаниях - КФС, Вкусно и Точка, Бургеркинг, DoDo пицца, OnePriceCoffee, OneDoubleCoffee, CoffeeLike, Кофемания и т.д."
"Бариста в Бизнес-центр ""Cherry Tower""",https://hh.ru/vacancy/117640500?query=%D0%B1%D0%B0%D1%80%D0%B8%D1%81%D1%82%D0%B0&hhtmFrom=vacancy_search_list,"от 74 000 до 86 000 ₽ за месяц,  на руки",Не указана,"Привет! Мы сеть кофеен ""Goodbuns"". За 8 лет у нас появилось 7 кофеен, и мы не собираемся на этом останавливаться. Делаем только самый лучший кофе, работаем на кофейном зерне от rockets.Мы всегда стараемся быть лучше, и всегда работаем на качество, а для этого в нашу дружную команду нужен ещё один бариста!) Что нужно будет делать:  Готовить кофейные напитки; Настраивать оборудование; Работать на кассе; Пополнять витрины; Поддерживать чистоту и уют в кофейне.  Что для нас важно:  У тебя есть релевантный опыт от полугода; Ты обладаешь ответственностью и пунктуальностью; Любишь кофе; Знаешь, что такое клиентоориентированность, и любишь работать с людьми!  А что от нас:  График работы 5/2 без плавающих выходных; Смена с 7:30 до 17:30; Смена с 08:30 до 18:30 ставка 320р в час Еженедельная выплата по понедельникам; Тренинги по кофе; Вкусные завтраки и обеды; Команду, которая любит своё дело!От метро Новые Черёмушки 1 минута пешкомМы очень ждём твоего отклика!"
Бариста в кофейню Дринкит (м. Аэропорт),https://hh.ru/vacancy/117791387?query=%D0%B1%D0%B0%D1%80%D0%B8%D1%81%D1%82%D0%B0&hhtmFrom=vacancy_search_list,"от 53 000 до 71 000 ₽ за месяц,  на руки",Не указана,"Присоединяйтесь к команде Дринкит и станьте частью кофейной революции! Дринкит – это современная кофейня с чутким сервисом, качественными авторскими напитками и удобным приложением. Гость легко может настроить всё на свой вкус, сделать заказ по пути в кофейню и забрать его без очереди. А бариста не нужно принимать заказ на кассе, всё происходит через нашу IT-систему. Для старта у нас не нужен опыт: мы всему научим и дадим возможность развития в международной компании! Наши условия:   оформление по ТК РФ с первого дня, оплачиваемый отпуск и больничный;   гибкий график, его можно менять каждую неделю, от 4 смен в неделю;   смены от 6 часов, выбирай сколько работать;   оплачиваемый перерыв полчаса, который мы не вычитаем из смены;   ставка бариста от 300₽/час на руки, можешь повышать её с развитием навыков;   скидка команды на еду и напитки в нашем приложении;   у нас нет штрафов.   А еще мы:   сделаем тебе медицинскую книжку за наш счет;   предоставим удобную форму (футболка, фартук и кепка);   подключим к программе бесплатной психологической поддержки Alter;   прокачаем твою кофейную экспертизу - научим дегустировать черный кофе, разбираться в оттенках вкуса, настраивать кофейное оборудование, варить альтернативу и создавать латте-арт;   предоставим возможность развития и повышения, мы заинтересованы в каждом человеке;   будем звать на тренинги, мастер-классы и командные мероприятия в офис;   постараемся подобрать наиболее удобную для тебя кофейню на собеседовании.   С нами ты сможешь вырасти в бариста-профессионала, прокачать навыки в кофе, получить развитие в международной компании и стать частью сплочённой команды!"
Бариста,https://hh.ru/vacancy/118095174?query=%D0%B1%D0%B0%D1%80%D0%B8%D1%81%D1%82%D0%B0&hhtmFrom=vacancy_search_list,"от 60 000 до 75 000 ₽ за месяц,  на руки",Не указана,"Tempo- это современный проект комфорт-фуда, помноженный на городской шик; включающий в себя авторские напитки и сезонные блюда, заботливо созданные нашим бренд-шефом.Сейчас проект переживает своё расширение и открывается в бизнес-центрах и современныхкварталах Москвы.Кого мы ищем?Позитивного, трудолюбивого человека с желанием узнать о кофе максимально много,влюбленного в продукт и барную рутину. Мы - за вежливое и уважительное общение и ""0 токсичности в коллективе"".Даже если у тебя нет опыта работы, мы с радостью поможемтебе развиться.Обязанности:- Приготовление напитков по техкартам, соблюдая граммовки и качество отдачи- Настройка эспрессо в течение дня, базовый латте-арт, любовь к каждой чашке- Постоянное соблюдение чистоты и порядка на баре- Заботливое общение с гостями и увелечение среднего чека- Контроль расходниковЧто мы предлагаем?- Минимальную ставку 300р/час, повышение до 350р/час после сдачи аттестации + чай и % от выручки- Оплачиваемую стажировку и обучение от нашего шеф-бариста, который знает про кофе всё- Возможность быстрого карьерного роста до старшего бариста при качественной работе- Оформление по ТК РФ- Бесплатное питание от поваров, бесплатный кофе для вас- Красивую, брендированную форму в стильных цветах- Работу в 5 минутах от метро- Адекватное и справедливое руководство- Возможность разных смен и графика работы: 5/2, 2/2, 3/3, работа только по выходным; смены по 8-12 часовКофейня сейчас - это спокойное место работы с приятными гостями, без суеты и с возможностьюсосредоточится на каждой детали."
Бариста в кофейню One Price Coffee (м. Новомосковская),https://hh.ru/vacancy/117787599?query=%D0%B1%D0%B0%D1%80%D0%B8%D1%81%D1%82%D0%B0&hhtmFrom=vacancy_search_list,"от 75 000 ₽ за месяц,  на руки",Не указана,"требуемый опыт работы: не требуется Полная занятость, гибкий график Возможна подработка: по выходным Привет, на связи OnePrice Coffee! Ты 100% нас знаешь, как самую крупную и классную сеть кофеен Москвы! И мы ищем именно тебя в нашу сильную, дружественную и уютную компанию, где все наши бариста готовы прийти на помощь друг к другу, поддержать и помочь вырасти до профессионала. Нет опыта работы? Не страшно ! Мы научим тебя варить вкуснейший кофе и дарить людям радость. Что тебя ждет:   В первую очередь это бесплатное профессиональное обучение в нашем учебном центре.   Карьерный рост. С нашими ресурсами и твоими амбициями, сможешь дорасти до наставника и старшего бариста, и даже до управляющего.   Гибкий график работы.   Стабильная заработная плата 2 раза в месяц. Ставка 250р/час + премии   Стильная и удобная форма.   Напитки и еда за наш счёт.   Официальное трудоустройство по ТК РФ.   Компенсация медицинской книжки в полном размере   Полностью оплачиваемая стажировка   А также:   Постоянное профессиональное развитие: кофейные мастер-классы и тренинги;   Возможность участвовать в соревнованиях бариста, придумывать и воплощать в жизнь вкусы для сезонных напитков.   Постоянная связь с командой сети. Тебя не бросят, всегда помогут и ответят на вопросы.   Мы пересмотрели стандарты обучения, подняли часовую ставку и добавили бонусы для наших сотрудников! А так же начали обновлять внешний вид кофеен и делать их удобными для работы наших сотрудников. Каким мы видим нашего бариста:   Опыт работы бариста приветствуется, но не обязателен. У нас есть все ресурсы, чтобы сделать тебя профи.   Искренняя открытость к людям, легкость в общении и безусловная любовь к кофе.   Желание расти и развиваться.   Умение работать в команде.   Пунктуальность, честность, ответственность, отзывчивость.   Наличие медицинской книжки (или готовность её сделать).   Что нужно будет делать:   Готовить лучший кофе в городе, согласно стандартам компании.   Общаться с гостями и ориентировать по нашему меню.   Работать с кассой (всему обучим, это не сложно).   Поддерживать чистоту зала и рабочей зоны.   Наши бариста - это сердце кофейни! Если тебе откликаются наши ценности, то добро пожаловать в лучшую команду! Вакансии открыты в разных районах города. ~P. S У нас и правда самый вкусный кофе!"
Старший Бариста в Правда кофе,https://hh.ru/vacancy/118596072?query=%D0%B1%D0%B0%D1%80%D0%B8%D1%81%D1%82%D0%B0&hhtmFrom=vacancy_search_list,"от 70 000 до 90 000 ₽ за месяц,  на руки",Не указана,"Правда Кофе – это амбициозная сеть кофеен с собственным производством, лидирующая на рынке более 13 лет. Наше зерно относится к высшей категории по шкале оценки SCA. Компания стремительно масштабируется, в сети сейчас 170 кофеен, успешно развивающихся в Москве и в Санкт-Петербурге. В команде Правда Кофе работают звёздные тренера – чемпионы России и мира в сфере кофе. Работа в Правда Кофе — это✅Бесплатное обучение с гарантией трудоустройства✅Удобная локация работы✅Возможность стать наставником и повысить грейд✅Навыки профи бариста и операционного менеджмента✅Свобода самовыражения✅Участие в чемпионатах с материальным поощрением✅Возможность открыть своё дело: путь от бариста до предпринимателя Мы предлагаем: - заработную плату ставка 300 руб - 345 руб/ч- график работы: 5/2 или 2/2 (смены по 8 -12 часов),- бесплатные комплексные обеды для сотрудников- удобное месторасположение кофейни ,в шаговой доступности от метро- бесплатное обучение в собственной Школе Бариста Coffee Workshop- оплата медицинской книжки- бесплатная униформа- материальное поощрение за участие в чемпионатах и внутренних конкурсах- премии по итогам года- премия ""Приведи друга"" 10000 руб. Вам необходимо будет: - Создавать позитивную атмосферу в кофейне; - Предоставлять гостям высокий уровень сервиса и быстрое обслуживание; - Качественно готовить кофе и другие напитки по технологии; - Внимательно и аккуратно работать с кассой; - Поддерживать чистоту и порядок в кофейне; - Организует работу коллектива; - Адаптирует новых сотрудников; - Увеличит средний чек; *Рассматриваем кандидатов с опытом от 6 месяцев"
Бариста,https://hh.ru/vacancy/118349834?query=%D0%B1%D0%B0%D1%80%D0%B8%D1%81%D1%82%D0%B0&hhtmFrom=vacancy_search_list,"от 80 000 ₽ за месяц,  на руки",Не указана,"“Coffee Bean” первое гостеприимное кофейное пространство, которое создает каждый, кто здесь работает, и эта культура развита с 1996 года. У нас своя Школа Бариста и Лаборатория Гостеприимства, где обучают всех - бариста, менеджеров, руководителей, стюардов. Наши выпускники - профессионалы своего дела. Также члены команды Coffee Bean в своей работе придерживаются высоких стандартов международной ассоциации specialty кофе SCA. Бариста Coffee Bean:  Много искренне общается с гостями; Готовит самый вкусный кофе; Оформляет витрину; Работает с кассой; Рассказывает о наших десертах и сэндвичах, является амбассадором вкуса; Интегрируется в кофейную культуру в лучшей в России Школе Бариста и совершенствует свои soft skills в нашей Лаборатории Гостеприимства.  Что ждет тебя в Coffee Bean:  Официальное трудоустройство; Гибкий график работы: 5/2 с плавающими выходными по 8 часов. Ставка 325 руб/час на время стажировки, далее 400 руб/час, а так же щедрые электронные чаевые; Корпоративные скидки на десерты 50%, а также базовые кофейные напитки без оплаты; Поддерживающая система адаптации; Возможность прозрачного карьерного роста; Корпоративный коуч, который помогает достичь цели, как рабочей, так и личной; Корпоративные скидки до 60% на обучающей платформе Lerna после сдачи двух аттестаций; Самое главное – ты здесь можешь быть самим собой!  Рады видеть единомышленников в нашем пространстве!"
Бариста,https://hh.ru/vacancy/117871939?query=%D0%B1%D0%B0%D1%80%D0%B8%D1%81%D1%82%D0%B0&hhtmFrom=vacancy_search_list,"80 500 ₽ за месяц,  до вычета налогов",Не указана,"Группа компаний РБЕ ищет в свою команду Бариста! Ты общительный и любишь дарить хорошее настроение? Разбираешься в сортах кофе, методах обработки и обжарки кофейных зёрен? Знаешь как, а главное, умеешь готовить вкусный кофе? Тогда приглашаем тебя в нашу дружную команду!   Что мы предлагаем:  График работы можем обсуждать График работы: 5/2 с пн-чт с 10-00 до 19-00 и в пт с 09-00 до 18-00, сб-вс и праздничные дни – выходные. Переработок нет Трудоустройство по ТК РФ Оформление медицинской книжки за счет компании Бесплатное горячее питание и униформа компании Оплачиваемый отпуск, больничный м. Славянский бульвар Место работы: Бизнес центр, улица Беловежская, д. 4 (от метро часто ходят автобусы, дополнительно есть бесплатный корпоративный автобус от БЦ)  В твои обязанности будет входить:  Общение с гостями Приготовление напитков Выкладка витрин Работа с кассой  Требования:  Грамотная речь Ответственность и пунктуальность Аналогичный опыт работы Ухоженный и опрятный внешний вид"
"Бариста ((Москва, Вильгельма Пика, 11)",https://hh.ru/vacancy/117645752?query=%D0%B1%D0%B0%D1%80%D0%B8%D1%81%D1%82%D0%B0&hhtmFrom=vacancy_search_list,"от 77 000 до 79 200 ₽ за месяц,  до вычета налогов",Не указана,
Бариста,https://hh.ru/vacancy/117373970?query=%D0%B1%D0%B0%D1%80%D0%B8%D1%81%D1%82%D0%B0&hhtmFrom=vacancy_search_list,"от 70 000 до 100 000 ₽ за месяц,  до вычета налогов",Не указана,"Бьюти-квартира visage.concept - место, где преображение, теплое гостеприимство и безупречный сервис имеют первостепенное значение. Мы предлагаем:  Комфортный график работы (4/3, с 10:00 до 22:30)  Возможности профессионального и карьерного роста; Стабильная зарплата; Стильное и уютное beauty - пространство (Патриаршие пруды).  Чем предстоит заниматься:  Предоставлять первоклассный сервис обслуживания каждому Гостю; Качественно готовить кофе и другие напитки по технологии; Консультирование гостей по ассортименту шоколатерии; Внимательно и аккуратно работать с кассой; Поддерживать чистоту и порядок в кофейне; Создание атмосферы гостеприимства.  Наши пожелания:  Высокая клиентоориентированность; Опыт работы с требовательными и взыскательными гостями; Грамотная речь, аккуратность, внимательность к деталям; Опыт работы в кофейнях, шоколатериях, ресторанах."
Бариста,https://hh.ru/vacancy/117650852?query=%D0%B1%D0%B0%D1%80%D0%B8%D1%81%D1%82%D0%B0&hhtmFrom=vacancy_search_list,"от 75 500 ₽ за месяц,  на руки",Не указана,"YUM! — ресторан со спешалти кофе, завтраками из свежих сезонных продуктов целый день и авторскими десертами. Это уникальное место с классной атмосферой и командой, и мы приглашаем тебя стать частью нашего коллектива. Мы предлагаем:  удобный график, с индивидуальными выходными, возможность совмещать работу с учёбой, ставку от 335р/час на руки, растущую заработную плату кратно навыкам и результатам работы, обучение настройки эспрессо, качественному латте-арту, погружение в тонкости кофейной культуры от компетентного бар-менеджера, работу в красивом светлом пространстве, с большими окнами, уютным интерьером, окружение дружелюбных поддерживающих коллег, вдохновлённых кофейной культурой и приятных благодарных гостей,  официальное оформление, оплачиваемый больничный, отпуск 28 календарных дней в год, питание по меню ресторана и вкусный кофе за наш счет!    Что нам важно:  увлечённость и вдохновлённость кофейной культурой, желание познавать тонкости кофейного дела, опыт работы с кофе более 3-х месяцев и базовые навыки: уверенно настраивать эспрессо и взбивать шелковое молоко, внимательное отношение к поручениям, заинтересованный подход к работе, поддерживать дружелюбную атмосферу коммуникации с коллегами и гостями  Откликайся сейчас, если узнал в описании себя, и обратная связь не заставит себя долго ждать!* убедись, что в резюме есть актуальное фото, а в сопроводительном письме напиши пару слов о себе и почему хочешь с нами работать - нам будет легче принять правильное решение :) До встречи в YUM!"
Шеф - Бариста в Правда кофе,https://hh.ru/vacancy/117939065?query=%D0%B1%D0%B0%D1%80%D0%B8%D1%81%D1%82%D0%B0&hhtmFrom=vacancy_search_list,"от 70 000 до 100 000 ₽ за месяц,  на руки",Не указана,"Почему мы? Правда Кофе – это амбициозная сеть кофеен с собственным производством, лидирующая на рынке более 13 лет. Наше зерно относится к высшей категории по шкале оценки SCA. Наша компания стремительно масштабируется, в сети сейчас 170 кофеен, успешно развивающихся в Москве и в Санкт-Петербурге. Мы ищем в свою команду профи своего дела , фаната кофе , имеет опыт управления персоналом ,который:  Организует работу коллектива Обеспечит бесперебойную работу кофейни Поможет при высокой нагрузке Адаптирует новых сотрудников Проследит за выполнением регламентов Закажет необходимую продукцию Проведет инвентаризацию в срок Увеличит средний чек  Мы предлагаем :  График работы 5/2 ( по 10 часов) Сб , Вс и праздничные дни выходные 350 руб/ч + KPi ( Если управляете двумя и более кофеен + к фикс ставке) Официальное оформление, оплачиваемый отпуск и больничный Обучение Выступление в чемпионатах Карьерный рост  Требования :  Опыт работы на позиции Бариста 2 -3 Года Опыт работы Старший Бариста , Менеджер смены , Шеф -Бариста , Менеджер ресторана от 6 месяцев"
Бариста в сеть кофеен Baggins coffee,https://hh.ru/vacancy/117698892?query=%D0%B1%D0%B0%D1%80%D0%B8%D1%81%D1%82%D0%B0&hhtmFrom=vacancy_search_list,"от 63 000 ₽ за месяц,  на руки",Не указана,"Обязанности: • Готовить кофе и напитки, согласно стандартам компании; • Работать с кассой, поставщиками, формировать заказы; • Поддерживать чистоту; • Общаться с гостями. Требования: • Желание обучаться; • Желание работать в крупной сети кофеен; • Обучаемость, гибкость, внимательность, аккуратность, ответственность. Условия: • Сменный график работы: 2/2, 3/3, 5/2 • Стабильная оплата. Ставка 250 руб./час + % от продаж + премии • Официальное трудоустройство по ТК • Скидки до 50% на продукцию компании • Питание на смене • Карьерный рост и развитие • Медицинская книжка за наш счет."
Бариста кофейни Соседи.Кофе,https://hh.ru/vacancy/117879309?query=%D0%B1%D0%B0%D1%80%D0%B8%D1%81%D1%82%D0%B0&hhtmFrom=vacancy_search_list,"от 70 000 ₽ за месяц,  на руки",Не указана,"Specialty кофейня Соседи.Кофе в поиске бариста!Ставка после прохождения аттестации - 350р/час+бесплатное питание. Компенсация проезда +4000 рублей в конце месяца.Оплачиваемое обучение 2-3 недели.Ставка 210р/час Если ты открытый, позитивный и доброжелательный и желанием учиться новому, тогда приглашаем тебя присоединиться к нашей дружной команде.Наша уютная кофейня находится в ЖК ""Мякинино Парк"".Чем предстоит заниматься:• Качественно готовить кофе класса specialty, чай и сезонные напитки по стандартам кофейни• Внимательно и аккуратно работать с кассой и соблюдать кассовую дисциплину• Принимать поставки продукции• Выстраивать работу согласно чек-листам• Готовить еду в баре• Соблюдать требования безопасности• Поддерживать чистоту и порядок в течение дня во всей кофейне• Готовить кофейню к открытию/закрытию сменыУсловия, которые мы предлагаем:• Работа в приятной и дружелюбной атмосфере, в молодом коллективе• Заработную плату 2 раза в месяц без задержек• Полная смена после сдачи аттестации - 5 250 р.• График работы (с 7:00-15:00/15:00-22:00/7:00-22:00/9:00-22:00)• Бесплатное питание• Бесплатное обучение• После аттестации ставка 350р/час•График гибкий с плавающими выходными• Удобный гибкий график работы, “плавающие” выходные, утренние и вечерние смены• Профессиональный рост• Лояльное руководство, дружный коллектив и атмосферу взаимовыручки.Ждем от вас:• Доброжелательность и гостеприимство• Пунктуальность и ответственность• Готовность к обучению и работе в команде• Желание работать и развиваться в кофейной индустрииОткликайтесь на вакансию или звоните, с радостью расскажем вам о нас!Вакансия подходит для бариста, бариста в сеть кофеен, сотрудник бара, сотрудник кофейни, кофейный менеджер, эксперт кофе, начинающий специалист, работа без опыта, приготовление эспрессо, капучино, кофе, напитков, чая, обслуживание гостей, кофейный бар, сотрудники ресторана."
Начинающий бариста в кофейню ONE & DOUBLE,https://hh.ru/vacancy/116933579?query=%D0%B1%D0%B0%D1%80%D0%B8%D1%81%D1%82%D0%B0&hhtmFrom=vacancy_search_list,"от 60 250 до 99 000 ₽ за месяц,  на руки",Не указана,"Привет! Меня зовут Эдем, я менеджер по персоналу сети кофеен One&Double :)Мы в поисках БАРИСТА. Нам абсолютно неважно есть ли у тебя опыт, или ты хотел бы начать свой путь с нуля, мы рады видеть тебя в своей команде и готовы помочь во всех твоих начинаниях! Что мы предлагаем:  Даже если ты никогда не варил кофе, мы научим тебя всему! Подбор точки ближе к дому За смену от 3750 р. + Бонусы;Мы ценим твой труд и готовы платить справедливо. Зарабатывай и наслаждайся жизнью! Повышение оплаты тем, кто с нами долго; Карьерный рост;У нас есть возможность расти и развиваться. Хочешь стать управляющим Мы поддержим твои амбиции! График работы 2/2, 3/3, 3/1, 4/2, 5/2, 6/1; Гибкое количество рабочих часовУчёба или другие дела? Подберем график специально для тебя. Оформление по ТК РФ; Выплаты з/п без задержек, 3 раза в месяц; Вкусное питание за счет компании; Медицинская книжка за счет компании;  Что хотели бы в тебе видеть:  Позитивный настрой на работу; Желание обучаться и расти вместе с компанией.  В твои обязанности будет входить:  Прием и выкладка товаров; Поддержание чистоты в кофейне; Помощь гостю при выборе в меню; Приготовление самых вкусных напитков."
Бариста,https://hh.ru/vacancy/117086793?query=%D0%B1%D0%B0%D1%80%D0%B8%D1%81%D1%82%D0%B0&hhtmFrom=vacancy_search_list,"от 70 000 ₽ за месяц,  на руки",Не указана,"Кофейня Yugen  м. ДостоевскаяОктябрьская, 9/1Specialty кофейня с собственной обжаркой и авторской кухнейОт нас:График работы 5/2 утро либо вечерМожно 2/2 по 14 часовСтавка на первый стажировочный месяц 330 руб/часДалее 360 руб/час Официальное трудоустройство+ бонусы от выручки (8000-12000 руб/месяц)+ чаевые (3000-5000 руб/месяц)В среднем на руки получается 70000-80000 рубСтильная униформаПродление медкнижки за наш счётБесплатно кормим (завтрак, обед, ужин)От вас:Опыт работы не менее 1 года в кофейнях Specialty сегментаВсё остальное - дело наживное...Без опыта тоже рассматриваем кандидатов на позицию помощника по залу (помощник бариста), но на меньшую ставкуБольше подробностей в сообщениях"
Начинающий бариста в кофейню ONE & DOUBLE,https://hh.ru/vacancy/116934555?query=%D0%B1%D0%B0%D1%80%D0%B8%D1%81%D1%82%D0%B0&hhtmFrom=vacancy_search_list,"от 60 250 до 99 000 ₽ за месяц,  на руки",Не указана,"Привет! Меня зовут Эдем, я менеджер по персоналу сети кофеен One&Double :)Мы в поисках БАРИСТА. Нам абсолютно неважно есть ли у тебя опыт, или ты хотел бы начать свой путь с нуля, мы рады видеть тебя в своей команде и готовы помочь во всех твоих начинаниях! Что мы предлагаем:  Даже если ты никогда не варил кофе, мы научим тебя всему! Подбор точки ближе к дому За смену от 3750 р. + Бонусы;Мы ценим твой труд и готовы платить справедливо. Зарабатывай и наслаждайся жизнью! Повышение оплаты тем, кто с нами долго; Карьерный рост;У нас есть возможность расти и развиваться. Хочешь стать управляющим Мы поддержим твои амбиции! График работы 2/2, 3/3, 3/1, 4/2, 5/2, 6/1; Гибкое количество рабочих часовУчёба или другие дела? Подберем график специально для тебя. Оформление по ТК РФ; Выплаты з/п без задержек, 3 раза в месяц; Вкусное питание за счет компании; Медицинская книжка за счет компании;  Что хотели бы в тебе видеть:  Позитивный настрой на работу; Желание обучаться и расти вместе с компанией.  В твои обязанности будет входить:  Прием и выкладка товаров; Поддержание чистоты в кофейне; Помощь гостю при выборе в меню; Приготовление самых вкусных напитков."
Бариста подработка,https://hh.ru/vacancy/117448435?query=%D0%B1%D0%B0%D1%80%D0%B8%D1%81%D1%82%D0%B0&hhtmFrom=vacancy_search_list,"от 69 000 до 85 000 ₽ за месяц,  до вычета налогов",Не указана,"Присоединяйтесь к команде BODRO COFFEE! Вы мечтаете работать в дружелюбной и динамичной атмосфере? Мы ищем бариста на подработку по 4–5 часов в утреннее время с 8:00! Место работы подбираем ближе к вашему дому . Условия оплаты:  Конкурентоспособная заработная плата без задержек. Премии и бонусы каждый месяц по итогам работы. Акция «Приведи друга» с вознаграждением 8 000 руб.  График работы:  Удобные графики: 2/2, 5/2 по 4-5 часов. Работа на месте работодателя, в одной из 28+ кофеен по всему городу.  Обязанности:  Приготовление кофе и других напитков по стандартам компании. Обслуживание клиентов с улыбкой и позитивным настроем. Поддержание чистоты и порядка на рабочем месте. Участие в корпоративных мероприятиях и активностях.  Требования:  Позитивный настрой и коммуникабельность. Желание работать и развиваться в команде. Опыт работы приветствуется, но не обязателен — мы всему научим!  Преимущества работы у нас:  Оплачиваемое обучение с наставником и тренинги за счёт компании. Официальное оформление по ТК РФ. Оплачиваемые обеды. Возможность быстрого карьерного роста от бариста до управляющего кофейни. Корпоративные активности: футбол, волейбол, пейнтбол, боулинг, караоке.  О компании: BODRO COFFEE — модная, быстроразвивающаяся сеть кофеен с собственным производством продукции и профессиональным подходом к своему делу. Основная философия нашей компании — дружеская атмосфера на всех уровнях, в которой каждый сотрудник чувствует, что он интересен команде, и ему искренне хотят помочь. Мы заботимся о вашем личностном росте и уровне профессионализма. Приходите к нам в команду и ВСЕ БУДЕТ BODRO!"
Бариста,https://hh.ru/vacancy/118571081?query=%D0%B1%D0%B0%D1%80%D0%B8%D1%81%D1%82%D0%B0&hhtmFrom=vacancy_search_list,"от 70 000 ₽ за месяц,  на руки",Не указана,"В кофейню I-CUP требуется бариста-кассир С опытом или без (обучение). Обязанности: Приготовление кофеНастройка помолаРабота с кассойПродажа «витрины»Увеличение среднего чека продажОбщение с гостямиТребования:Грамотная речьОбщительность  активные продажи выпечки и Кофе . Русский языкУсловия: Режим Работы с 8/9.00 до 21.00График 5/2, 2/2, 3/1Выход 2500-3000Возможна работа по полсмены или только выходные дниБесплатный кофе и питание"
Бариста-кассир,https://hh.ru/vacancy/116079784?query=%D0%B1%D0%B0%D1%80%D0%B8%D1%81%D1%82%D0%B0&hhtmFrom=vacancy_search_list,"от 60 000 до 80 000 ₽ за месяц,  на руки",Не указана,"Компания Даблби приглашает в свою команду активных, креативных и заботливых бариста-кассиров для работы в новом формате кофеен Экспресс! Если ты обожаешь кофе, общение с людьми и хочешь работать в динамичной, развивающейся компании, это твой шанс!   Что мы предлагаем: - Отличная возможность для старта твоей карьеры.- Удобная продолжительность смен (8, 10, 12 часов – выбирай сам!).- Стабильную оплату труда: 280 рублей/час чистыми + KPI- Полностью оплачиваемая медицинская книжка.- Ежедневная компенсация обедов – 200 рублей в день.- Быстрое профессиональное обучение в нашей академии бариста – всего 5 дней отделяют тебя от работы мечты!- Перспективы карьерного роста: от бариста до наставника или менеджера.   Что нужно делать: - Приготовление кофейных напитков на основе экстрактов (работа без кофемашины, всё просто и понятно).- Работа с кассой: расчёт гостей, ведение учётных операций.- Поддержание атмосферы уюта и дружелюбия в кофейне.   Кого мы ищем: - Общительного, дружелюбного человека с любовью к людям.- Опыт работы не обязателен – научим всему с нуля!- Главное – желание развиваться вместе с нами и создавать лучший кофе-опыт для гостей.   Почему именно мы? Мы создаём новые форматы, растём и всегда поддерживаем нашу команду. Работа в Даблби – это не только карьерные перспективы, но и возможность стать частью большой семьи профессионалов и кофейных энтузиастов! Присылай отклик и начни свой путь в компании, где кофе – это не просто напиток, а искусство :)"
Бариста (м. Пушкинская),https://hh.ru/vacancy/118523423?query=%D0%B1%D0%B0%D1%80%D0%B8%D1%81%D1%82%D0%B0&hhtmFrom=vacancy_search_list,"от 60 000 до 75 000 ₽ за месяц,  на руки",Не указана,"Cofix– это место, где можно совмещать работу с учебой и находить друзей. В наших кофейнях творческая атмосфера, позитивный вайб и, плюс к этому, запах кофе и свежей выпечки каждый день. Приходи, научим всему! Что мы можем тебе предложить:  Почасовая ставка от 300 рублей в час; Внутренняя бонусная система за выполнение целей с командой;  Гибкий график работы 5/2 или 2/2;   Полную (от 8 часов в день) или частичную занятость (от 6 часов в день);   Оплачиваемая стажировка 8 смен;  Учебный центр с самыми крутыми тренерами; Драйвовая молодая команда, с которой ты сможешь найти много общего: от любви к кофе до увлечения комиксами и сериалами; Стильную черную форму для работы;  Твои задачи:  Готовить напитки и бодрить свежим кофе; Общаться с гостями и помогать им с выбором самого вкусного обеда; Работать с кассой; Поддерживать чистоту в кофейне; Контролировать наличие товара в торговом зале и своевременно пополнять его; Дарить и получать хорошее настроение.  Твои навыки и качества:  Готовность к драйвовому ритму работы в дружном коллективе; Любовь к кофе и общению с людьми; Готовность учиться новому и развиваться профессионально; Осознанность в отношении здоровья себя и окружающих.  COFIX ЖДЕТ ТЕБЯ!"
Бариста-кассир (ТРЦ Охотный ряд),https://hh.ru/vacancy/118028361?query=%D0%B1%D0%B0%D1%80%D0%B8%D1%81%D1%82%D0%B0&hhtmFrom=vacancy_search_list,"от 62 300 до 77 500 ₽ за месяц,  на руки",Не указана,"В сети кафе-пекарен ""Хлеб с маслом"" открыта вакансия Бариста !Будем рады видеть сотрудников как с опытом, так и без опыта работы, желающих развиваться вместе с нами! Обязанности:  Приготовление кофейных напитков Прием заказов в формате togo; помощь и активные доп. продажи гостям при выборе напитков/ выпечки Расчет гостей, работа с кассой Оформление витрин Соблюдение стандартов компании Создание позитивной и уютной атмосферы кофейни  Требования:  Грамотная речь Желание развиваться в сегменте HoReCa Доброжелательность, внимательность, ответственность  Условия:  Сменный график 2/2, 4/2, 3/3, гибкий график (прекрасная возможность совмещать с учебой) Официальное оформление в соответствии с ТК РФ Заработная плата два раза в месяц Обучение в процессе работы от лучших специалистов города Бесплатное питание Компенсация медицинской книжки  Дружный коллектив профессионалов, атмосфера взаимовыручки  Благодаря нашим Бариста наша сеть стремительно развивается!Вкусная выпечка, ароматный кофе! Достойные условия труда!МЫ ПО ВСЕЙ МОСКВЕ!Пиши, звони и мы выберем кофейню , максимально удобную по расположению.Мы ждем именно тебя!"
Бариста,https://hh.ru/vacancy/118096374?query=%D0%B1%D0%B0%D1%80%D0%B8%D1%81%D1%82%D0%B0&hhtmFrom=vacancy_search_list,"от 70 000 до 90 000 ₽ за месяц,  на руки",Не указана,"Присоединяйтесь к нашей команде в шоколадном бутике! Если вы обожаете аромат свежесваренного кофе и неравнодушны к шоколаду, то эта вакансия для вас! Мы ищем ответственного и энергичного бариста, который станет частью нашего дружелюбного коллектива Artchoco.shop. Условия оплаты:  Зарплата от 400 рублей в час Дополнительные премии за отличную работу и инициативность.  График работы:  График 2/2: с 8:30 до 20:30 в будни и с 9:30 до 21:30 в выходные. Полная занятость на месте работодателя.  Обязанности:  Приготовление кофе и других напитков на основе эспрессо. Обслуживание клиентов и поддержание высокого уровня сервиса. Продажа шоколадной продукции и консультирование клиентов. Поддержание чистоты и порядка на рабочем месте.  Требования:  Опыт работы баристой от 1 до 3 лет. Навыки продаж и общения с клиентами. Ответственность и внимательность к деталям. Любовь к кофе и шоколаду.  Преимущества работы у нас:  Дружелюбный коллектив и комфортная рабочая атмосфера. Возможность профессионального роста и обучения. Скидки на продукцию бутика."
Бариста,https://hh.ru/vacancy/118350478?query=%D0%B1%D0%B0%D1%80%D0%B8%D1%81%D1%82%D0%B0&hhtmFrom=vacancy_search_list,"от 70 000 до 90 000 ₽ за месяц,  на руки",Не указана,"Обязанности: • готовить напитки в соответствии с тех. картами • поддержания порядкака на точке • работа с кассой (прием заказов, приходные накладные) • инвентур нет, только пересчет еды, десертов и молока • выкладка витрин с выпечкой, десертами и едой • разогрев еды и отдача в зал (работа с залом есть)   Кого мы ищем: • открытого, общительного и позитивного • умеющего продавать • обладающего навыками латте-арт и настройки эспрессо • ответственного   Условия: ​​​​​​​• отличное оборудование и кофе высокого уровня • молодая дружная команда, увлеченная своим делом • плавающий график 2/2, 5/2 • высокая заработная плата и профессиональный рост (ставка почасовая) • оплачиваем отпуска и больничные • бесплатного питания нет, но есть 20% скидка на все что мы реализуем в наших заведениях, включаая еду"
Бариста в кофейню (м. Смоленская),https://hh.ru/vacancy/118654056?query=%D0%B1%D0%B0%D1%80%D0%B8%D1%81%D1%82%D0%B0&hhtmFrom=vacancy_search_list,"от 75 000 ₽ за месяц,  на руки",Не указана,"В проект Cappuccino Kids открыт набор бариста! Не упускайте возможность присоединиться к нашей команде профессионалов в мире кофе! Ваш опыт работы не имеет значения – мы всему обучим в нашей школе бариста.   Что вам нужно будет делать:  Готовить классические кофейные и не кофейные авторские напитки; Работать за кассой и соблюдать дисциплину; Выстраивать работу по чек-листам; Консультировать гостей в выборе кофейного зерна или другой продукции; Поддерживать чистоту и порядок на рабочем месте.  Мы предлагаем:  Оплата 2 раза в месяц, без задержек; До сдачи аттестации 2400 р., после 3300 р. в день; Процент от продаж, в среднем 8000-10000р; График работы (5/2 c 8:30 до 19.00); Бесплатное питание; Удобную и современную форму; Обучение у профессиональных бариста с международной сертификацией SCA; Участие в корпоративных мероприятиях компании; Дружный коллектив и атмосферу взаимовыручки.    Откликайтесь на вакансию или звоните, с радостью расскажем вам о нас!   Вакансия подходит для бариста, бариста в сеть кофеен, сотрудник бара, сотрудник кофейни, кофейный менеджер, эксперт кофе, официант, работа без опыта, начинающий специалист, приготовление эспрессо, латте, капуччино, кофе, коктейлей, напитков, чая, обслуживание гостей, профессиональная подготовка бариста, кофейный бар, сотрудник ресторана, бармен."
Бариста в кофейню One Price Coffee (м. ВДНХ),https://hh.ru/vacancy/118568166?query=%D0%B1%D0%B0%D1%80%D0%B8%D1%81%D1%82%D0%B0&hhtmFrom=vacancy_search_list,"от 75 000 ₽ за месяц,  на руки",Не указана,"Привет, на связи OnePrice Coffee! Ты 100% нас знаешь, как самую крупную и классную сеть кофеен Москвы! И мы ищем именно тебя в нашу сильную, дружественную и уютную компанию, где все наши бариста готовы прийти на помощь друг к другу, поддержать и помочь вырасти до профессионала. Нет опыта работы? Не страшно ! Мы научим тебя варить вкуснейший кофе и дарить людям радость. Что тебя ждет:   В первую очередь это бесплатное профессиональное обучение в нашем учебном центре.   Карьерный рост. С нашими ресурсами и твоими амбициями, сможешь дорасти до наставника и старшего бариста, и даже до управляющего.   Гибкий график работы.   Стабильная заработная плата 2 раза в месяц. Ставка 250р/час + премии   Стильная и удобная форма.   Напитки и еда за наш счёт.   Официальное трудоустройство по ТК РФ.   Компенсация медицинской книжки в полном размере   Полностью оплачиваемая стажировка   А также:   Постоянное профессиональное развитие: кофейные мастер-классы и тренинги;   Возможность участвовать в соревнованиях бариста, придумывать и воплощать в жизнь вкусы для сезонных напитков.   Постоянная связь с командой сети. Тебя не бросят, всегда помогут и ответят на вопросы.   Мы пересмотрели стандарты обучения, подняли часовую ставку и добавили бонусы для наших сотрудников! А так же начали обновлять внешний вид кофеен и делать их удобными для работы наших сотрудников. Каким мы видим нашего бариста:   Опыт работы бариста приветствуется, но не обязателен. У нас есть все ресурсы, чтобы сделать тебя профи.   Искренняя открытость к людям, легкость в общении и безусловная любовь к кофе.   Желание расти и развиваться.   Умение работать в команде.   Пунктуальность, честность, ответственность, отзывчивость.   Наличие медицинской книжки (или готовность её сделать).   Что нужно будет делать:   Готовить лучший кофе в городе, согласно стандартам компании.   Общаться с гостями и ориентировать по нашему меню.   Работать с кассой (всему обучим, это не сложно).   Поддерживать чистоту зала и рабочей зоны.   Наши бариста - это сердце кофейни! Если тебе откликаются наши ценности, то добро пожаловать в лучшую команду! Вакансии открыты в разных районах города. ~P. S У нас и правда самый вкусный кофе!"
Бариста,https://hh.ru/vacancy/118669232?query=%D0%B1%D0%B0%D1%80%D0%B8%D1%81%D1%82%D0%B0&hhtmFrom=vacancy_search_list,"от 80 000 до 110 000 ₽ за месяц,  на руки",Не указана,"Aloha KONA - кофе-поинт с атмосферой и характером.Мы работаем с постоянными клиентами; принимаем заказы на доставку, есть несколько посадочных мест.Варим Сварщицу Екатерину, уделяя максимальное внимание качеству напитков.В поисках внимательного, исполнительного коллеги, с желанием зарабатыватьОбязанности:Приготовление кофейных напитков, чая, свежевыжатых соков;Работа с кассой; поддержание чистоты рабочего пространства и зала.Требования:Работа с весами;Умение работать на потоке без потери качества;Общительность и оптимистичное настроение;Стрессоустойчивость.Условия:График: 2/2, 3/2 с 9:00 до 21:00;Оплачиваемая недельная стажировка;Ставка 400₽, еженедельные выплаты."
Бариста-кассир,https://hh.ru/vacancy/117854467?query=%D0%B1%D0%B0%D1%80%D0%B8%D1%81%D1%82%D0%B0&hhtmFrom=vacancy_search_list,"от 100 000 ₽ за месяц,  на руки",Не указана,"«Kristof coffee and kitchen» - это сеть кофеен с авторской французской кухней .   Обязанности:  Приготовление кофейных и б/а напитков Организация и поддержание сервиса высокого уровня; Соблюдение всех внутренних регламентов компании; Кассовая дисциплина; Общение с гостями    Требования:  Настройка эспрессо; Латте арт; Опыт работы в Specialty от полугода ; Опыт работы кассиром; Ответственность; Высокий уровень коммуникабельности; Отличное знание сервиса;  Условия  Зарплата 350 р/ч + KPI Выплаты 2 раза в месяц без задержек. График работы: 5/2, 6/1 Возможность развития в карьере. Бесплатное питание Официальное оформление после испытательного срока    P.S. Наличие резюме обязательно."
Бариста-кассир ТРЦ Принц Плаза (м. Теплый Стан),https://hh.ru/vacancy/118452069?query=%D0%B1%D0%B0%D1%80%D0%B8%D1%81%D1%82%D0%B0&hhtmFrom=vacancy_search_list,"от 62 300 до 72 300 ₽ за месяц,  на руки",Не указана,"В сети кафе-пекарен ""Хлеб с маслом"" открыта вакансия Бариста !Будем рады видеть сотрудников как с опытом, так и без опыта работы, желающих развиваться вместе с нами! Обязанности:  Приготовление кофейных напитков Прием заказов в формате togo; помощь и активные доп. продажи гостям при выборе напитков/ выпечки Расчет гостей, работа с кассой Оформление витрин Соблюдение стандартов компании Создание позитивной и уютной атмосферы кофейни  Требования:  Грамотная речь Желание развиваться в сегменте HoReCa Доброжелательность, внимательность, ответственность  Условия:  Сменный график 2/2, 4/2, 3/3, гибкий график (прекрасная возможность совмещать с учебой) Официальное оформление в соответствии с ТК РФ Заработная плата два раза в месяц Обучение в процессе работы от лучших специалистов города Бесплатное питание Компенсация медицинской книжки  Дружный коллектив профессионалов, атмосфера взаимовыручки  Благодаря нашим Бариста наша сеть стремительно развивается!Вкусная выпечка, ароматный кофе! Достойные условия труда!МЫ ПО ВСЕЙ МОСКВЕ!Мы повысили почасовую ставку и улучшаем условия для комфортной работы!Пиши, звони и мы выберем кофейню , максимально удобную по расположению.Мы ждем именно тебя!"
"Бариста ((Москва, Лазоревый, 5)",https://hh.ru/vacancy/117694973?query=%D0%B1%D0%B0%D1%80%D0%B8%D1%81%D1%82%D0%B0&hhtmFrom=vacancy_search_list,"от 77 000 до 79 200 ₽ за месяц,  до вычета налогов",Не указана,
Бариста в кофейню Иль Патио,https://hh.ru/vacancy/117961194?query=%D0%B1%D0%B0%D1%80%D0%B8%D1%81%D1%82%D0%B0&hhtmFrom=vacancy_search_list,"от 70 000 до 95 000 ₽ за месяц,  до вычета налогов",Не указана,"Обязанности:  Поддержание порядка в кофейне Создание благоприятной атмосферы Варить вкусный и лучший кофе  Требования:  Можно без опыта Умение работать в команде Умение работать в режиме многозадачности  Условия:  Наши сотрудники- это лицо нашей компании! Мы заботимся о них и создаём все условия для комфортной работы в нашей компании, а также поддерживаем стремление каждого к профессиональному и личностному росту! Также для студентов мы можем предложить гибкий график работы.В нашей компании существует своя бариста академия, в которой проходит обучение будущих профессионалов! Также проводятся различные семинары ведения смены, управления кофейней для администраторов, заместителей директоров и директоров."
Бармен / Бариста / Шеф Бариста,https://hh.ru/vacancy/118078536?query=%D0%B1%D0%B0%D1%80%D0%B8%D1%81%D1%82%D0%B0&hhtmFrom=vacancy_search_list,"от 110 000 до 125 000 ₽ за месяц,  на руки",Не указана,"Обязанности:  Соблюдение стандартов обслуживания и сервиса Приготовление кофейных и чайных напитков Работа с алкогольными напитками Качественное и премиальное обслуживание клиентов  Требования:  Готовность работать в команде Интерес к ресторанной сфере Опыт работы не обязателен  Условия  Полная занятость, сменный график, смены дневные Начальная зарплата 5000 смена + чай в размере от 2000-2500 в день График с 8 до 23 2/2 оформление по ТК оплачиваемая стажировка"
Бариста,https://hh.ru/vacancy/118468554?query=%D0%B1%D0%B0%D1%80%D0%B8%D1%81%D1%82%D0%B0&hhtmFrom=vacancy_search_list,"от 60 000 до 120 000 ₽ за месяц,  на руки",Не указана,"Рива - это атмосферное место с большой верандой у воды. Наш ресторан итальянской кухни с демократичным сервисом расположен на Воробьевской набережной на берегу Москвы-реки, в пяти минутах пешком от метро ""Воробьевы горы"" Наши главные ценности - искреннее и дружелюбное отношение к гостям, честность, ответственность. Если для Вас слово ""гостеприимство"" - не просто слово, значит скорее всего нам по пути! Приглашаем на работу бариста! Обязанности:  Создание и поддержание атмосферы гостеприимства Приготовление напитков по ТК Консультация гостей по меню (минимально) Настройка эспрессо Подготовка бара к открытию  Требования:  Коммуникабельность, доброжелательность Грамотная речь Ответственность Скорость Готовность к обучению и развитию Умение работать в команде Знание iiko желательно  Условия:  График работы подбирается индивидуально Заработная плата на начальном этапе 350 р/час +процент от выручки бара (выплачивается 2 раза в месяц без задержек) Официальное оформление Бесплатное питание Молодой и дружный коллектив"
Бариста,https://hh.ru/vacancy/118485077?query=%D0%B1%D0%B0%D1%80%D0%B8%D1%81%D1%82%D0%B0&hhtmFrom=vacancy_search_list,"от 60 000 до 85 000 ₽ за месяц,  на руки",Не указана,"Ищем надежных, инициативных и ярких! Coffee Like – уникальная компания, сеть №1 на рынке «кофе с собой» в России и СНГ. Начни свой путь бариста в крутой команде!   В нашей компании ты получишь:  Команду единомышленников Почасовая ставка до 350 рублей в час (в зависимости от локации и уровня компетенций) Ставка зависит от опыта работы Своевременная заработная плата % с продаж (дополнительно от 5 000 до 12 000 руб. в месяц и больше - все зависит от тебя) Премия за выполнение плана (до 4 000 руб.) Бонусы за победы в марафонах ( до 4 000 руб.) Надбавка за стаж работы с 4го месяца работы (чем больше срок работы - тем больше надбавка) Другие бонусы, премии и поощрения График 2/2 с 7:30 до 20:30 часов в будние и с 8:30 до 21:00 в выходные Бесплатное обучение в онлайн академии бариста в процессе работы Сертификат бариста по окончании обучения Напитки за наш счет Питание за наш счет Скидка на всю продукцию в кофейне Оплачиваемый отпуск Компенсация мед.книжки    Обязанности:  Готовить и продавать самый вкусный кофе и сопутствующие товары Работа с кассовой техникой и ПК Прием товара, контроль сроков годности Соблюдение чистоты и порядка рабочего места    Требования:  Общительность и грамотная речь Умение работать с ПК Пунктуальность Инициативность Желание развиваться    Адреса кофе-баров:  м. Краснопресненская - подземный переход от метро к зоопарку; м. Фили - ЖК Филиград - утренние смены (с 8 до 14) м. Красносельская - ул. Краснопрудная, 26    Стань частью нашей команды! Если тебя заинтересовала вакансия - откликнись и напиши почему ты бы хотел работать именно у нас."
Начинающий бариста в ONE & DOUBLE,https://hh.ru/vacancy/118394505?query=%D0%B1%D0%B0%D1%80%D0%B8%D1%81%D1%82%D0%B0&hhtmFrom=vacancy_search_list,"от 60 250 до 99 000 ₽ за месяц,  на руки",Не указана,"Привет! Меня зовут Карина, я менеджер по персоналу сети кофеен One&Double :)Мы в поисках БАРИСТА. Нам абсолютно неважно есть ли у тебя опыт, или ты хотел бы начать свой путь с нуля, мы рады видеть тебя в своей команде и готовы помочь во всех твоих начинаниях!Что мы предлагаем:  Обучение с нашими крутыми тренинг-менеджерами Подбор точки ближе к дому За смену от 3 750 р. + Бонусы; Повышение оплаты тем, кто с нами долго; Карьерный рост от бариста до управляющего; График работы 2/2, 3/3, 3/1, 4/2, 5/2, 6/1; Гибкие часы работы Оформление по ТК РФ; Выплаты з/п без задержек, 3 раза в месяц; Вкусное питание за счет компании; Медицинская книжка за счет компании;  Что хотели бы в тебе видеть:  Позитивный настрой на работу; Желание обучаться и расти вместе с компанией.  В твои обязанности будет входить:  Прием и выкладка товаров; Поддержание чистоты в кофейне; Помощь гостю при выборе в меню; Приготовление самых вкусных напитков.  Хочешь стать частью нашей команды оставляй отклик"
Бариста / Бармен,https://hh.ru/vacancy/118470421?query=%D0%B1%D0%B0%D1%80%D0%B8%D1%81%D1%82%D0%B0&hhtmFrom=vacancy_search_list,"от 100 000 ₽ за месяц,  на руки",Не указана,Обязанности:  Приготовление напитков на основе чая и кофе; Приготовление напитков согласно технологическим картам; Заказ и приемка продукции; Работа с кассовым аппаратом; Поддержание чистоты в баре; Проведение инвентаризаций.  Требования:  Наличие мед книжки; Соблюдение санитарных норм; Пунктуальность; Умение работать в команде; Стремление создавать стабильное и вкусное меню  Условия:  График 5/2 c 9:00 до 18:00 Оклад за смену: 5 000 руб. Оформление по ТК РФ Гарантированные выплаты 2 раза в месяц
Бариста/менеджер по продажам,https://hh.ru/vacancy/118257416?query=%D0%B1%D0%B0%D1%80%D0%B8%D1%81%D1%82%D0%B0&hhtmFrom=vacancy_search_list,"от 70 000 до 90 000 ₽ за месяц,  на руки",Не указана,"Мы: Кафема — кофейная компания с дальневосточными корнями. Пионер в области specialty кофе в России и одна из первых фабрик по обжарке, начавшая закупать кофе напрямую у фермеров. Мы и магазин, и кофейня. Конечно же, мы готовим кофе с любовью и классику, и авторские напитки, и альтернативными способами. Кофе у нас собственной обжарки, а еще есть чай, какао, и шоколад bean-to-bar и всевозможные гаджеты для заваривания кофе, от турки до тринити. Адреса: - м.Тимирязевская, Дмитровское шоссе 7 корп 2 - м.Маяковская, 4-я Тверская-Ямская, 9 Вы: - энергичны и любите кофе и людей - закончили школу - готовы учиться и развиваться вместе с нами Что делать: - готовить кофе и другие напитки из меню - делать пребывание гостей в Кафеме максимально комфортным - продавать кофе, чай и прочий товар с полок - поддерживать чистоту в зале и за баром Условия: - график – сменный - официальное оформление - ЗП – от 350 р./час (чем быстрее всему учитесь, тем быстрее растет зп), оплата еженедельно - бесплатное обучение - оплата мед.книжки - скидки в компании - оплачиваемый отпуск"
Бариста в кулинарную лавку братьев Караваевых,https://hh.ru/vacancy/118619861?query=%D0%B1%D0%B0%D1%80%D0%B8%D1%81%D1%82%D0%B0&hhtmFrom=vacancy_search_list,"до 110 000 ₽ за месяц,  на руки",Не указана,"Кулинарные лавки Братья Караваевы - это сеть современных городских кафе в формате fast casual, являющееся частью экосистемы Нефтьмагистраль. Что мы предлагаем:  График: смены – 8, 9, 10, 12 часов в день Гарантированные выплаты 2 раза в месяц Фиксированная часовая ставка + % от выручки кулинарной лавки Возможность получать дополнительную премию за наставничество Официальное оформление по ТК РФ Работа рядом с домом или учебным заведением Оплата стажировки с 1-ого дня Помощь в оформлении медицинской книжки Работа в красивом Московском кафе с оригинальным дизайном Обеспечиваем питанием по меню кафе за счет компании, экономия более 10.000 рублей в месяц  Приведи в компанию друга и получи 10.000 рублей С нами можно:  Пройти обучение в школе бариста за счет компании Получить сертификат государственного образца о получении или повышении квалификации Развиваться и расти внутри компании до руководителя или перейти на офисную должность Участвовать в спортивных и корпоративных мероприятиях компании  Что делают наши бариста:  Консультируют покупателей по ассортименту напитков и десертов Информируют гостей о действующей системе лояльности Производят расчëт гостей на кассе Работают на рожковой кофемашине Готовят авторские напитки Выкладывают продукцию на витрину  Мы ценим в кандидатах и сотрудниках:  Способность создавать атмосферу уюта Вежливость, внимательность и заботу о госте Необходим опыт работы бариста с приготовлением кофе на рожковой кофемашине от полугода"
"Бариста ((Москва, Лазоревый, 5)",https://hh.ru/vacancy/117694973?query=%D0%B1%D0%B0%D1%80%D0%B8%D1%81%D1%82%D0%B0&hhtmFrom=vacancy_search_list,"от 77 000 до 79 200 ₽ за месяц,  до вычета налогов",Не указана,
Бармен-бариста (м. ЦСКА),https://hh.ru/vacancy/117907431?query=%D0%B1%D0%B0%D1%80%D0%B8%D1%81%D1%82%D0%B0&hhtmFrom=vacancy_search_list,"от 70 000 ₽ за месяц,  на руки",Не указана,"JOKI JOYA — это парки развлечений для всей семьи. Сегодня бренд Joki Joya является лидером индустрии детских развлечений в России и состоит из 33 парков в 3 городах: 22 в Москве и МО, 10 в Санкт-Петербурге и 1 в Твери.В ресторан Joki Joya в ТЦ ""Авиапарк"" требуется бармен-бариста. Опыт работы желателен, но не обязателен! Мы предлагаем:  заработная плата: 3600 руб/смена + % от банкетов + личные чаевые+ премии по результатам работы; работа в сменном графике - 3/4, 4/3 или выходного дНЯ (суббота + воскресенье + праздничные дни); смена с 9:00 до 22:00; выплаты 2 раза в месяц без задержек; официальное трудоустройство; бесплатное 3х-разовое питание и стильная униформа; обучение и развитие (бесплатные тренинги и семинары).  Задачи:  подготовка ресторана к открытию/закрытию, поддержание чистоты на рабочем месте; принятие заказов, осуществление расчета гостей, соблюдение кассовой дисциплины; приготовление чая, кофе, молочных коктейлей, соков; розлив слабоалкогольных напитков (пиво, вино).  Пожелания к кандидату:  доброжелательность и ответственность; умение работать в команде и в высоком темпе.    Можешь написать или позвонить по номеру указанному в вакансии."
Бариста,https://hh.ru/vacancy/118385552?query=%D0%B1%D0%B0%D1%80%D0%B8%D1%81%D1%82%D0%B0&hhtmFrom=vacancy_search_list,"от 72 000 до 100 000 ₽ за месяц,  на руки",Не указана,"Обязанности:   Привет!Ищу классного бариста в заведение ""Tengu Chaka Bubble Tea Shop and Coffee""В 1-ой минуте ходьбы от метро Молодежная Ты нам подходишь если:- умеешь настраивать вкусный эспрессо и поддерживать его в течение дня- работаешь по весам⏰- умеешь улыбаться и вовремя приходить на смену- быстро реагируешь- любишь чистоту- у тебя грамотная русская речь  Что мы предлагаем:- график 2/2, 3/3 (по согласованию со сменщиком)- от 320р/ч + мотивация (70К-100К)- зп без задержек (2 раза в месяц)- смена 8-13ч- компенсируем питание- азиатские вкусняшки по себесу- самые вежливые дети в вашей жизни- супер милые собачки- классная бразилия и эфиопия на эспрессо- свободная форма одежды Ищем на долгосрочную основу"
Бариста / Старший смены,https://hh.ru/vacancy/118184467?query=%D0%B1%D0%B0%D1%80%D0%B8%D1%81%D1%82%D0%B0&hhtmFrom=vacancy_search_list,"от 55 000 до 120 000 ₽ за месяц,  на руки",Не указана,"В кoфeйню Cofix тpебуются баристa/стaршие смeны!Нaши пpeимущеcтвa:- компенсация мeдицинcкой книжки за счет компании- принимаeм бeз опытa pабoты- oплaчивается стaжировкa- график 2/2, 5/2- свoевpeменные выплaты 2 рaза в месяц Обязаннocти:— Пpигoтовление гоpячих и холодных напитков— Работа с кассой— Выкладка продукции на витрину— Поддержание чистоты в кофейне Требования: — готовность обучаться— владение разговорным русским языком— только на постоянную основу (от 3 месяцев и более) Условия:— график сменный 2/2, 5/2, 3/1 (неполный и полный рабочий день)— выплаты 2 раза в месяц, ставка часовая от 270₽ до 340₽/час — дружный коллектив Если заинтересовала наша вакансия, скорее звоните/пишите! Работа в шаговой доступности на станциях метро: ВДНХ, Ленинский проспект Пиши и мы пригласим тебя на собеседование"
Бариста,https://hh.ru/vacancy/118669232?query=%D0%B1%D0%B0%D1%80%D0%B8%D1%81%D1%82%D0%B0&hhtmFrom=vacancy_search_list,"от 80 000 до 110 000 ₽ за месяц,  на руки",Не указана,"Aloha KONA - кофе-поинт с атмосферой и характером.Мы работаем с постоянными клиентами; принимаем заказы на доставку, есть несколько посадочных мест.Варим Сварщицу Екатерину, уделяя максимальное внимание качеству напитков.В поисках внимательного, исполнительного коллеги, с желанием зарабатыватьОбязанности:Приготовление кофейных напитков, чая, свежевыжатых соков;Работа с кассой; поддержание чистоты рабочего пространства и зала.Требования:Работа с весами;Умение работать на потоке без потери качества;Общительность и оптимистичное настроение;Стрессоустойчивость.Условия:График: 2/2, 3/2 с 9:00 до 21:00;Оплачиваемая недельная стажировка;Ставка 400₽, еженедельные выплаты."
Бариста,https://hh.ru/vacancy/117443317?query=%D0%B1%D0%B0%D1%80%D0%B8%D1%81%D1%82%D0%B0&hhtmFrom=vacancy_search_list,"до 90 000 ₽ за месяц,  до вычета налогов",Не указана,"Системно-значимый банк России находится в поисках Бариста.Обязанности:   приготовление кофе и других напитков согласно рецептуре;   сервировка и подача напитков и снеков;   своевременный забор посуды из переговорных комнат;   поддержание порядка на рабочем месте.   Требования:   знание этикета обслуживания, правил сервировки и подачи;   опыт работы в кейтеринге будет являться преимуществом;   оперативность, организованность, ответственность, приветливость, клиентоориентированность.   Условия:  официальное оформление по договору ГПД; почасовая оплата 600 руб. gross/час; занятость на проекте от нескольких дней; гибкий график работы: 9:00 - 18:00 / 10:00 - 19:00 / 12:00 - 21:00 (1 час на обед)."
Бариста,https://hh.ru/vacancy/117940957?query=%D0%B1%D0%B0%D1%80%D0%B8%D1%81%D1%82%D0%B0&hhtmFrom=vacancy_search_list,"от 75 000 до 90 000 ₽ за месяц,  на руки",Не указана,"В команду Cafe/by POINT требуются крутые бариста Вы любите кофе и общение с людьми? Мы ищем энергичного и ответственного бариста для работы в нашей кофейне формата ""с собой"". Если вы готовы радовать гостей вкусными напитками и отличным настроением, то мы ждем именно вас! Обязанности: - Приготовление холодных/ горячих напитков согласно ТТК - Консультирование и обслуживание гостей за стойкой - Быстрая и своевременная отдача заказов гостям - Работа с кассой - Поддержание атмосферы и чистоты в баре, зале. - Контроль дефроста и хранения продукции бара и десертов - Инвентаризация бара Требования: -Доброжелательность и навыки продаж-Грамотная речь-Пунктуальность     Условия: -китель (предоставляем) и тотал блэк.-График 2/2 3/3 5/2-Выход 3500 +3% от продаж-Оплата раз в Неделю-Возможность карьерного роста внутри компании -Корпоративная скидка внутри компании 15% в том числе барбершопах и салонах красоты"
Бариста-Кассир,https://hh.ru/vacancy/118300618?query=%D0%B1%D0%B0%D1%80%D0%B8%D1%81%D1%82%D0%B0&hhtmFrom=vacancy_search_list,"от 70 000 до 90 000 ₽ за месяц,  на руки",Не указана,"Обязанности: -Работа с гостями гостей ; - Прием и выкладка товара ; - Предоставление качественного сервиса; - Приготовление горячих кофейных напитков (Рожковая кофе машина) ; - Знание ассортимента кондитерской ; - Проведение инвентаризаций, учет товара и остатков ; - Грамотное планирование и ежедневное размещение заказа на производство; - Работа с кассой iiko. Требования: - Опыт работы бариста ; - Доброжелательность к гостям, поддержание приятной атмосферы, ответственность, навыки работы в команде; - Жизнелюбие и позитивный настрой ; - Опыт работы на рожковой кофемаше; - Поддержание чистоты на рабочем месте;     Условия: - График работы: 2/2 с 9 до 21.00; - Официальное оформление по ТК РФ; - Предлагаем работу в кондитерской по адресу : Даниловский рынок : Мытная ул., 74, Москва;"
Утренний бариста в One Price Coffee (м. Авиамоторная),https://hh.ru/vacancy/116459666?query=%D0%B1%D0%B0%D1%80%D0%B8%D1%81%D1%82%D0%B0&hhtmFrom=vacancy_search_list,"от 55 000 до 68 000 ₽ за месяц,  на руки",Не указана,"Федеральная сеть ONE PRICE COFFEE ищет в свою команду Бариста, который может работать с 7:00. Что мы предлагаем:  Оплачиваемая стажировка - 220\час; Ставка бариста после прохождения стажировки - от 260\час; Премия за приведенного друга-5000р; Обучение с нуля и тренинги для повышения квалификации; Вкусный кофе + дружный молодой коллектив + стильная и удобная форма; Стабильные и своевременные выплаты заработной платы 2 раза в месяц; Официальное трудоустройство, оплачиваемый отпуск (в том числе учебный), больничные, перерывы на отдых и корпоративное питание; Помощь в оформлении и компенсация медкнижки; Гибкий график, который подстраивается под тебя. Есть возможность совмещения с учёбой, неполные смены.  Что мы ждём от вас:  Любовь к кофе и к людям; Стремление к развитию и получению знаний; Доброжелательность, пунктуальность,отзывчивость.  Чем нужно будет заниматься:  Общаться с гостями и ориентировать в нашем меню; Готовить напитки соблюдая стандарты качества компании; Поддерживать чистоту на рабочем месте; Работа на кассе; Работать в дружном, позитивном коллективе."
Бариста/Бармен,https://hh.ru/vacancy/118665190?query=%D0%B1%D0%B0%D1%80%D0%B8%D1%81%D1%82%D0%B0&hhtmFrom=vacancy_search_list,"от 80 000 ₽ за месяц,  на руки",Не указана,"В команду ресторана «Русский АвангъАрдъ» ищут Бармена/Бариста:  • Сменный график по 12 часов• Ставка 4000 + чаевые• Обучение винному сервису, тренинги за счёт компании.  Важно:• Опыт работы в ресторанной сфере от 1 года желательно. Можно без опыта, всему научим и покажем)• Желание работать в команде и развиваться вместе с ней• Ответственность и умение быстро включаться в процесс  Адрес: Марксистская 34 к7 Даниил Александрович."
Бариста,https://hh.ru/vacancy/118138548?query=%D0%B1%D0%B0%D1%80%D0%B8%D1%81%D1%82%D0%B0&hhtmFrom=vacancy_search_list,Какая оплата труда?,Не указана,"Обязанности:  Приготовление кофе, чая и авторских напитков Поддержание чистоты, порядка Общение с людьми Поддержание позитивной и friendly обстановки Развитие specialty кофейни  Важно, чтобы бариста:  Знал альтернативные способы приготовления кофейных напитков  Обладал опытом работы от 2 лет в specialty кофейни  Обладал уверенным латте-артом; Был внимателен, пунктуален, ответственен Наличие мед. книжки Любовь к кофе и его истории  Условия:  З/П 400р.час График работы с 9:30 до 21:00 Возможны подработки (можно обсудить) Ежемесячные мероприятия для сотрудников (компания оплачивает билеты в театр, концерт или другие мероприятия); Бесплатная форменная одежда после испытательного срока; Предусмотрены дополнительные выплаты сотрудникам в связи с заключением брака или рождением ребенка; Напитки, угощения и фрукты FREE для сотрудников; Ваучеры на одежду бренда KRAKATAU сотрудникам (можно выбрать все что понравится); Скидки сотрудникам и близким на продукцию бренда;"
Бариста в команду открытий,https://hh.ru/vacancy/118599892?query=%D0%B1%D0%B0%D1%80%D0%B8%D1%81%D1%82%D0%B0&hhtmFrom=vacancy_search_list,"от 80 000 ₽ за месяц,  на руки",Не указана,"Привет! Мы - сеть уютных и стильных кофеен ""Здрасте"" с разнообразным меню. Наш акцент — это кофе, но важнее кофе для нас люди. Мы уделяем большое внимание команде и ее развитию. Любим то, что делаем и находимся в поисках таких же идейных и активных будущих коллег. Сейчас мы в поиске Бариста в команду открытий! Что тебе предстоит делать:- Эргонимка и распаковка инвентаря для бара- Контроль и лидирование процесса открытия в баре- Предотвращение возникновения возможных конфликтов и регулирование уже возникших  - Участие в улучшении и оптимизации процессов открытия в баре- Обучение и контроль соблюдения стандартов и требований открытия нового предприятия- Направление стажеров на обучение- Работа на одном проекте 1-2 неделиЧто мы ждем от тебя: Опыт работы на должности Бариста от 1 года Готовность учиться, развиваться и получать много новой информации; Любовь к кофе; Грамотность речи; А еще мы dogfriendly-кофейни, поэтому важно отсутствие аллергии на братьев наших меньших)Что ты получишь, работая с нами: Достойную зарплату: Ставка 320р/час График работы: 5/2 по 10 часов Фирменный мерч и бесплатное питание; Обучение и постоянную прокачку знаний; Участие в ежемесячных конкурсах с приятными призами; Скидку 20% на питание по меню и посещение других кофеен; Возможность быстрого карьерного роста (менеджер зала/официанты команды открытия/вакансии в Управляющей компании); Классную корпоративную культуру. Премия 5000р за каждое открытия (в среднем 3-4 открытия в мес) Разъездной ритм жизни Возмещение дороги (8000р)  Мы ждем тебя в свою Команду! Данная вакансия подойдет тебе, если ты ищешь: работа в кофейне, бариста, кофе, работа рядом с домом"
Бариста,https://hh.ru/vacancy/115245731?query=%D0%B1%D0%B0%D1%80%D0%B8%D1%81%D1%82%D0%B0&hhtmFrom=vacancy_search_list,"62 000 ₽ за месяц,  до вычета налогов",Не указана,"Московский Международный Университет приглашает в нашу команду компетентных, энергичных и мотивированных сотрудников. Сейчас мы находимся в поиске Бариста МЫ ПРЕДЛАГАЕМ:  Стабильный и прозрачный доход - 62 000 руб. (до вычета налога); Комфортное рабочее место в шаговой доступности от м. Преображенская площадь; Корпоративные скидки на образовательные программы; График работы 5/2 с 8:00 до 17:00, сб. и вс. - выходные дни. Команда, готовая поддержать: коллеги всегда придут на помощь и поделятся экспертным опытом.  ЧЕМ ПРЕДСТОИТ ЗАНИМАТЬСЯ:  Консультация посетителей по ассортименту напитков, особенностям разновидностей кофе, степени обжарки зерен, правилам подачи кофейных напитков; Приготовление кофе и напитков с соблюдением технологии приготовления; Оформление и подача кофе и напитков в соответствии с внутренними стандартами; Поддержание чистоты на рабочем месте, контроль за сохранностью и исправностью оборудования; Соблюдение правил охраны труда и техники безопасности.  НАШИ ОЖИДАНИЯ:   Среднее специальное или высшее образование;   Опыт работы на аналогичной должности от полугода;   Наличие действующей медицинской книжки или возможность ее сделать;   Навыки латте-арта, знание нескольких техник применения;   Навыки качественного измельчения кофе для приготовления эспрессо, заварки и других кофейных напитков;   Навыки взбивания молока и приготовления различных типов кофейных напитков (капучино, латте, мокко);   Знание различных видов кофе (арабика, робуста и др.);   Вежливость и доброжелательность при общении с посетителями."
Бариста,https://hh.ru/vacancy/118201987?query=%D0%B1%D0%B0%D1%80%D0%B8%D1%81%D1%82%D0%B0&hhtmFrom=vacancy_search_list,"от 70 000 до 80 000 ₽ за месяц,  на руки",Не указана,"Ресторан Noôcafe занимает 5й этаж пространства Клуба Noôdome. Это – красивое пространство с динамичной и творческой атмосферой, большой террасой, выходящей на крыши и фасады Романова переулка, и домашним меню. В Noôcafe можно спокойно позавтракать, устроить семейный бранч, провести деловой обед или званый ужин. Пространство вмещает до 120 гостей. Концепция Noôcafe сочетает принципы сезонности, полезности, этичного потребления и современной трактовки гастрономических традиций русской городской усадьбы. За основу взяли русскую кухню с сезонными и фермерскими продуктами. А ещё Noôcafe — это мекка для любителей вина. Здесь регулярно проходят встречи Noôwine School и Винного клубы Елены Соколовой. А винная карта приятно удивит и порадует даже самых взыскательных ценителей. Мы в поиске бариста! Это вакансия для людей с профильным опытом, нам необходимы: - Глубокие знания в кофейной теории - Умение приготовить вкусный эспрессо - Базовый латте-арт - Навык работы с альтернативой - Открытость, внимание к деталям и способность рассказать о продукте У нас можно: - Работать на лучшем оборудовании и зерне - Проходить тренинги, развиваться в барной сфере - Общаться с лучшими специалистами отрасли - Получить удобный график и достойные деньги - 70 000 - 80 000 рублей в месяц Ждём короткий содержательный рассказ о себе, своих навыках и амбициях. До скорой встречи в Noôdome!"
Бариста,https://hh.ru/vacancy/117943663?query=%D0%B1%D0%B0%D1%80%D0%B8%D1%81%D1%82%D0%B0&hhtmFrom=vacancy_search_list,"от 73 000 до 84 000 ₽ за месяц,  на руки",Не указана,"Приглашаем к нам ответственных и энергичных людей! Мы рады приветствовать в нашей команде тех, кто стремится к новым достижениям и открытиям. Наш проект «Kombinat» представляет собой современный интерьер, разделенный на два пространства: столовую и буфет. Мы находимся в бизнес-центре «Central Park Tower», напротив центрального входа в Нескучный сад парка Горького. Не упустите возможность стать частью нашей команды! Мы ждем ваших откликов. Обязанности:  Приготовление напитков в соответствии со стандартами. Работа с кассой. Продажа буфетной продукции. Взаимодействие с гостями. Поддержание идеальной чистоты на рабочем месте. Ежемесячная инвентаризация.  Требования:  Опыт работы в специализированных кофейнях на должности бариста является обязательным. Умение работать в команде — важнейшее качество, которое мы ценим в своих сотрудниках. Ответственность — неотъемлемая черта каждого сотрудника. Грамотная речь — залог успешного общения с клиентами. Пунктуальность — залог нашего общего успеха. Действующая медицинская книжка  Условия: График работы 5/2 с ПН по ПТ с официальным трудоустройством по ТК РФ Смена - 4000 рублей Государственные праздники - официальные выходные. Бесплатное питание Униформа"
Бариста ТРЦ Афимолл,https://hh.ru/vacancy/118306444?query=%D0%B1%D0%B0%D1%80%D0%B8%D1%81%D1%82%D0%B0&hhtmFrom=vacancy_search_list,"от 62 500 до 79 400 ₽ за месяц,  на руки",Не указана,"В сети кафе-пекарен ""Хлеб с маслом"" открыта вакансия Бариста !Будем рады видеть сотрудников как с опытом, так и без опыта работы, желающих развиваться вместе с нами! Обязанности:  Приготовление кофейных напитков Прием заказов в формате togo; помощь и активные доп. продажи гостям при выборе напитков/ выпечки Расчет гостей, работа с кассой Оформление витрин Соблюдение стандартов компании Создание позитивной и уютной атмосферы кофейни  Требования:  Грамотная речь Желание развиваться в сегменте HoReCa Доброжелательность, внимательность, ответственность  Условия:  Сменный график 2/2, 4/2, 3/3, гибкий график (прекрасная возможность совмещать с учебой) Официальное оформление в соответствии с ТК РФ Заработная плата два раза в месяц Обучение в процессе работы от лучших специалистов города Бесплатное питание Компенсация медицинской книжки  Дружный коллектив профессионалов, атмосфера взаимовыручки  Благодаря нашим Бариста наша сеть стремительно развивается!Вкусная выпечка, ароматный кофе! Достойные условия труда!МЫ ПО ВСЕЙ МОСКВЕ!Пиши, звони и мы выберем кофейню , максимально удобную по расположению.Мы ждем именно тебя!"
Бариста,https://hh.ru/vacancy/118497523?query=%D0%B1%D0%B0%D1%80%D0%B8%D1%81%D1%82%D0%B0&hhtmFrom=vacancy_search_list,"от 55 000 до 75 000 ₽ за месяц,  на руки",Не указана,"5 рабочих дней | От 45.000 рублей Требования  Любовь к кофе, во всех его проявлениях Желание учиться и развиваться в кофейной культуре Открытость, коммуникабельность, стрессоустойчивость  Обязанности  Приготовление кофейных напитков на основе эспрессо и различных авторских напитков Подготовка рабочего места и поддержание чистоты Заказ продукции и обеспечение работоспособности кофейни Общение с гостями (демонстрация знаний о кофе, активное предложение продукции гостям) Проведение инвентаризации и ген. уборок"
Бариста-кассир в кофейню,https://hh.ru/vacancy/116179251?query=%D0%B1%D0%B0%D1%80%D0%B8%D1%81%D1%82%D0%B0&hhtmFrom=vacancy_search_list,"от 70 000 до 130 000 ₽ за месяц,  на руки",Не указана,"Мы, сеть кофеен ""Маленькая пекарня Журавлёвых"", основанная в 2016 году. Наш формат это уютные кофейни с правильным кофе, завтраками и обедами. А также, с натуральной вкусной выпечкой и свежим хлебом, которые каждое утро привозят нам с нашего собственного производства «Мануфактура Журавлевых»  Приглашаем в команду открытых, увлечённых людей с активной жизненной позицией!Ведем набор на две точки: - м. Автозаводская, улица Автозаводская 8 - м. Площадь Ильича, улица Рогожский Вал 5с1   Возможность карьерного роста: Старший бариста, Наставник   Ваши обязанности:  готовить самый вкусный кофе оформление витрин, прием продукции позитивный настрой, дружелюбное обслуживание гостей соблюдение стандартов компании приготовление кофейных и авторских напитков    Наши требования:  грамотная речь опыт работы на рожковой кофемашине, латте-арт умение работать в команде внимательность, ответственность, стрессоустойчивость    Что мы предлагаем:  обучение в процессе работы достижимый KPI, дополнительные мотивационные программы полноценно оплачиваемые отпуска бесплатное оформление мед. книжки бесплатное питание персонала официальное трудоустройство в соответствии с ТК РФ    Оплата труда:   почасовая ставка после сдачи аттестации от 330р/ч на руки своевременная выплата два раза в месяц без задержек возможность пройти испытательный срок в экспресс режиме (зависит от ваших навыков)    График работы:  2/2, 3/2, 4/2, 5/2 Автозаводская (Полная смена 6:30 - 22:30, Утро 6:30 - 15:30, Вечер 15:00 - 22:30) Площадь Ильича (Полная смена 7:30 - 21:30, Утро 7:30-15:30, Вечер 15:00 - 21:30)"
Бариста в кофейню (м. Жулебино),https://hh.ru/vacancy/118656632?query=%D0%B1%D0%B0%D1%80%D0%B8%D1%81%D1%82%D0%B0&hhtmFrom=vacancy_search_list,"от 70 000 ₽ за месяц,  на руки",Не указана,"В проект Cappuccino Kids открыт набор бариста! Не упускайте возможность присоединиться к нашей команде профессионалов в мире кофе! Ваш опыт работы не имеет значения – мы всему обучим в нашей школе бариста.   Что вам нужно будет делать:  Готовить классические кофейные и не кофейные авторские напитки; Работать за кассой и соблюдать дисциплину; Выстраивать работу по чек-листам; Консультировать гостей в выборе кофейного зерна или другой продукции; Поддерживать чистоту и порядок на рабочем месте.  Мы предлагаем:  Оплата 2 раза в месяц, без задержек; До сдачи аттестации 2600 р., после 4000 р. в день; Процент от продаж, в среднем 6000-8000р; График работы (2/2 c 8:30 до 21.00 либо 9:30 до 22:00, пятница - суббота с 8:30 до 21:00 либо с 10:30 до 23:00); Бесплатное питание; Удобную и современную форму; Обучение у профессиональных бариста с международной сертификацией SCA; Участие в корпоративных мероприятиях компании; Дружный коллектив и атмосферу взаимовыручки.    Откликайтесь на вакансию или звоните, с радостью расскажем вам о нас!   Вакансия подходит для бариста, бариста в сеть кофеен, сотрудник бара, сотрудник кофейни, кофейный менеджер, эксперт кофе, официант, работа без опыта, начинающий специалист, приготовление эспрессо, латте, капуччино, кофе, коктейлей, напитков, чая, обслуживание гостей, профессиональная подготовка бариста, кофейный бар, сотрудник ресторана, бармен."
Бариста,https://hh.ru/vacancy/118306057?query=%D0%B1%D0%B0%D1%80%D0%B8%D1%81%D1%82%D0%B0&hhtmFrom=vacancy_search_list,"от 60 000 до 110 000 ₽ за месяц,  на руки",Не указана,"Сеть кaфe-пекapен «Скалка» приглaшаeт в свою кoманду Баpиста!Haшa пpoдукция – этo пироги и десepты ручной работы, в кoтopые мы влoжили многoлeтний oпыт, знания и зaботу о гостях. Что мы предлагаем:  - официальное оформление с первых дней; - гибкий график работы( 2/2,3/3,4/3,5/2); - бесплатное питание и стильную униформу; - возможность развиваться, прокачивать свои навыки и зарабатывать. Наша ставка от 4.000р.- 4600р. + бонус за выполнение плана; - дополнительные бонусы лучшим сотрудникам; - молодой и дружный коллектив, помощь руководства на всех этапах работы; - наставничество и тренинги; - Акция ""Приведи друга"". За каждого кандидата можно дополнительно заработать 15.000р. Чем предстоит заниматься:  - готовить наивкуснейший кофе и другие сезонные напитки; - консультировать гостей по ассортименту; - работать с кассой; - делать заказы на поставку; - следить за чистотой; - участвовать в инвентаризации; - быть внимательным к гостям. Для работы в качестве бариста вам не требуется специальное образование, мы всему научим! В данный момент требуются: - м. Кунцевская- м. Народное ополчение- м. Шелепиха- м. Речной вокзал- м. Молодежная- м. Нижегородская- м. Электрозаводская- м. Тропарево- м. Медведково- м. Курская- м. Проспект мира- м. ВДНХ- м. Академическая- м. Ломоносовский проспект- м. Чкаловская"
Бариста,https://hh.ru/vacancy/118487362?query=%D0%B1%D0%B0%D1%80%D0%B8%D1%81%D1%82%D0%B0&hhtmFrom=vacancy_search_list,"от 70 000 до 120 000 ₽ за месяц,  на руки",Не указана,"Обязанности:  варить вкусное кофе и напитки по тк чистота ответственность общение с покупателями расчет заказа      Условия:  2/2,3/3,5/2,6/1 8 часов работы можно 12 через 3 месяца работы + % от продаж"
Бариста - продавец в кофейню в ЖК Символ,https://hh.ru/vacancy/118084178?query=%D0%B1%D0%B0%D1%80%D0%B8%D1%81%D1%82%D0%B0&hhtmFrom=vacancy_search_list,"от 75 000 ₽ за месяц,  на руки",Не указана,"Ищем бариста - продавца, в новую уютную кофейню, в современном ЖК. Обязанности:   Приготовление кофе, чая, какао, безалкогольных напитков;   Обслуживание и консультация гостей, по представленным продуктам (выпечка, сыры, фермерская продукция);   Соблюдение стандартов работы, поддержание чистоты на рабочем месте и за столиками;   Работа с кассой.   Требования:   Ответственность к работе, доброжелательность, клиентоориентированность;   Опыт работы приветствуется, но необязателен, обучаем;  Мед. книжка (поможем оформить); Грамотная речь.  Условия:  Работа в небольшой, уютной кофейне; График 2/2, с 9-21; Обучение и оплачиваемая стажировка; Своевременная выплата зарплаты, без задержек, 2 раза в мес. Ставка 400 р. /час. + KPI + чай. Официальное оформление; Скидки на продукцию; Шаговая доступность от метро Площадь Ильича, Римская."
"Бариста ""Правда кофе"" (м. Театральная)",https://hh.ru/vacancy/117984490?query=%D0%B1%D0%B0%D1%80%D0%B8%D1%81%D1%82%D0%B0&hhtmFrom=vacancy_search_list,"от 70 000 до 80 000 ₽ за месяц,  на руки",Не указана,"Привет!     Ищем сотрудников в «Правда Кофе»! Опыт не нужен — научим всему сами.     Если любишь кофе и хочешь стать мастером, пиши!   Немного о нас: «Правда Кофе» — крутая сеть кофеен в Москве и Питере. Нам уже больше 13 лет. У нас работают чемпионы России и мира, которые готовы делиться своим опытом.   Что предлагаем:  Берём без опыта: научим всему с нуля. Бесплатное обучение у топовых профессионалов. Удобное расположение кофеен: рядом с домом или учебой. Карьерный рост: можно дорасти до наставника или открыть свою кофейню. Бонусы: участие в чемпионатах, призы и бонусы за привлечение друзей.  Условия:  Фиксированная ставка. График на выбор: 5/2, 2/2, утренние и вечерние смены Оплата медкнижки и бесплатная униформа. Локации рядом с метро.  Вакансии в Москве:  Театральная Охотный ряд Площадь революции       Приветствуется, но не обязателен опыт в компаниях: Cinnabon, ВкусВилл, Stars coffee, Coffee Point, КуллКлевер, Дабл Би, Лавка братьев Караваевых, Шоколадница, Брусника, Тchibo, Кофемания, Бодрый день, Cofix, One&Double, Гурманика, Перекрёсток, One Price Coffee, Skuratov Coffee, Кофе хауз, Буханка, Coffee Like, Глобус, Coffee Way на вакансиях: бариста, бармен, официант, помощник бармена, кассир, пекарь, продавец, кассир и других"
Бариста в кофейню (м. Баррикадная),https://hh.ru/vacancy/118292057?query=%D0%B1%D0%B0%D1%80%D0%B8%D1%81%D1%82%D0%B0&hhtmFrom=vacancy_search_list,"от 80 000 ₽ за месяц,  на руки",Не указана,"В проект Cappuccino Kids открыт набор бариста! Не упускайте возможность присоединиться к нашей команде профессионалов в мире кофе! Ваш опыт работы не имеет значения – мы всему обучим в нашей школе бариста.   Что вам нужно будет делать:  Готовить классические кофейные и не кофейные авторские напитки; Работать за кассой и соблюдать дисциплину; Выстраивать работу по чек-листам; Консультировать гостей в выборе кофейного зерна или другой продукции; Поддерживать чистоту и порядок на рабочем месте.  Мы предлагаем:  Оплата 2 раза в месяц, без задержек; До сдачи аттестации 2400 р., после 3500 р. в день; Процент от продаж, в среднем 6000-10000р; График работы (5/2 c 7.30 до 18.30); Бесплатное питание; Удобную и современную форму; Обучение у профессиональных бариста с международной сертификацией SCA; Участие в корпоративных мероприятиях компании; Дружный коллектив и атмосферу взаимовыручки.    Откликайтесь на вакансию или звоните, с радостью расскажем вам о нас!   Вакансия подходит для бариста, бариста в сеть кофеен, сотрудник бара, сотрудник кофейни, кофейный менеджер, эксперт кофе, официант, работа без опыта, начинающий специалист, приготовление эспрессо, латте, капуччино, кофе, коктейлей, напитков, чая, обслуживание гостей, профессиональная подготовка бариста, кофейный бар, сотрудник ресторана, бармен."
Бариста в ТЦ Метрополис (м. Войковская),https://hh.ru/vacancy/118569894?query=%D0%B1%D0%B0%D1%80%D0%B8%D1%81%D1%82%D0%B0&hhtmFrom=vacancy_search_list,"от 52 250 до 81 800 ₽ за месяц,  на руки",Не указана,"В сети кафе-пекарен ""Хлеб с маслом""  открыта вакансия Бариста !Будем рады видеть сотрудников как с опытом, так и без опыта работы, желающих развиваться вместе с нами! Обязанности:  Приготовление кофейных напитков Прием заказов в формате togo; помощь и активные доп. продажи гостям при выборе напитков/ выпечки Расчет гостей, работа с кассой Оформление витрин Соблюдение чистоты и порядка на точке Соблюдение стандартов компании Создание позитивной и уютной атмосферы кофейни  Требования:  Желание развиваться в сегменте HoReCa Доброжелательность, внимательность, ответственность Грамотная речь  Условия:  Гибкий график, 2/2 5/2,отличная возможность совмещать с учебой Официальное оформление в соответствии с ТК РФ Заработная плата два раза в месяц Обучение в процессе работы от лучших специалистов города Бесплатное питание Компенсация медицинской книжки  Дружный коллектив профессионалов, атмосфера взаимовыручки    Благодаря нашим Бариста наша сеть стремительно развивается!Вкусная выпечка, ароматный кофе! Достойные условия труда!МЫ ПО ВСЕЙ МОСКВЕ!Мы повысили почасовую ставку и улучшаем условия для комфортной работы!Пиши, звони и мы выберем кофейню , максимально удобную по расположению.Мы ждем именно тебя!"
Бариста,https://hh.ru/vacancy/118114976?query=%D0%B1%D0%B0%D1%80%D0%B8%D1%81%D1%82%D0%B0&hhtmFrom=vacancy_search_list,"от 60 000 ₽ за месяц,  на руки",Не указана,"Кофейня ""Варим кофе"" — это место, где каждый гость может насладиться атмосферой уюта и тепла, а также попробовать отборный кофе и десерты, приготовленные с душой. Мы стремимся создать идеальное место для общения, отдыха и вдохновения на каждый день. Мы ищем приветливого и отзывчивого стажера бариста к нам в команду! Если Вы трудолюбивы, доброжелательны, готовы учиться новому, и Вас влечет мир кофе, то мы будем рады принять Вас в свою команду!   Мы ждем от Вас:  Приготовление кофейных и чайных напитков; Поддержание чистоты в зале и на рабочем месте; Доставка напитков в ближайшие дома при поступлении заказа от местных жителей; Создние уютной и дружелюбной атмосферы; Желание саморазвиваться и повышать свою квалификацию в кофейной сфере.    Требования:  Опыт работы на аналогичной позиции будет плюсом; Стремление к саморазвитию и повышению квалификации в области кофейного дела.    Мы предлагаем Вам:  Работу в уютной кофейне по адресу: Рублёвское шоссе, 101, м. Молодежная; Ставка 350 руб/час; Полная занятость, график 5/2 (9-18) или 2/2 (9-20); Бесплатные еда и напитки во время смены; Работа в молодой и дружной команде с общением без лишних формальностей!)    Наши отличительные черты:  прозрачность работы - мы открыты в плане цифр, планов и мыслей с каждым членом организации перспективы карьерного роста на 5 и более лет (Вы сможете стать шеф-бариста сети или точки; управляющий 3-5 точками; тренером нашей будущей школ; партнер в новой точке)"
Бариста,https://hh.ru/vacancy/117682980?query=%D0%B1%D0%B0%D1%80%D0%B8%D1%81%D1%82%D0%B0&hhtmFrom=vacancy_search_list,"от 90 000 ₽ за месяц,  на руки",Не указана,"Приветствуем, наш будущий коллега! Давай знакомиться!Мы – известная сеть кафе «Здрасте» с красивой и вкусной авторской кухней. На сегодняшний день у нас более 60 ресторанов по Москве и и Московской области. Мы заботимся о комфорте гостей, а потому в наших заведениях доступны разные опции: Wi-Fi, места для посетителей с собаками, терраса, кофе на вынос, бранч и многое другое.Мы растем и развиваемся, в связи с этим приглашаем в нашу дружную команду Бариста Обязанности: - Приготовление Без алкогольных напитков чая, кофе, лимонадов, смузи, свежевыжатых соков.  - Консультирование клиентов по методам приготовления коктейлей/ кофе - Знание профессионального оборудования и его эксплуатации - Поддержание ассортимента - Соблюдение санитарных норм в процессе работы - Поддержание порядка и чистоты на рабочем месте - Проведение инвентаризации - Работа в программе - iiko Требования: - Опыт работы от 1 года в аналогичной должности - Знание и понимание специфики работы - Наличие медицинской книжки или готовность ее сделать - Ответственность - Пунктуальность - Доброжелательность. Условия: - Сменный график: 2/2, 3/2, 4/2, 5/2 с 7:30/19:30 или 10.00/22.00 - Официальное оформление - Оплачиваемая стажировка - Своевременная выплата заработной платы (возможность влиять на свой доход) - Бесплатное питание - Бесплатная униформа - Обучение и поддержка на всех этапах - Возможность карьерного роста - Дружный и веселый коллектив - Место работы: Москва, Хорошевское ш., д.25А, к.1 ЖК ""Династия"""
Бариста (м. Авиамоторная),https://hh.ru/vacancy/117910092?query=%D0%B1%D0%B0%D1%80%D0%B8%D1%81%D1%82%D0%B0&hhtmFrom=vacancy_search_list,"до 110 000 ₽ за месяц,  на руки",Не указана,"Мы молодая и успешно развивающаяся сеть specialty-кофеен, которая с любовью дарит широкий ассортимент вкусных авторских напитков и отличное настроение каждому гостю! Наши кофейни - это про открытость, креативность и раскрепощенность, а также вкусный кофе и нетривиальные сочетания! Ждем тебя в нашей команде единомышленников, где есть все возможности проявить свои таланты. Нам по пути, если ты:  Кайфуешь от общения с людьми; Обладаешь крутыми навыками продаж и нацелен на увеличение товарооборота кофейни; Можешь поддерживать контакт с постоянными гостями, а также с легкостью привлекать новых; Умеешь готовить вкусный кофе или готов обучиться чему-то новому; Знаешь, как поднять настроение не только себе, но и окружающим; Готов развиваться и достигать новых высот вместе с нами.  Чем тебе предстоит заниматься:  Готовить авторские напитки, разумеется, не забывая про классику; Заниматься развитием кофейни и работать над узнаваемостью бренда, Принимать активное участие в дегустациях новых позиций; Проходить обучение в тренинг-центре для регулярного апгрейда своих скиллов; И, конечно же, соблюдать чистоту и порядок на рабочем месте.  Что мы предлагаем:  Оплачиваемую стажировку - 300р/час (до 2-х недель) Работу рядом с метро Авиамоторная; Гибкий график работы: 7/0, 5/2, 3/3, 2/2 и тд., смены от 8 до 13 часов на выбор; Часовую ставку 330р (повышается в зависимости от навыка продаж); Ежемесячную премию по результатам работы; Возможность карьерного роста (бариста-старший бариста-администратор); Стильную и удобную униформу.  Если ты ищешь место, где хотел бы получить не только ценные знания, но и возможность реализовывать их на деле - наш френдли коллектив ждет тебя!"
Бармен-бариста,https://hh.ru/vacancy/118190918?query=%D0%B1%D0%B0%D1%80%D0%B8%D1%81%D1%82%D0%B0&hhtmFrom=vacancy_search_list,"от 65 000 до 75 000 ₽ за месяц,  на руки",Не указана,"Что нужно уметь: • работать в баре по техкартам • знать особенности работы со specialty зерном, настройки эспрессо и базовый латте арт • разговаривать с гостями (80% постоянные гости), быть стрессоустойчивым, сохранять позитивный настрой • быть частью команды, быть готовым помочь и попросить помощи, если требуется Что нужно делать: • варить вкусный кофе • готовить лимонады, свежевыжатые соки и другие безалкогольные напитки • принимать заказы у кассы, читать чеки, собирать заказ • делать заготовки в баре, участвовать в инвентаризации, поддерживать в порядке рабочее место Что мы предлагаем:  • работа в дружном коллективе с классными и супервежливыми гостями, помощь на всех этапах освоения рабочего места, 2-х разовое питание • график работы 5/2 с одним выходным в воскресенье, одним плавающим на неделе, или 6/1; часы работы в будние дни: 7:30–17:00, в субботу 7:30–15:00 • выплаты 2 раза в месяц, премии • официальное оформление по ТК после испытательного срока • государственные праздники и каникулы в институте тоже выходные"
Бариста (м. деловой центр),https://hh.ru/vacancy/118547696?query=%D0%B1%D0%B0%D1%80%D0%B8%D1%81%D1%82%D0%B0&hhtmFrom=vacancy_search_list,"от 80 000 ₽ за месяц,  на руки",Не указана,"“Coffee Bean” первое гостеприимное кофейное пространство, которое создает каждый, кто здесь работает, и эта культура развита с 1996 года. У нас своя Школа Бариста и Лаборатория Гостеприимства, где обучают всех - бариста, менеджеров, руководителей, стюардов. Наши выпускники - профессионалы своего дела. Также члены команды Coffee Bean в своей работе придерживаются высоких стандартов международной ассоциации specialty кофе SCA. Бариста Coffee Bean:  Много искренне общается с гостями; Готовит самый вкусный кофе; Оформляет витрину; Работает с кассой; Рассказывает о наших десертах и сэндвичах, является амбассадором вкуса; Интегрируется в кофейную культуру в лучшей в России Школе Бариста и совершенствует свои soft skills в нашей Лаборатории Гостеприимства.  Что ждет тебя в Coffee Bean:  Официальное трудоустройство; Гибкий график работы: 5/2 с плавающими выходными по 8 часов. Ставка 325 руб/час на время стажировки, далее 400 руб/час, а так же щедрые электронные чаевые; Корпоративные скидки на десерты 50%, а также базовые кофейные напитки без оплаты; Поддерживающая система адаптации; Возможность прозрачного карьерного роста; Корпоративный коуч, который помогает достичь цели, как рабочей, так и личной; Корпоративные скидки до 60% на обучающей платформе Lerna после сдачи двух аттестаций; Самое главное – ты здесь можешь быть самим собой!  Рады видеть единомышленников в нашем пространстве!"
"Бариста, м.Юго-Западная",https://hh.ru/vacancy/117559559?query=%D0%B1%D0%B0%D1%80%D0%B8%D1%81%D1%82%D0%B0&hhtmFrom=vacancy_search_list,"от 70 000 ₽ за месяц,  на руки",Не указана,"Кофейня DIEMME CAFFE при спортивном клубе Дружина В нашу дружную команду мы ищем коммуникабельных, позитивных, открытых, профессиональных и начинающих бариста любящих кофе и всё, что с ним связано. В действующую кофейню и в новые открывающиеся точки. Мы варим классический итальянский эспрессо и делаем все классические кофейные напитки на его основе. Мы завариваем кофе альтернативными методами. Помимо классических итальянских эспрессо-смесей в нашей кофейне есть более 20 моносртов specialty coffee со всего кофейного пояса. Мы предлагаем сезонные авторские напитки на основе кофе и чая. Наша вакансия интересна как людям, желающим обучаться и развиваться в кофейной атмосфере, так и профессионалам ресторанного бизнеса. Наши кондитеры ежедневно и вручную изготавливают вкуснейшие десерты и выпечку, чтобы у каждого Гостя была возможность за чашкой кофе ощутить тепло и душевность семейного и дружеского общения. Наши двери всегда открыты для людей, которые разделяют нашу страсть к кофе, любовь к людям и своей работе. У нас:  динамичная и активная работа; дружная стабильная команда; участие в интересных проектах; наставничество и обучение для новичков; обучение и международная сертификация по стандартам SCA; регулярное повышение квалификации. возможность профессионального и карьерного роста. выезды на обучение в академию Diemme - один из лучших центров обучения и повышения квалификации в Италии; посещение фабрики Diemme в Италии - передовой производственной площадки, оснащенной инновационным и высокопроизводительным оборудованием; Обязанности:  приготовление кофе, чая, горячего шоколада и напитков на их основе работа с гостями, активное позитивное общение участие в разработке новых собственных авторских и сезонных напитков  Требования:  обучаемость, стремление развиваться в профессии коммуникабельность, ответственность, результативность; опыт работы в ресторанном бизнесе на позиции бариста будет преимуществом; желательны знания и навыки приготовления кофе, кофейных коктейлей; желательны знания и умение приготовления кофе альтернативными способами.  Условия:  оплачиваемая стажировка - высокая фиксированная ставка; бесплатное, вкусное питание собственного производства и напитки + скидки на продукцию бренда почасовая ставка 310 руб. + % от плана продаж; гибкий сменный график работы 2/5; 3/4; 4/3; 5/2 ; гибкий рабочий день смена на выбор 4ч / 8ч / 12ч профессиональное дополнительное обучение и сертификация за счёт компании; перспективы развития и карьерного роста; бесплатные занятия в собственном спортивном клубе дружный коллектив. работа - м. Юго-Западная"
"Бариста ((Москва, Новочерёмушкинская, 26)",https://hh.ru/vacancy/117645580?query=%D0%B1%D0%B0%D1%80%D0%B8%D1%81%D1%82%D0%B0&hhtmFrom=vacancy_search_list,"от 77 000 до 79 000 ₽ за месяц,  до вычета налогов",Не указана,
Бариста (м. Октябрьская),https://hh.ru/vacancy/118352439?query=%D0%B1%D0%B0%D1%80%D0%B8%D1%81%D1%82%D0%B0&hhtmFrom=vacancy_search_list,"от 69 000 до 91 700 ₽ за месяц,  на руки",Не указана,"В команду «Бодро кофе » требуется бариста!Рассматриваем кандидатов без опыта работы, готовых успешно пройти наше крутое обучение! Место работы подбираем ближе к дому, все наши кафе рядом с метро. А еще Мы запустили акцию ‘’Приведи друга’’, за которую Вы получите 8 000 руб. Мы предлагаем:  Оплачиваемое обучение с наставником + тренинги за счёт компании ; Официальное оформление по ТК РФ; Оплата заработной платы без задержек; Оплачиваемые обеды ; Удобные графики работы 2/2, 3/2, 5/2 по 8 или 11- 12 часов; Премии и бонусы каждый месяц по итогам работы в компании; 28+ кофеен по всему городу , возможность работать на любой точки ; Корпоративные активности ( футбол , волейбол, пейнтбол ,боулинг, караоке); Быстрый карьерный рост от баристы до управляющего кофейни ;  Мы ищем :  Позитивный настрой, коммуникабельность, а также желание работать, расти и развиваться вместе с нами; Будем рады, если у вас есть опыт работы в этой или схожей роли. Если нет — не волнуйтесь, мы всему научим!"
Тренер-наставник в кофейню Дринкит (м. Воронцовская),https://hh.ru/vacancy/117841484?query=%D0%B1%D0%B0%D1%80%D0%B8%D1%81%D1%82%D0%B0&hhtmFrom=vacancy_search_list,"от 50 000 ₽ за месяц,  на руки",Не указана,"Дринкит – часть международной компании DODO Brands, и сейчас у нас уже более 35 кофеен, в том числе в других странах. Мы только в самом начале нашего пути, но планируем построить сеть по всему миру! Мы создаём технологичные кофейни на каждый день с чутким сервисом, качественными авторскими напитками и удобным приложением. Гость легко может настроить всё на свой вкус и сделать заказ по пути в кофейню. А бариста не нужно принимать заказ на кассе, всё происходит через нашу автоматизированную информационную систему. Мы стремительно развиваемся, поэтому находимся в поисках бариста-наставника, у которого есть опыт работы в кофейне, глубокие знания в области кофе и готовность передавать свой опыт другим людям.  Мы предлагаем:   Конкурентную заработную плату, выплаты два раза в месяц;   Гибкий график, при котором ты без проблем можешь совмещать работу и учебу;   Оплачиваемые отпуска и больничные;   Удобную униформу и медкнижку за наш счет;   Непрерывное обучение и развитие карьеры: наши бариста-наставники вырастают до старших тренеров-бариста, лидеров кофеен, работают в отделе обучения. Мы любим инициативность и всегда это поощряем;   Возможность организовывать и принимать участие в различных кофейных мероприятиях: от кофе-клубов до каппингов;   Здоровую и дружелюбную атмосферу в команде, отсутствие штрафов;   Скидку команды на еду и напитки в нашем приложении.   Наш бариста-наставник:   Поддерживает стажеров при адаптации на новом рабочем месте;   Проводит тренинги и обучает стажеров в нашем учебном центре и кофейнях;   Занимается сертификацией стажеров на должность бариста;   Активно работает над улучшением качества сервиса в наших кофейнях;   Принимает участие в совершенствовании процесса обучения наших сотрудников:   Имеет опыт работы с кофе и кофейным оборудованием, обладает хорошими коммуникативными навыками и сможет с легкостью объяснить, чем отличается фильтр от воронки и TDS от экстракции.   Наша команда постоянно растёт и учится новому. Мы обмениваемся объективной обратной связью, идеями и вдохновением в общих чатах и на мероприятиях. С нами ты сможешь вырасти в бариста-профессионала, прокачать навыки в кофе, получить развитие в международной компании и стать частью сплочённой команды!"
"Бариста, старший бариста, шеф-бариста",https://hh.ru/vacancy/118449057?query=%D0%B1%D0%B0%D1%80%D0%B8%D1%81%D1%82%D0%B0&hhtmFrom=vacancy_search_list,"от 62 500 до 77 500 ₽ за месяц,  на руки",Не указана,"Мы ждем тебя если ты позитивный, открытый, энергичный и готов ворваться к нам в дружный веселый коллектив то откликайся Обязанности:   Обслуживание гостей работа с кассой оформление витрины приготовление горячих и холодных напитков на основе эспрессо работа на рожковой кофемашине поддержание чистоты и порядка на рабочем месте  Требования:  опыт приветствуется (рассмотрим без опыта) умение располагать к себе гостей общительность чистоплотность желание учиться новому  Условия:  Возможен график 5/2, 2/2 график работы кофейни с 7.30. до 20.00 быстрое и понятное обучение оплачиваемая стажировка питание"
Официант\Бариста в кафе-пекарню Хлеб Насущный,https://hh.ru/vacancy/118260574?query=%D0%B1%D0%B0%D1%80%D0%B8%D1%81%D1%82%D0%B0&hhtmFrom=vacancy_search_list,"до 120 000 ₽ за месяц,  на руки",Не указана,"В команду «Хлеб Насущный» требуются официанты и бариста. Рассматриваем кандидатов без опыта работы, готовых успешно пройти наше крутое обучение!   Мы пpeдлaгaeм: —График работы выбери как удобно 2/2, 4/2, 5/2 , по 8 или 12 часов. — Официант с ростом до старшего официанта 1500+2% от продаж + чай (3000-6000) 2000 + 2,5% от продаж +чай (3000-8000) Бариста с ростом до старшего 3500+2% от продаж 4000р + 2,5% от продаж Бонус - 5000 за наставничество новых сотрудников — Оплачиваемое обучение с наставником + тренинги за счёт компании; — Официальное оформление по ТК РФ; — Бесплатное вкусное питание и стильная униформа; — Карьерный рост внутри сети; — Работа рядом с метро, подбираем ближайшее удобное вам кафе.   Что предстоит делать: — Предоставлять первоклассный сервис обслуживания каждому нашему гостю; — Рекомендовать блюда и напитки; — Создавать атмосферу гостеприимства.   Что мы ждём от тебя: Позитивный настрой и желание учиться! Опыт не важен — главная мотивация!"
Бариста-кассир,https://hh.ru/vacancy/118370925?query=%D0%B1%D0%B0%D1%80%D0%B8%D1%81%D1%82%D0%B0&hhtmFrom=vacancy_search_list,"от 100 000 ₽ за месяц,  на руки",Не указана,"Время работы с 10 до 22, смена 12 часов. 5/2, 6/1 по желанию.   Бариста - кассир   Опыт: от 1 года, полная занятость, частичная занятость.   Ищем бариста: - в новые кофейни в туристическом месте Москвы Адрес: метро Воробьевы горы, улица Косыгина 28с22, московская канатная дорогая   Обязанности:⁃ приготовление кофейных напитков, лимонадов, выдача готовой продукции;⁃ поддержание чистоты на рабочем месте;⁃ настройка эспрессо в течение дня;⁃ приемка продукции;⁃ вежливое общение с гостями; Требования:⁃ опыт работы бариста от 1 года;⁃ наличие медкнижки или возможность её оформить;⁃ желание развиваться и быть частью команды;⁃ многозадачность;⁃ продажа дополнительной продукции Условия:⁃ 5/2, смены по 12 часов с 10:00 до 22:00;⁃ работа на профессиональном оборудовании: кофемашина la marzocca; фильтр moccamaster, кофемолка fiorenzato;⁃ Зерно в эспрессо и на фильтр: QQcoffee⁃ Имеется процент с продаж и премии⁃ Скидка на канатную дорогу"
Менеджер кофейни,https://hh.ru/vacancy/118357064?query=%D0%B1%D0%B0%D1%80%D0%B8%D1%81%D1%82%D0%B0&hhtmFrom=vacancy_search_list,"от 75 000 до 94 500 ₽ за месяц,  на руки",Не указана,"Наш проект успешно существует на рынке более семи лет.Мы бережно относимся к каждому сотруднику, помогаем реализовывать потенциал и справляться с трудностями. Ищем менеджера в команду BLOOM-N-BREW для развития проекта и открытия новых кофеен. Если ты умеешь организовывать работу команды, контролировать ключевые показатели, знаешь, как сделать сервис безупречным и любишь людей и кофе – мы ждем тебя!   Чем предстоит заниматься: – Руководить сменой и контролировать работу бариста – Обучать новых сотрудников, адаптировать их и помогать команде расти – Следить за скоростью работы и качеством сервиса – Работать в баре, общаться с гостями и принимать заказы – Контролировать остатки и делать заказы продуктов для кофейни – Составлять график работы для бариста – Проводить инвентаризации и работать с первичной документацией – Контролировать рутинные задачи, соблюдать кассовую дисциплину и проверять чек-листы команды – Поддерживать чистоту и порядок в кофейне – Взаимодействовать с территориальным менеджером   Что мы предлагаем: – Официальное трудоустройство – Стабильная зарплата два раза в месяц – Ставка от 400 руб/час до 500 руб/час, формируется в результате выполнения KPI – Индивидуальная индексация каждые 6 месяцев – Оплачиваемый отпуск и больничный – График 5/2 (смена 9 часов) – Корпоративное питание, напитки и классная форма – Корпоративные мероприятия и внутренние чемпионаты с призовым фондом – Доступ к психологической поддержке на портале Alter   Что мы ждем от кандидата: – Опыт в управлении командой от 1 года – Опыт работы в specialty-сегменте будет большим плюсом – Открытость, развитые коммуникативные навыки и высокий уровень эмпатии – Ответственность и организованность, умение работать в многозадачности – Опыт работы в R-Keeper и умение анализировать показатели кофейни – Желание развиваться и добиваться результатов"
Бариста-кассир,https://hh.ru/vacancy/117537910?query=%D0%B1%D0%B0%D1%80%D0%B8%D1%81%D1%82%D0%B0&hhtmFrom=vacancy_search_list,"от 80 000 до 90 000 ₽ за месяц,  на руки",Не указана,"Во французское Кафе -Пекарню ""Tour de France"" Расположенную вблизи м. Алексеевская в новом ЖК 1147 Требуется бариста-кассир с пониманием что такое сервис и желанием создавать атмосферу гостеприимства. УСЛОВИЯ: -график 5/2,3/4 по договоренности, смены от 8 до 14 часов по договоренности Оплата: почасовая + премии за достижения результатов -официальное оформление -питание -униформа ТРЕБОВАНИЯ: - приготовление напитков по ТК - выкладка витрины - поддержание чистоты в зале и на рабочем месте - вынос заказов в зал - контроль сроков годности и списания - составление заказов на барную продукцию - открытие и закрытие смены - работа с R-Keeper - грамотная русская речь - умение и желание общаться с гостями Дополнительная информация: почасовая оплата 350 руб/час /возможность карьерного роста/премии за выполнение дополнительного функционала График работы кафе-пекарни с 8 до 22 Клиенты в основном жители ЖК: дружелюбная домашняя атмосфера. В кафе 10 столиков"
Бариста в кулинарную лавку братьев Караваевых,https://hh.ru/vacancy/118564381?query=%D0%B1%D0%B0%D1%80%D0%B8%D1%81%D1%82%D0%B0&hhtmFrom=vacancy_search_list,"до 110 000 ₽ за месяц,  на руки",Не указана,"Кулинарные лавки Братья Караваевы - это сеть современных городских кафе в формате fast casual, являющееся частью экосистемы Нефтьмагистраль. Что мы предлагаем:  График: смены – от 6 до 12 часов в день Гарантированные выплаты 2 раза в месяц Фиксированная часовая ставка + % от выручки кулинарной лавки Возможность получать дополнительную премию за наставничество Официальное оформление по ТК РФ Работа рядом с домом или учебным заведением Оплата стажировки с 1-ого дня Помощь в оформлении медицинской книжки Работа в красивом Московском кафе с оригинальным дизайном Обеспечиваем питанием по меню кафе за счет компании, экономия более 10.000 рублей в месяц  Приведи в компанию друга и получи 10.000 рублей С нами можно:  Пройти обучение в школе бариста за счет компании Получить сертификат государственного образца о получении или повышении квалификации Развиваться и расти внутри компании до руководителя или перейти на офисную должность Участвовать в спортивных и корпоративных мероприятиях компании  Что делают наши бариста:  Консультируют покупателей по ассортименту напитков и десертов Информируют гостей о действующей системе лояльности Производят расчëт гостей на кассе Работают на рожковой кофемашине Готовят авторские напитки Выкладывают продукцию на витрину  Мы ценим в кандидатах и сотрудниках:  Способность создавать атмосферу уюта Вежливость, внимательность и заботу о госте"
Бариста One Price Coffee,https://hh.ru/vacancy/118669057?query=%D0%B1%D0%B0%D1%80%D0%B8%D1%81%D1%82%D0%B0&hhtmFrom=vacancy_search_list,"от 60 000 до 75 000 ₽ за месяц,  на руки",Не указана,"Обязанности:  Приготовление напитков из меню Работа за кассой (приём и выдача заказов) Приём продукции и выставление её на витрину Поддержание чистоты в кофейне  Требования:  Ответственность Пунктуальность Коммуникабельность Стрессоустойчивость Опыт работы барменом или бариста приветствуется  Условия:  Гибкий график, строящийся еженедельно на основе пожеланий бариста Бесплатное питание и напитки Обучение и форма за наш счёт Выплата зп 2 раза в месяц; ежедневные премии"
Бариста в кофейню One Price Coffee (Мытищи),https://hh.ru/vacancy/118355738?query=%D0%B1%D0%B0%D1%80%D0%B8%D1%81%D1%82%D0%B0&hhtmFrom=vacancy_search_list,"от 75 000 ₽ за месяц,  на руки",Не указана,"Требуемый опыт работы: не требуется Полная занятость, гибкий график Возможна подработка: по выходным Привет, на связи OnePrice Coffee! Ты 100% нас знаешь, как самую крупную и классную сеть кофеен Москвы! И мы ищем именно тебя в нашу сильную, дружественную и уютную компанию, где все наши бариста готовы прийти на помощь друг к другу, поддержать и помочь вырасти до профессионала. Нет опыта работы? Не страшно ! Мы научим тебя варить вкуснейший кофе и дарить людям радость. Что тебя ждет:   В первую очередь это бесплатное профессиональное обучение в нашем учебном центре.   Карьерный рост. С нашими ресурсами и твоими амбициями, сможешь дорасти до наставника и старшего бариста, и даже до управляющего.   Гибкий график работы.   Стабильная заработная плата 2 раза в месяц. Ставка 250р/час + премии   Стильная и удобная форма.   Напитки и еда за наш счёт.   Официальное трудоустройство по ТК РФ.   Компенсация медицинской книжки в полном размере   Полностью оплачиваемая стажировка   А также:   Постоянное профессиональное развитие: кофейные мастер-классы и тренинги;   Возможность участвовать в соревнованиях бариста, придумывать и воплощать в жизнь вкусы для сезонных напитков.   Постоянная связь с командой сети. Тебя не бросят, всегда помогут и ответят на вопросы.   Мы пересмотрели стандарты обучения, подняли часовую ставку и добавили бонусы для наших сотрудников! А так же начали обновлять внешний вид кофеен и делать их удобными для работы наших сотрудников. Каким мы видим нашего бариста:   Опыт работы бариста приветствуется, но не обязателен. У нас есть все ресурсы, чтобы сделать тебя профи.   Искренняя открытость к людям, легкость в общении и безусловная любовь к кофе.   Желание расти и развиваться.   Умение работать в команде.   Пунктуальность, честность, ответственность, отзывчивость.   Наличие медицинской книжки (или готовность её сделать).   Что нужно будет делать:   Готовить лучший кофе в городе, согласно стандартам компании.   Общаться с гостями и ориентировать по нашему меню.   Работать с кассой (всему обучим, это не сложно).   Поддерживать чистоту зала и рабочей зоны.   Наши бариста - это сердце кофейни! Если тебе откликаются наши ценности, то добро пожаловать в лучшую команду! Вакансии открыты в разных районах города. ~P. S У нас и правда самый вкусный кофе!"
Бариста One Price Coffee,https://hh.ru/vacancy/118669057?query=%D0%B1%D0%B0%D1%80%D0%B8%D1%81%D1%82%D0%B0&hhtmFrom=vacancy_search_list,"от 60 000 до 75 000 ₽ за месяц,  на руки",Не указана,"Обязанности:  Приготовление напитков из меню Работа за кассой (приём и выдача заказов) Приём продукции и выставление её на витрину Поддержание чистоты в кофейне  Требования:  Ответственность Пунктуальность Коммуникабельность Стрессоустойчивость Опыт работы барменом или бариста приветствуется  Условия:  Гибкий график, строящийся еженедельно на основе пожеланий бариста Бесплатное питание и напитки Обучение и форма за наш счёт Выплата зп 2 раза в месяц; ежедневные премии"
Бариста в кофейню One Price Coffee (Мытищи),https://hh.ru/vacancy/118355738?query=%D0%B1%D0%B0%D1%80%D0%B8%D1%81%D1%82%D0%B0&hhtmFrom=vacancy_search_list,"от 75 000 ₽ за месяц,  на руки",Не указана,"Требуемый опыт работы: не требуется Полная занятость, гибкий график Возможна подработка: по выходным Привет, на связи OnePrice Coffee! Ты 100% нас знаешь, как самую крупную и классную сеть кофеен Москвы! И мы ищем именно тебя в нашу сильную, дружественную и уютную компанию, где все наши бариста готовы прийти на помощь друг к другу, поддержать и помочь вырасти до профессионала. Нет опыта работы? Не страшно ! Мы научим тебя варить вкуснейший кофе и дарить людям радость. Что тебя ждет:   В первую очередь это бесплатное профессиональное обучение в нашем учебном центре.   Карьерный рост. С нашими ресурсами и твоими амбициями, сможешь дорасти до наставника и старшего бариста, и даже до управляющего.   Гибкий график работы.   Стабильная заработная плата 2 раза в месяц. Ставка 250р/час + премии   Стильная и удобная форма.   Напитки и еда за наш счёт.   Официальное трудоустройство по ТК РФ.   Компенсация медицинской книжки в полном размере   Полностью оплачиваемая стажировка   А также:   Постоянное профессиональное развитие: кофейные мастер-классы и тренинги;   Возможность участвовать в соревнованиях бариста, придумывать и воплощать в жизнь вкусы для сезонных напитков.   Постоянная связь с командой сети. Тебя не бросят, всегда помогут и ответят на вопросы.   Мы пересмотрели стандарты обучения, подняли часовую ставку и добавили бонусы для наших сотрудников! А так же начали обновлять внешний вид кофеен и делать их удобными для работы наших сотрудников. Каким мы видим нашего бариста:   Опыт работы бариста приветствуется, но не обязателен. У нас есть все ресурсы, чтобы сделать тебя профи.   Искренняя открытость к людям, легкость в общении и безусловная любовь к кофе.   Желание расти и развиваться.   Умение работать в команде.   Пунктуальность, честность, ответственность, отзывчивость.   Наличие медицинской книжки (или готовность её сделать).   Что нужно будет делать:   Готовить лучший кофе в городе, согласно стандартам компании.   Общаться с гостями и ориентировать по нашему меню.   Работать с кассой (всему обучим, это не сложно).   Поддерживать чистоту зала и рабочей зоны.   Наши бариста - это сердце кофейни! Если тебе откликаются наши ценности, то добро пожаловать в лучшую команду! Вакансии открыты в разных районах города. ~P. S У нас и правда самый вкусный кофе!"
Старший бариста,https://hh.ru/vacancy/117295157?query=%D0%B1%D0%B0%D1%80%D0%B8%D1%81%D1%82%D0%B0&hhtmFrom=vacancy_search_list,"от 80 000 до 95 000 ₽ за месяц,  до вычета налогов",Не указана,"Обязанности:  Приготовление напитков: кофе, чай, авторские напитки.Обучение и контроль качества напитков у сотрудников в смене.Заказ необходимых товаров на точку, отслеживание запасов.Приемка и контроль товара от поставщиков.Поддержание чистоты и порядка во всей кофейне и мини-маркете.Работа с клиентами.Работа с кассой (IIKO).  Требования:  Пунктуальность.Доброжелательность.Честность.Аккуратность.Желание учиться.  Условия:  Ставка 70000 в месяц + бонус6000 рублей в месяц на питание (из ассортимента кофейни).График работы 5/2 (сб/вс/праздники - выходные).Смены 8 часов / 12 часов.Начало смены в 7-30 утра.В смене работают 2-3 человека на каждой точке.Официальное трудоустройство (без вычетов).Оплачиваемый отпуск после 6 месяцев работы.Оплачиваемый больничный после 3 месяцев работы.Доброжелательная рабочая атмосфера"
Бариста,https://hh.ru/vacancy/118431070?query=%D0%B1%D0%B0%D1%80%D0%B8%D1%81%D1%82%D0%B0&hhtmFrom=vacancy_search_list,"от 70 000 до 80 000 ₽ за месяц,  на руки",Не указана,"Кафе-пекарня Entree специализируется на слоеной выпечке и десертах ручной работы из самых качественных натуральных ингредиентов, также готовим вкусные и изысканные блюда французской кухни. Мы очень любим кофе и используем только самое качественное зерно от топовых обжарщиков и четко соблюдаем все тонкости приготовления этого напитка. А наши гости привыкли каждый день пить у нас вкусный кофе и авторские чаи с любовью приготовленные нашими бариста. Наш кандидат открытый и воспитанный, неравнодушный, умеющий общаться с людьми и желающий работать и брать ответственность за себя и за сотрудников смены. Обязанности:  -приготовление первоклассных напитков в соответствии с рецептурой кафе  -продажи выпечки и десертов с собой, работа на кассе  Требования:  Опыт работы в данной сфере, коммуникабельность, дружелюбие и внимательность к гостям   Условия:  -бесплатное питание + скидка 40% на продукцию компании  -возможность карьерного и профессионального роста 4500р. в день за выход Смена 7:30 до 20:30, вторая смена с 9:30 до 22:30, 2/2 график или по договорённости"
Бариста (подработка),https://hh.ru/vacancy/116873763?query=%D0%B1%D0%B0%D1%80%D0%B8%D1%81%D1%82%D0%B0&hhtmFrom=vacancy_search_list,Какая оплата труда?,Не указана,"В команду «Бодро кофе » требуется бариста!Рассматриваем кандидатов без опыта работы, готовых успешно пройти наше крутое обучение!Внимание: Данная вакансия рассчитана на подработку по 4-5 часов в утреннее время с 8:00!Место работы подбираем ближе к дому, все наши кафе рядом с метро. А еще Мы запустили акцию ‘’Приведи друга’’, за которую Вы получите 8 000 руб. Мы предлагаем:Оплачиваемое обучение с наставником + тренинги за счёт компании ;Официальное оформление по ТК РФ;Оплата заработной платы без задержек;Оплачиваемые обеды ;Графики работы 2/2 или 5/2 по 4-5 часов; Оплата 315-375р часПремии и бонусы каждый месяц по итогам работы в компании;Корпоративные активности ( футбол , волейбол, пейнтбол ,боулинг, караоке); Мы ищем :Позитивный настрой, коммуникабельность, а также желание работать, расти и развиваться вместе с нами;Будем рады, если у вас есть опыт работы в этой или схожей роли. Если нет — не волнуйтесь, мы всему научим!"
Бариста,https://hh.ru/vacancy/118401124?query=%D0%B1%D0%B0%D1%80%D0%B8%D1%81%D1%82%D0%B0&hhtmFrom=vacancy_search_list,"от 64 000 до 75 000 ₽ за месяц,  на руки",Не указана,"Обязанности: Варить кофе ( классика, альтернатива) Чаи, какао, матча, авторские Работа с кассой Общение с гостями Собирать три вида сендвичей на целый день Требования: Улыбка, позитивное общение с гостями Чистота Пунктуальность Инициативность в жизни кофейни и решении бытовых вопросов Самостоятельность Условия: График 2/2, 3/2, но подвержен гибкости, можно брать меньше/больше часов 300₽/час стажировка(длится ~ 1,5 недели, в зависимости от навыков), Ставка 330( 1 ступень аттестации), 350 - ( 2 ступень), 370 ( 3 ступень), Выплаты стабильные 2 раза в месяц Больничные и отпускные Питание Хорошее оборудование, зерно и продукты Тренинги и обучение Неофициальное/официальное трудоустройство В сопроводительном письме ответьте пожалуйста на вопросы: с какими обжарщиками работали? последнее место работы, почему ушли? чем привлекла наша вакансия? планируете ли переезды в ближ год/ учёбу/? фото латтеарта и ваше фото"
Бариста,https://hh.ru/vacancy/118195071?query=%D0%B1%D0%B0%D1%80%D0%B8%D1%81%D1%82%D0%B0&hhtmFrom=vacancy_search_list,"от 65 000 ₽ за месяц,  на руки",Не указана,"Обязанности:  Работать с гостем: консультация по меню и десертам, принятие и выдача заказа; Готовить напитки по рецептам; Поддержание чистоты и порядка на рабочем месте и в зоне обслуживания.  Требования:  Обладать качествами: активность, доброжелательность, коммуникабельность и гостеприимность; Ориентация на клиента, умение работать с людьми; Опрятный внешней вид; Готовность работать в команде.  Условия:  Стабильная заработная плата 2 раза в месяц;  Заработная плата 350 р/час Гибкий график (обсуждается на собеседовании); Униформа за счет компании; Скидка на продукцию; Дополнительная мотивация и бонусы."
Бариста (Центральный рынок),https://hh.ru/vacancy/118293179?query=%D0%B1%D0%B0%D1%80%D0%B8%D1%81%D1%82%D0%B0&hhtmFrom=vacancy_search_list,"от 85 000 ₽ за месяц,  на руки",Не указана,"TomiOmi – федеральная сеть бабл баров. Яркий и молодой бренд, который стремительно развивается на территории России. Мы гордимся качеством наших напитков и уровнем нашего сервиса.   TomiOmi это бренд. А бренд – это люди, которые его создают.   Поэтому наша главная ценность — это именно люди. Мы тщательно подходим к выбору сотрудников для нашей команды.   Как попасть к нам в команду? Безусловно нужно быть позитивным человеком, любить людей, bubble tea и конечно же TomiOmi!   Для нас работа в TomiOmi - это лайфстайл, место где мы находим друзей и единомышленников, получаем интересный опыт и раскрываем свой потенциал.   Двигай к нам, если ты: ● Опрятный (яркий внешний вид, пирсинг, татуировки? Мы только за!) ● Ориентирован на Гостя и любишь работать с людьми ● Любишь работать в активном режиме ● Ответственный и честный ● Умеешь работать в команде У тебя нет опыта, но есть огромное желание? Мы научим!   Почему работать у нас — это круто? ● Молодая и веселая команда профессионалов, в которой каждый может реализовать себя; ● Заработная плата без задержек 2 раза в месяц от 85.000 т.р; ● Оплачиваемая стажировка под руководством опытных бариста; ● График сменный- плавающий (смены по 9-12 часов, согласуем удобный для тебя) ● Бесплатное корпоративное питание; ● Стильная форма; ● Корпоративная скидка 25% в заведениях-партнерах; ● Реальная возможность карьерного роста и развития в Компании; ● Оформление по ТК РФ. ● Возможность совмещать с учебой.   Что нужно делать? ● Обслуживать Гостей за кассой и создавать им отличное настроение; ● Качественно готовить напитки из меню согласно ТТК; ● Соблюдать нормы санитарии , поддерживать чистоту и соблюдать стандарты;   Мы ждем тебя в нашу суперсемью TomiOmi!   Твоим преимуществом будет опыт работы в таких компаниях - КФС, Вкусно и Точка, Бургеркинг, DoDo пицца, OnePriceCoffee, OneDoubleCoffee, CoffeeLike, Кофемания и т.д."
Бариста,https://hh.ru/vacancy/117733325?query=%D0%B1%D0%B0%D1%80%D0%B8%D1%81%D1%82%D0%B0&hhtmFrom=vacancy_search_list,"от 54 000 до 69 000 ₽ за месяц,  на руки",Не указана,"Приветствую!В небольшую, частную кофейню формата с собой (без посадки) ищу ответственного, жизнерадостного человека.Рассмотрю исключительно без опыта работы бариста, всему научу сама)Находимся в БЦ, график работы 5/2 с 8.00 до 17.00 ставка 300/час + 25% от перевыполнения планаНадеюсь, что ты обладаешь такими качествами как - пунктуальность, опрятность и общительностьЕсли возникли вопросы, не стесняйся, напиши, отвечу с удовольствием.При отклике на вакансию пришли свое фото и немного информации о себе)Всем добра"
Начинающий бариста в кофейню One&Double,https://hh.ru/vacancy/113613457?query=%D0%B1%D0%B0%D1%80%D0%B8%D1%81%D1%82%D0%B0&hhtmFrom=vacancy_search_list,"от 60 250 до 99 000 ₽ за месяц,  на руки",Не указана,"Привет! Меня зовут Ольга, я менеджер по персоналу сети кофеен One&Double :)Мы в поисках БАРИСТА. Нам абсолютно неважно есть ли у тебя опыт, или ты хотел бы начать свой путь с нуля, мы рады видеть тебя в своей команде и готовы помочь во всех твоих начинаниях!Что мы предлагаем:  Обучение с нашими крутыми тренинг-менеджерами Подбор точки ближе к дому За смену от 3 750 р. + Бонусы; Повышение оплаты тем, кто с нами долго; Карьерный рост от бариста до управляющего; График работы 2/2, 3/3, 3/1, 4/2, 5/2, 6/1; Оформление по ТК РФ; Выплаты з/п без задержек, 3 раза в месяц; Вкусное питание за счет компании; Медицинская книжка за счет компании;  Что хотели бы в тебе видеть:  Позитивный настрой на работу; Желание обучаться и расти вместе с компанией.  В твои обязанности будет входить:  Прием и выкладка товаров; Поддержание чистоты в кофейне; Помощь гостю при выборе в меню; Приготовление самых вкусных напитков."
Бариста в диджитал-кофейню (м.Автозаводская),https://hh.ru/vacancy/118010149?query=%D0%B1%D0%B0%D1%80%D0%B8%D1%81%D1%82%D0%B0&hhtmFrom=vacancy_search_list,"от 55 000 до 65 000 ₽ за месяц,  на руки",Не указана,"Дринкит — это сеть цифровых кофеен от Dodo Brands с удобным приложением. Наши гости делают заказ сами, а бариста готовят напитки и предоставляют заботливый сервис. Мы обучаем профессии бариста с нуля — тебе не нужен опыт или специальные знания. Мы растём и ждём новых ребят — присоединяйся к команде. чем предстоит заниматься:   Чётко и быстро готовить заказы;  Стремиться рассказать каждому гостю про приложение, наша цель — чтобы все заказы были сделаны в приложении; Знать обо всех особенностях напитков, их рецептах, способах приготовления; Поддерживать порядок в баре и вокруг стойки.  мы предлагаем:  Ставку 320 ₽ в час на руки. Зарплату платим на банковскую карту два раза в месяц — 10 и 25 числа. График от 4 смен в неделю; Скидки до 60% на еду и напитки в приложении; Полную компенсацию медицинской книжки; Оформление по Трудовому кодексу. Отпуск, больничный, оплачиваемые перерывы 30 минут; Бесплатные тренинги и прозрачные условия повышения грейда;"
Бариста в кафе,https://hh.ru/vacancy/118470478?query=%D0%B1%D0%B0%D1%80%D0%B8%D1%81%D1%82%D0%B0&hhtmFrom=vacancy_search_list,"от 80 000 до 110 000 ₽ за месяц,  до вычета налогов",Не указана,"Brunchy Brunch - cтильное и модное арт-кафе с фирменными авторскими завтраками all day и напитками, располагающийся в ЖК бизнес-класса «Царская площадь» с большим траффиком и медийными личностями, которые проживают в этом доме.Мы уделяем большое внимание людям и ищем профессионалов в свою команду. Любим искусство, дарить френдли обстановку нашим гостям и, конечно, вкусную еду!   Обязанности:  Приготовление напитков (классика, авторские, сезонные, фреши и смузи:. Работа с витриной; Приём заказов за баром и To Go, расчёт Гостя; Соблюдение дресс кода и внутренних стандартов компании; Поддержание атмосферы, высокого уровня работы; Знание меню кухни, помощь официантам в зале при необходимости; Работа с Доп продажами;  Требования:  Опыт работы бариста от 1 года; Навыки работы с потоком, без потери качества напитков и сервиса; Навыки работы с эспрессо и фильтром; Стабильный базовый латте арт ( сердце, тюльпан); Опыт работы с IIko; Честность, открытость, доброжелательность; Желание общаться с Гостями; Знакомиться с Гостями, заводить смол толк, рассказывать о нас и о нашем Арт-бистро; Креативность/любовь к искусству приветствуется; Быть на драйве, любить свою работу. Предлагать улучшения по части бара, сервиса; Анализ ОС от Гостей и работа над ошибками    Условия: Премия за каждую успешную рекомендацию друга! - Гибкий график, возможность совмещать с учебой; - Стильная форма 2 комплекта; - 2-х разовое бесплатное питание; - Питание по себестоимости; - Заработная плата - 350р/ч + 3% процента с продаж и личные чаевые - Выплата два раза в месяц; - Адекватное гибкое руководство!"
Старший Бариста,https://hh.ru/vacancy/117965412?query=%D0%B1%D0%B0%D1%80%D0%B8%D1%81%D1%82%D0%B0&hhtmFrom=vacancy_search_list,"от 90 000 ₽ за месяц,  на руки",Не указана,"Everest Coffee - уникальная кофейня, которая входит в сеть заведений Everest group, основанную в 2017 году.Заведение располагается в 100 метрах от станции метро Сходненская и обладает хорошей базой постоянных гостей.Мы Вам предлагаем:• ЗП от 90.000 руб;• 2500 руб + % от выручки + отличные чаевые;• График работы 3/3, 2/2;• Смены по 14 часов;• Зарплата каждую неделю;• Бесплатное вкусное питание и униформа;• Корпоративные скидки во всей сети;• Превосходная команда, которая станет твоей второй семьей;• Корпоративные тренинги и обучение;• Реальный и быстрый карьерный рост (весь руководящий состав вырос внутри сети Everest group) - отсутствие шаблонов в данном вопросе - наш главный приоритет.• Ежегодно открывается 3-5 заведений;• Работа рядом с метро, в шаговой доступности от станции Сходненская;Мы ожидаем:• Опыт работы бариста от 1 года;• Опыт работы на управляющей должности от 1 года;• Знание стандартов сервиса;• Презентабельный внешний вид;• Грамотная речь;• Ответственность, пунктуальность;• Желание развиваться в профессии;Твои задачи:• Приготовление напитков согласно ТТК;• Контроль чистоты и порядка на рабочем месте;• Обслуживание гостей за стойкой и в зале;• Создание атмосферы гостеприимства в заведении.• Ведение кассовой отчётности;• Проведение инвентаризаций;"
Управляющий кофейней Дринкит,https://hh.ru/vacancy/117756903?query=%D0%B1%D0%B0%D1%80%D0%B8%D1%81%D1%82%D0%B0&hhtmFrom=vacancy_search_list,"от 70 000 ₽ за месяц,  на руки",Не указана,"Дринкит — это сеть цифровых кофеен от Dodo Brands с удобным приложением. Наши гости делают заказ сами, а бариста готовят напитки и предоставляют заботливый сервис. Мы обучаем профессии бариста с нуля — тебе не нужен опыт или специальные знания. Мы растём и ждём новых ребят — присоединяйся к команде. чем предстоит заниматься:   Чётко и быстро готовить заказы;  Стремиться рассказать каждому гостю про приложение, наша цель — чтобы все заказы были сделаны в приложении; Знать обо всех особенностях напитков, их рецептах, способах приготовления; Поддерживать порядок в баре и вокруг стойки.  мы предлагаем:  Ставку 300 ₽ в час на руки. Зарплату платим на банковскую карту два раза в месяц — 10 и 25 числа. График от 4 смен в неделю; Скидки до 60% на еду и напитки в приложении; Полную компенсацию медицинской книжки; Оформление по Трудовому кодексу. Отпуск, больничный, оплачиваемые перерывы 30 минут; Бесплатные тренинги и прозрачные условия повышения грейда;"
Бариста в сеть колумбийских кофеен,https://hh.ru/vacancy/118157563?query=%D0%B1%D0%B0%D1%80%D0%B8%D1%81%D1%82%D0%B0&hhtmFrom=vacancy_search_list,"от 96 000 до 104 000 ₽ за месяц,  на руки",Не указана,"Привет!Новая сеть колумбийских кофеен ищет талантливого бариста, который искренне интересуется кофейной индустрией, любит готовить крутые напитки, и готов расти и развиваться вместе с нами! На старте предлагаем две локации: м. Павелецкая и м. Савеловская. В нашей команде четыре основных принципа: 1. Комфорт команды - комфорт гостя. Уже на этапе старта мы создали самые комфортные условия работы, чтобы ничего не мешало тебе предоставлять первоклассный сервис и продавать лучший продукт. 2. Доверие и честность - наши основные спутники. Выстраиваем прозрачную систему работы и коммуникации между членами команды и руководством. 3. Гость - наш друг и главная ценность. Каждый человек, который входит в наши двери получает самое лучшее обслуживание и чуточку больше. Предвосхищай ожидания и тогда сам получишь больше, чем ожидал. 4. Мы никогда не останавливаемся. Ни в достижении новых результатов, ни в твоем личном и профессиональном развитии. Если тебе важен рост - тебе с нами по пути! Мы предлагаем:  Совокупный доход до 104т.р. (почасовая ставка 400р + % от личных продаж) Бесплатное (и очень вкусное) питание по меню кофейни Компенсация проезда Официальное оформление График 5/2 с 7:30 до 18:30 Возможность построить компанию вместе с нами  Что нужно будет делать:  Предлагать и готовить напитки, созданные для абсолютно любой категории посетителей Правильно выявлять потребность гостя и расширять количество позиций в чеке Содержать в чистоте все доверенное тебе пространство кофейни Быть проактивным и иметь желание развиваться  Ты наш кандидат если:  Ты позитивный и добрый, умеешь располагать к себе людей Ты хочешь, чтобы тебя слышали и ценили Хочешь расти и развиваться в рамках компании, имеешь амбициозные цели Твои ценности и принципы совпадают с нашими Для тебя кофе - больше, чем просто работа  Если ты готов стать частью нашей команды и внести свой вклад в открытие уникальной сети кофеен, ждем твой отклик на эту вакансию!"
Бармен/Бариста в ресторан (Белорусская),https://hh.ru/vacancy/117861008?query=%D0%B1%D0%B0%D1%80%D0%B8%D1%81%D1%82%D0%B0&hhtmFrom=vacancy_search_list,"до 79 000 ₽ за месяц,  на руки",Не указана,"«Кофемания» – неотъемлемая часть московской жизни уже на протяжении 20 лет. Сегодня «Кофемания» насчитывает более 50 ресторанов, собственное производство и несколько гастрономических проектов. Мы ждём тебя в команду лучших в своём деле! Работать в «Кофемании», значит:  Работать в удобном гибком графике и ресторане. Рабочая смена от 8 до 12 ч. Можно совмещать с учебой, а если смена закончится поздно – мы оплатим такси; Заработать на мечту: путешествие, учебу, машину или квартиру? Решать вам. Все расходы на оформление мед. книжки и покупку формы берём на себя; Развивать скиллы интересно. Сотрудники проходят профессиональное обучение у лучших тренеров ресторанной индустрии в России в корпоративной Академии: оборудованные классы и собственная лаборатория вкуса, регулярные дегустации и мастер-классы.  Авторские напитки наших барменов регулярно попадают в меню.  Строить успешную карьеру официально. Стать профессиональным бариста, а потом – менеджером барной стойки и управляющим.  Бариста «Кофемании» ежегодно подтверждают лидерство и мастерство, занимают первые места на престижных соревнованиях.  Быть в центре яркой корпоративной жизни: мастер-классы, беговой клуб и корпоративный кинотеатр в кругу друзей. Профессиональные корпоративные соревнования, где главный приз – путешествие в страну произрастания кофе. Получить крутые бонусы: бесплатное трехразовое питание на работе от профессиональных поваров, скидки в рестораны «Кофемании» от 15 до 30%, а также привилегии от партнёров на изучение английского, массаж, фитнес, салон-красоты, кино и многое другое!  Тебе предстоит:  Научиться готовить самые интересные напитки по технологическим картам. Все напитки из нашего меню – это оригинальные авторские рецепты или вариации классики. Контролировать качество продуктов и соблюдать нормы СанПин.  Получай удовольствие от работы вместе с друзьями: получи 20 000 рублей за каждого приведённого друга!"
Бариста в Братья Караваевы (метро Сокол),https://hh.ru/vacancy/117962982?query=%D0%B1%D0%B0%D1%80%D0%B8%D1%81%D1%82%D0%B0&hhtmFrom=vacancy_search_list,"от 80 000 до 130 000 ₽ за месяц,  на руки",Не указана,"Кулинарные лавки Братья Караваевы - это сеть современных городских кафе в формате fast casual, являющееся частью экосистемы Нефтьмагистраль. Что мы предлагаем:  График: смены – 8, 9, 10, 12 часов в день Гарантированные выплаты 2 раза в месяц Фиксированная часовая ставка + % от выручки кулинарной лавки Возможность получать дополнительную премию за наставничество Официальное оформление по ТК РФ Работа рядом с домом или учебным заведением Оплата стажировки с 1-ого дня Помощь в оформлении медицинской книжки Работа в красивом Московском кафе с оригинальным дизайном Обеспечиваем питанием по меню кафе за счет компании, экономия более 10.000 рублей в месяц  С нами можно:  Пройти обучение в школе бариста за счет компании. Мы за качество во всем Получить сертификат государственного образца о повышении квалификации Развиваться и расти внутри компании до руководителя или перейти на офисную должность Участвовать в спортивных и корпоративных мероприятиях компании, быть на драйве  Что делают наши бариста:  Консультируют покупателей по ассортименту напитков и десертов Информируют гостей о действующей системе лояльности Производят расчëт гостей на кассе Работают на рожковой кофемашине Готовят авторские напитки Выкладывают продукцию на витрину  Мы ценим в кандидатах и сотрудниках:  Способность создавать атмосферу уюта. Мы одержимы нашими гостями Вежливость, внимательность и заботу о госте Для нас важно единство команды и результат каждого.  Приведи в компанию друга и получи 10.000 рублей!"
Бариста начинающий,https://hh.ru/vacancy/117563305?query=%D0%B1%D0%B0%D1%80%D0%B8%D1%81%D1%82%D0%B0&hhtmFrom=vacancy_search_list,"от 55 000 до 75 000 ₽ за месяц,  на руки",Не указана,"Группа компаний ""Шоколадница"" - лидер кофейного бизнеса в России и СНГ. Приглашаем активных, талантливых, позитивных и ответственных БАРИСТА в нашу команду. Мы предоставляем бесплатное обучение профессии, поэтому опыт работы не обязателен. Мы гарантируем: Работу в стабильной компании с превосходной репутацией; График работы 2/2, 5/2 (только полный день); Официальное трудоустройство в соответствии с Трудовым Кодексом РФ; Бесплатное питание и форма для работы; Возможность развиваться в профессиональном плане. Обязанности: Консультирование посетителей по барному меню; Приёмка поставок; Предоставление высококачественного сервиса; Быстрое и профессиональное приготовление горячих и холодных напитков на основе эспрессо с помощью нашей современной кофемашины. Требования: Желание радовать наших гостей энергией и позитивом; Желание делиться знаниями о кофе с миллионами людей; Желание работать в команде единомышленников. Если вы ищете работу, где вы сможете проявить свой потенциал и развиваться, присоединяйтесь к нашей команде!"
Бариста в кофейню (м.Парк Культуры),https://hh.ru/vacancy/118198608?query=%D0%B1%D0%B0%D1%80%D0%B8%D1%81%D1%82%D0%B0&hhtmFrom=vacancy_search_list,"от 85 000 ₽ за месяц,  на руки",Не указана,"В проект Cappuccino Kids открыт набор бариста! Не упускайте возможность присоединиться к нашей команде профессионалов в мире кофе! Ваш опыт работы не имеет значения – мы всему обучим в нашей школе бариста.   Что вам нужно будет делать:  Готовить классические кофейные и не кофейные авторские напитки; Работать за кассой и соблюдать дисциплину; Выстраивать работу по чек-листам; Консультировать гостей в выборе кофейного зерна или другой продукции; Поддерживать чистоту и порядок на рабочем месте.  Мы предлагаем:  Оплата 2 раза в месяц, без задержек; До сдачи аттестации 2600 р., после 3500 р. в день; Процент от продаж (в среднем 8000р - 10000р) График работы (5/2 c 8:00 до 18:00); Вкусное бесплатное питание; Удобная и современная форма; Обучение у профессиональных бариста с международной сертификацией SCA; Участие в корпоративных мероприятиях компании; Дружный коллектив и атмосферу взаимовыручки.  Если вы влюблены в мир кофе и хотите работать в уютной и современной кофейне, Cappuccino Kids - это именно то место, которое вы ищете! Откликайтесь, мы ждем именно Вас! Вакансия подходит для бариста, бариста в сеть кофеен, сотрудник бара, сотрудник кофейни, кофейный менеджер, эксперт кофе, официант, работа без опыта, начинающий специалист, приготовление эспрессо, латте, капуччино, кофе, коктейлей, напитков, чая, обслуживание гостей, профессиональная подготовка бариста, кофейный бар, сотрудник ресторана, бармен."
Бариста,https://hh.ru/vacancy/110138331?query=%D0%B1%D0%B0%D1%80%D0%B8%D1%81%D1%82%D0%B0&hhtmFrom=vacancy_search_list,"от 55 000 до 85 000 ₽ за месяц,  на руки",Не указана,"Группа компаний ""Шоколадница"" ищет крутых БАРИСТА! Если ты энергичный, позитивный и любишь кофе, у нас есть для тебя отличная новость — мы предоставляем бесплатное обучение и возможность стать частью кофейного гиганта в России и СНГ!Что мы тебе предлагаем:Стабильную работу в компании с отличной репутацией.Мы гарантируем работу по удобному графику)Официальное трудоустройство по Трудовому Кодексу РФ.Бесплатное питание и стильная форма.Никаких штрафов — только поддержка! Шикарный тим.Мы поможем выбрать удобное месторасположение кофейни.Возможность развиваться и прокачивать свои навыки.Что ты будешь делать:Консультировать наших гостей по меню.Принимать поставки.Создавать атмосферу и обеспечивать высокий уровень сервиса.Готовить вкуснейшие напитки на современном оборудовании.Что мы ждем от тебя:Страсть к кофе и желание делиться этим с другими.Желание радовать гостей и создавать позитивную атмосферу.Умение работать в команде.Не переживай, опыт не обязателен — мы сами введем тебя в мир кофе!Как попасть на собеседование? Откликнуться тут и обязательно в сопроводительном письме указать действующий номер whatsapp. До встречи"
"Бариста (MioTea, ТЦ Варшавский)",https://hh.ru/vacancy/118200642?query=%D0%B1%D0%B0%D1%80%D0%B8%D1%81%D1%82%D0%B0&hhtmFrom=vacancy_search_list,"до 90 000 ₽ за месяц,  на руки",Не указана,"Привет! Мы ищем в нашу команду крутого сотрудника на постоянную основу!Обязанности:* Красивое и быстрое приготовление напитков по тех. Карте* Приготовление заготовок для напитков* Поддержание чистоты* Общение с гостями, работа за кассойТребования:* Пунктуальность* Коммуникабельность, вежливость* Быстрая обучаемость* Не боятся разговаривать с людьми* Соблюдение чистотыУсловия:* Сменный график, смена с 9:30 до 22:00.* Работа в шаговой доступности от метро (входит прямо в торговый центр).* Стабильные выплаты, два раза в месяц.* Оплачиваемая стажировка* Ищем на график 2/2, 5/2 и так далее, смены -2700₽ + 5% от сверхприбыли за день.* Наличие Медицинской книги (если ее нет, то мы сделаем ее вам).*Можем подстраивать график под вас.Если тебя заинтересовала данная вакансия, то ждем тебя в нашей команде!"
Бариста,https://hh.ru/vacancy/118512350?query=%D0%B1%D0%B0%D1%80%D0%B8%D1%81%D1%82%D0%B0&hhtmFrom=vacancy_search_list,"от 70 000 до 80 000 ₽ за месяц,  до вычета налогов",Не указана,"В процессе работы необходимо :  Приготовление горячих и холодных напитков; Открытие / закрытие смены; Работа с кассой (наличный и безналичный расчет); Контроль за наличием товара и при необходимости его пополнение; Поддержание чистоты оборудования и рабочего места.  Что будет Вашим преимуществом:  Опыт в аналогичной должности приветствуется; Соблюдение стандартов обслуживания и сервиса; Доброжелательность, внимательность, пунктуальность.  Для Вас мы предлагаем:  Оклад: 60 000 на руки + бонусы (% с продаж продукции кафе). Средний доход в месяц: от 75 000 руб.; Стабильная выплата заработной платы 2 раза в месяц на карту (строго без задержек); График работы: 5/2 с 08:00 до 17:00; Официальное трудоустройство: оформление с полным пакетом социальных гарантий, включая отпуск и больничные Комфортные кафе и столовые: уютные пространства для общения с коллегами за чашкой кофе, обсуждения совместных проектов и последних корпоративных новостей Уникальная атмосфера в команде: разнообразие поколений и культур, способствующее созданию вдохновляющей рабочей среды Инвестиции в ваше будущее: повышение компетенций и внедрение лучших мировых практик для вашего профессионального роста Возможность посещения бизнес-мероприятий: участие в мероприятиях, способствующих расширению профессиональных связей и знаний Корпоративные фитнес-услуги: на площадке корпорации доступны фитнес-залы, залы для занятий йогой, SPA-центры и массажные кабинеты с персональной скидкой для сотрудников Поддержка на этапе адаптации: вас будет сопровождать наставник и руководитель, которые помогут вам бережно интегрироваться в коллектив."
Бармен-Бариста,https://hh.ru/vacancy/118574767?query=%D0%B1%D0%B0%D1%80%D0%B8%D1%81%D1%82%D0%B0&hhtmFrom=vacancy_search_list,"от 120 000 ₽ за месяц,  на руки",Не указана,"В ресторан премиум класса ""Testo"", на постоянную работу требуется бармен. Обязанности: Подготовка бара к открытию, Приготовление напитков согласно технологическим картам, Инвентаризация, Соблюдение чистоты в баре, Составление заказа барной продукции, работа с Егаис. Требования: Опыт работы барменом в ресторанах Москвы от года, знание алкогольной продукции и вин. Наличие медицинской книжки, Аккуратный внешний вид, Ответственность, Дисциплинированность. Оформление в соответствии с ТК РФ, стабильные выплаты з/п 2 раза в месяц, 3-х разовое бесплатное питание, форма, дружный коллектив. График работы: 2/2 с 9:00 до 23:00 в будни и с 10:00 до 23:00 в выходные; выход на испытательный срок 4000р с дальнейшим повышением + 10% чаевые от официантов  Ресторан расположен в элитном поселке Вешки. От метро Алтуфьево на маршрутке 1098 до ресторана или на автобусе 303 до остановки супермаркет. Ехать 10 минут, 2 остановки."
Бариста в сеть кафе Братья Караваевы,https://hh.ru/vacancy/118492653?query=%D0%B1%D0%B0%D1%80%D0%B8%D1%81%D1%82%D0%B0&hhtmFrom=vacancy_search_list,"до 110 000 ₽ за месяц,  на руки",Не указана,"Кулинарные лавки Братья Караваевы - это сеть современных городских кафе в формате fast casual, являющееся частью экосистемы Нефтьмагистраль. Что мы предлагаем:  График гибкий, смены – 8, 9, 10, 12 часов в день Гарантированные выплаты 2 раза в месяц Фиксированная часовая ставка + % от выручки кулинарной лавки Возможность получать дополнительную премию за наставничество Официальное оформление по ТК РФ Работа рядом с домом или учебным заведением Оплата стажировки с 1-ого дня Помощь в оформлении медицинской книжки. Работа в красивом Московском кафе с оригинальным дизайном Обеспечиваем питанием по меню кафе за счет компании, экономия более 10.000 рублей в месяц  С нами можно:  Пройти обучение в школе бариста за счет компании. Мы за качество во всем Получить сертификат государственного образца о повышении квалификации Развиваться и расти внутри компании до руководителя или перейти на офисную должность Участвовать в спортивных и корпоративных мероприятиях компании, быть на драйве  Что делают наши бариста:  Консультируют покупателей по ассортименту напитков и десертов Информируют гостей о действующей системе лояльности Производят расчëт гостей на кассе Работают на рожковой кофемашине Готовят авторские напитки Выкладывают продукцию на витрину  Мы ценим в кандидатах и сотрудниках:  Способность создавать атмосферу уюта. Мы одержимы нашими гостями Вежливость, внимательность и заботу о госте Для нас важно единство команды и результат каждого.    Приведи в компанию друга и получи 10.000 рублей!"
Бариста,https://hh.ru/vacancy/118607305?query=%D0%B1%D0%B0%D1%80%D0%B8%D1%81%D1%82%D0%B0&hhtmFrom=vacancy_search_list,"от 70 000 до 89 500 ₽ за месяц,  на руки",Не указана,"Привет! Мы ищем опытных бариста в кофейни Лофт Интеллиджент Светлая кофейня в большом бизнес-центре, компактная посадка на 7 столов, Фанк и Диско в плейлисте, в меню кофейная классика и авторские напитки, Батч Брю вместо воронки, хипстерские десерты, сытные сэндвичи и круассаны, постоянные платежеспособные гости, панорамные окна, белые кирпичные стены, мощная атмосфера кофейного Лофта.   Навыки успешного кандидата: - уверенный скилл по кофейной классике, - умеет в базовый латте-арт, - высокая скорость и стабильность работы за баром, - сильный навык коммуникации с гостями кофейни Что мы предлагаем: 350 руб/час, % по результатам работы кофейни, Еженедельные выплаты, График работы 5/2, или 2/2, Смены 6-8-12 часов Стафф-завтраки для команды смены,  Оформление по ТК РФ   Напиши мне, что тебе интересна наша вакансия и да пребудет с нами кофейная магия и взаимное притяжение!"
Бариста (ТРЦ Авиапарк),https://hh.ru/vacancy/118466749?query=%D0%B1%D0%B0%D1%80%D0%B8%D1%81%D1%82%D0%B0&hhtmFrom=vacancy_search_list,"от 51 000 до 88 000 ₽ за месяц,  на руки",Не указана,"В сети кафе-пекарен ""Хлеб с маслом"" открыта вакансия Бариста !Будем рады видеть сотрудников как с опытом, так и без опыта работы, желающих развиваться вместе с нами! Обязанности:  Приготовление кофейных напитков Прием заказов в формате togo; помощь и активные доп. продажи гостям при выборе напитков/ выпечки Расчет гостей, работа с кассой Оформление витрин Соблюдение стандартов компании Создание позитивной и уютной атмосферы кофейни  Требования:  Грамотная речь Желание развиваться в сегменте HoReCa Доброжелательность, внимательность, ответственность  Условия:  Сменный график 2/2, 4/2, 3/3, гибкий график (прекрасная возможность совмещать с учебой) Официальное оформление в соответствии с ТК РФ Заработная плата два раза в месяц Обучение в процессе работы от лучших специалистов города Бесплатное питание Компенсация медицинской книжки  Дружный коллектив профессионалов, атмосфера взаимовыручки  Благодаря нашим Бариста наша сеть стремительно развивается!Вкусная выпечка, ароматный кофе! Достойные условия труда!МЫ ПО ВСЕЙ МОСКВЕ!Пиши, звони и мы выберем кофейню , максимально удобную по расположению.Мы ждем именно тебя!"
Бариста (кофейня Даблби в Москва-Сити),https://hh.ru/vacancy/118315097?query=%D0%B1%D0%B0%D1%80%D0%B8%D1%81%D1%82%D0%B0&hhtmFrom=vacancy_search_list,"от 70 000 до 90 000 ₽ за месяц,  на руки",Не указана,"Сеть кофеен «Даблби» – это элитное пространство кофе и чая, погружающее каждого Гостя в уникальную атмосферу премиального вкуса. Сегодня сеть «Даблби» является одной из самых быстро растущих сетей кофеен в России, активно развиваясь как при помощи собственной розницы, так и при помощи системы франчайзинга. Наши преимущества:• Работа в престижной компании• Стабильность• Достойная ЗП и ее стабильная своевременная выплата• Карьерный рост• Горизонтальная и вертикальная карьерная лестница• Возможность работать в молодом, дерзком и амбициозном коллективе• Бесплатное профессиональное обучение• Различные мотивационные поощрения• Мероприятия и корпоративные вечеринки• Бесплатный кофеХотите стать гуру в профессиональной сфере? Стремитесь развиваться и получать новые знания? Ищете стабильную и достойную зарплату? Тогда вам - к нам! Сеть «Даблби» объявляет конкурс на набор бариста в кофейню по адресу: Пресненская набережная, д. 12, башня Федерация. Кофейня формата to go с потрясающими постоянными клиентами, работающими в башне. Кофейня работает только в будние дни с 8 до 19 часов. В смене 3 человека. Обязанности:  быть хорошим бариста и варить отличный кофе (научим) знать ассортимент, виды кофе и чая (научим) быть приветливым с гостями работать с кассой (научим)  Условия:  Бесплатное обучение в течение месяца Официальное трудоустройство Работа по будним дням с 7:30 до 15:30 или с 7:30 до 17:00 или с 8:00 до 19:30 (сменами) Оплата 300 руб./час плюс бонусы за выполнение плана продаж Кофейня в шаговой доступности от метро Деловой центр Опыт не обязателен, но приветствуется!"
Бариста-официант в кафе,https://hh.ru/vacancy/118531292?query=%D0%B1%D0%B0%D1%80%D0%B8%D1%81%D1%82%D0%B0&hhtmFrom=vacancy_search_list,"от 60 000 до 85 000 ₽ за месяц,  на руки",Не указана,"«Волшебнутый Кофе» - это кофейня, где профессиональные Волшебницы делают расклады на картах Таро и предсказывают на кофейной гуще.   Сейчас мы ищем в команду БАРИСТА (вам не надо обладать даром предсказания, достаточно только варить хороший кофе и вежливо общаться с гостями)   Что мы предлагаем:   Работа в самом центре Москвы (5 минут от м.Чеховская/м.Трубная) Оплачиваемая стажировка 2500₽/смена(3 дня) Выход 400₽ час после сдачи аттестации выход + 5% от плана + чаевые  График 2/2 (смена 10 часов) Быстрый карьерный рост до менеджера кофейни Возможность принимать активное участие в развитии кофейни: создание авторских напитков, обновление регламентов, улучшение кофейни, SMM  Что от вас:  Умение готовить базовые кофейные напитки  Доброжелательное общение с гостями волшебной кофейни Взаимодействие с поставщиками Наш проект уникален своей концепцией и волшебной атмосферой.  Будем рады, если именно вы станете частью нашей команды!"
Бариста,https://hh.ru/vacancy/109056197?query=%D0%B1%D0%B0%D1%80%D0%B8%D1%81%D1%82%D0%B0&hhtmFrom=vacancy_search_list,"от 55 000 до 85 000 ₽ за месяц,  на руки",Не указана,"Группа компаний ""Шоколадница"" ищет крутых БАРИСТА! Если ты энергичный, позитивный и любишь кофе, у нас есть для тебя отличная новость — мы предоставляем бесплатное обучение и возможность стать частью кофейного гиганта в России и СНГ!Что мы тебе предлагаем:Стабильную работу в компании с отличной репутацией.Мы гарантируем работу по удобному графику)Официальное трудоустройство по Трудовому Кодексу РФ.Бесплатное питание и стильная форма.Никаких штрафов — только поддержка! Шикарный тим.Мы поможем выбрать удобное месторасположение кофейни.Возможность развиваться и прокачивать свои навыки.Что ты будешь делать:Консультировать наших гостей по меню.Принимать поставки.Создавать атмосферу и обеспечивать высокий уровень сервиса.Готовить вкуснейшие напитки на современном оборудовании.Что мы ждем от тебя:Страсть к кофе и желание делиться этим с другими.Желание радовать гостей и создавать позитивную атмосферу.Умение работать в команде.Не переживай, опыт не обязателен — мы сами введем тебя в мир кофе!Как попасть на собеседование? Откликнуться тут и обязательно в сопроводительном письме указать действующий номер whatsapp. До встречи"
Бариста в кулинарную лавку Братья Караваевы,https://hh.ru/vacancy/117528845?query=%D0%B1%D0%B0%D1%80%D0%B8%D1%81%D1%82%D0%B0&hhtmFrom=vacancy_search_list,"до 110 000 ₽ за месяц,  на руки",Не указана,"Кулинарные лавки Братья Караваевы - это сеть современных городских кафе в формате fast casual, являющееся частью экосистемы Нефтьмагистраль. Что мы предлагаем:  График: смены – 8, 9, 10, 12 часов в день Гарантированные выплаты 2 раза в месяц Фиксированная часовая ставка + % от выручки кулинарной лавки Возможность получать дополнительную премию за наставничество Официальное оформление по ТК РФ Работа рядом с домом или учебным заведением Оплата стажировки с 1-ого дня Помощь в оформлении медицинской книжки. Работа в красивом Московском кафе с оригинальным дизайном Обеспечиваем питанием по меню кафе за счет компании, экономия более 10.000 рублей в месяц  С нами можно:  Пройти обучение в школе бариста за счет компании. Мы за качество во всем Получить сертификат государственного образца о повышении квалификации Развиваться и расти внутри компании до руководителя или перейти на офисную должность Участвовать в спортивных и корпоративных мероприятиях компании, быть на драйве  Что делают наши бариста:  Консультируют покупателей по ассортименту напитков и десертов Информируют гостей о действующей системе лояльности Производят расчëт гостей на кассе Работают на рожковой кофемашине Готовят авторские напитки Выкладывают продукцию на витрину  Мы ценим в кандидатах и сотрудниках:  Способность создавать атмосферу уюта. Мы одержимы нашими гостями Вежливость, внимательность и заботу о госте Для нас важно единство команды и результат каждого.​​​​​​​  Приведи в компанию друга и получи 10.000 рублей!"
Начинающий бариста в кофейню ONE & DOUBLE,https://hh.ru/vacancy/118669566?query=%D0%B1%D0%B0%D1%80%D0%B8%D1%81%D1%82%D0%B0&hhtmFrom=vacancy_search_list,"от 60 250 до 99 000 ₽ за месяц,  на руки",Не указана,"Привет! Меня зовут Анна, я менеджер по персоналу сети кофеен One&Double :)Мы в поисках БАРИСТА. Нам абсолютно неважно есть ли у тебя опыт, или ты хотел бы начать свой путь с нуля, мы рады видеть тебя в своей команде и готовы помочь во всех твоих начинаниях! Что мы предлагаем:  Даже если ты никогда не варил кофе, мы научим тебя всему! Подбор точки ближе к дому За смену от 3750 р. + Бонусы;Мы ценим твой труд и готовы платить справедливо. Зарабатывай и наслаждайся жизнью! Повышение оплаты тем, кто с нами долго; Карьерный рост;У нас есть возможность расти и развиваться. Хочешь стать управляющим Мы поддержим твои амбиции! График работы 2/2, 3/3, 3/1, 4/2, 5/2, 6/1; Гибкое количество рабочих часовУчёба или другие дела? Подберем график специально для тебя. Оформление по ТК РФ; Выплаты з/п без задержек, 3 раза в месяц; Вкусное питание за счет компании; Медицинская книжка за счет компании;  Что хотели бы в тебе видеть:  Позитивный настрой на работу; Желание обучаться и расти вместе с компанией.  В твои обязанности будет входить:  Прием и выкладка товаров; Поддержание чистоты в кофейне; Помощь гостю при выборе в меню; Приготовление самых вкусных напитков."
Бариста в сеть кафе Братья Караваевы,https://hh.ru/vacancy/118028524?query=%D0%B1%D0%B0%D1%80%D0%B8%D1%81%D1%82%D0%B0&hhtmFrom=vacancy_search_list,"до 110 000 ₽ за месяц,  на руки",Не указана,"Кулинарные лавки Братья Караваевы - это сеть современных городских кафе в формате fast casual, являющееся частью экосистемы Нефтьмагистраль. Что мы предлагаем:  График гибкий, смены – 8, 9, 10, 12 часов в день Гарантированные выплаты 2 раза в месяц Фиксированная часовая ставка + % от выручки кулинарной лавки Возможность получать дополнительную премию за наставничество Официальное оформление по ТК РФ Работа рядом с домом или учебным заведением Оплата стажировки с 1-ого дня Помощь в оформлении медицинской книжки. Работа в красивом Московском кафе с оригинальным дизайном Обеспечиваем питанием по меню кафе за счет компании, экономия более 10.000 рублей в месяц  С нами можно:  Пройти обучение в школе бариста за счет компании. Мы за качество во всем Получить сертификат государственного образца о повышении квалификации Развиваться и расти внутри компании до руководителя или перейти на офисную должность Участвовать в спортивных и корпоративных мероприятиях компании, быть на драйве  Что делают наши бариста:  Консультируют покупателей по ассортименту напитков и десертов Информируют гостей о действующей системе лояльности Производят расчëт гостей на кассе Работают на рожковой кофемашине Готовят авторские напитки Выкладывают продукцию на витрину  Мы ценим в кандидатах и сотрудниках:  Способность создавать атмосферу уюта. Мы одержимы нашими гостями Вежливость, внимательность и заботу о госте Для нас важно единство команды и результат каждого.    Приведи в компанию друга и получи 10.000 рублей!"
Бармен/Бариста,https://hh.ru/vacancy/118616124?query=%D0%B1%D0%B0%D1%80%D0%B8%D1%81%D1%82%D0%B0&hhtmFrom=vacancy_search_list,"от 70 000 ₽ за месяц,  на руки",Не указана,"PIMS это компания №1 по производству авторских напитков на основе китайских чаев с добавлением фруктов/ягод и крема. PIMS хочет объединить свободных и современных людей, разделяющих общие ценности. Мы активно развиваемся и собираем команду, готовую развиваться вместе с нами.   Обязанности:   Приготовление напитков на основе чая; Уборка рабочего места; Предоставление фирменного сервиса нашим гостям; Работа на кассе; Требования:   Ориентация на клиента, умение работать с людьми; Грамотная речь; Желание работать в активном режиме; Опрятный внешней вид; Соблюдение стандартов компании; Условия:   Стабильная заработная плата 2 раза в месяц, 3500₽ смена + KPI; Бесплатная униформа; Скидка на продукцию; Возможность карьерного роста; Большой дружный коллектив. Мы ждет тебя в нашу дружную семью ПИМС!"
"Бариста ((Москва, Ореховый, 14)",https://hh.ru/vacancy/118328908?query=%D0%B1%D0%B0%D1%80%D0%B8%D1%81%D1%82%D0%B0&hhtmFrom=vacancy_search_list,"от 73 000 до 77 000 ₽ за месяц,  до вычета налогов",Не указана,
Бариста One Price Coffee (м. Добрынинская),https://hh.ru/vacancy/115365790?query=%D0%B1%D0%B0%D1%80%D0%B8%D1%81%D1%82%D0%B0&hhtmFrom=vacancy_search_list,"от 55 000 до 68 000 ₽ за месяц,  на руки",Не указана,"Привет! Мы ONE PRICE COFFEE и сейчас мы ищем бариста в нашу команду. Что мы предлагаем:  Оплачиваемая стажировка - 220\час; Средняя ставка бариста после прохождения стажировки - от 260\час; Премия за приведенного друга-5000р; Обучение с нуля и тренинги для повышения квалификации; Вкусный кофе + дружный молодой коллектив + стильная и удобная форма; Стабильные и своевременные выплаты заработной платы 2 раза в месяц; Официальное трудоустройство, оплачиваемый отпуск (в том числе учебный), больничные, перерывы на отдых и корпоративное питание; Помощь в оформлении и компенсация медкнижки; Гибкий график, который подстраивается под тебя. Есть возможность совмещения с учёбой, неполные смены.  Что мы ждём от вас:  Любовь к кофе и к людям; Стремление к развитию и получению знаний; Доброжелательность, пунктуальность, отзывчивость.  Чем нужно будет заниматься:  Общаться с гостями и ориентировать в нашем меню; Готовить напитки соблюдая стандарты качества компании; Поддерживать чистоту на рабочем месте; Работа на кассе; Работать в дружном, позитивном коллективе."
Бариста в кофейню One Price Coffee (Химки ТЦ Лига),https://hh.ru/vacancy/117944624?query=%D0%B1%D0%B0%D1%80%D0%B8%D1%81%D1%82%D0%B0&hhtmFrom=vacancy_search_list,"от 75 000 ₽ за месяц,  на руки",Не указана,"Требуемый опыт работы: не требуется Полная занятость, гибкий график One Price Coffee - самая быстрорастущая федеральная сеть с более чем 500 кофеен в России. Мы делаем кофе приятным моментом в жизни каждого. Бариста - самый важный человек в кофейне, поэтому мы гордимся возможностью роста наших сотрудников - создаем управленцев внутри компании, развита система наставничества. Убедились на примере многих ребят. Мы гарантируем, что ты не только научишься готовить вкуснейший кофе, но и найдешь здесь друзей и возможность развиваться вместе с нами! :) Что мы предлагаем:   График работы на выбор: 2/2 4\3 5\2 сотрудник по выходным СБ ВС   Ставка 250-р/ч + чаевые + премиальные   Официальное трудоустройство по ТК РФ   Бесплатное обучение за счёт компании   Оплачиваемая стажировка   Бесплатное 3-х разовое питание   Дружелюбный и отзывчивый коллектив, готовый поддержать тебя в профессиональном росте   Компенсация медкнижки   Стильная униформа за счёт компании   Дополнительная мотивация и бонусы   Возможность совмещать работу с учебой, а также двигаться по карьерной лестнице   Работа рядом с домом или учебным заведением   Чем предстоит заниматься:   Приготовление кофейных напитков по утвержденным рецептам   Работа с кассой и участие в инвентаризациях   Поддержание уютной атмосферы в кофейне, создание позитивного настроения для наших гостей   Соблюдение чистоты на рабочем месте   Общение с гостями, консультирование при выборе напитков   Приём поставки   Что мы ценим в кандидатах:   Любовь к кофе   Приветливость, коммуникабельность, ориентация на клиента   Готовность учиться новому и развиваться профессионально   Пунктуальность и ответственность   Желание работать в активном режиме Смело оставляй отклик, ждем тебя в нашу дружную команду One Price Coffee! Приветствуется опыт работы в КFС (КФС, Ростикс), Вкусно и точка (Макдональдс, МсDоnаlds), Додо Пицца, Папа Джонс, Кофикс (COFIX), Шоколадница, ВкусВилл кафе, Хлеб насущный, Surf Coffee, Пан Круассан, CofeFest, Пицца Фабрика, Сабвей (Subwаy) Coffee Like, Бургер Кинг (Вurgеr Кing), Крошка Картошка, Доминос Пицца (Dоminо's Рizzа) и другие."
Бариста (м. Автозаводская),https://hh.ru/vacancy/117909740?query=%D0%B1%D0%B0%D1%80%D0%B8%D1%81%D1%82%D0%B0&hhtmFrom=vacancy_search_list,"до 110 000 ₽ за месяц,  на руки",Не указана,"ДНИ НЕДЕЛИ - это молодая и успешно развивающаяся сеть specialty-кофеен, которая с любовью дарит широкий ассортимент вкусных авторских напитков и отличное настроение каждому гостю! Наши кофейни - это про открытость, креативность и раскрепощенность, а также вкусный кофе и нетривиальные сочетания! Ждем тебя в нашей команде единомышленников, где есть все возможности проявить свои таланты. Нам по пути, если ты:  Кайфуешь от общения с людьми; Обладаешь крутыми навыками продаж и нацелен на увеличение товарооборота кофейни; Можешь поддерживать контакт с постоянными гостями, а также с легкостью привлекать новых; Умеешь готовить вкусный кофе или готов обучиться чему-то новому; Знаешь, как поднять настроение не только себе, но и окружающим; Готов развиваться и достигать новых высот вместе с нами.  Чем тебе предстоит заниматься:  Готовить авторские напитки, разумеется, не забывая про классику; Заниматься развитием кофейни и работать над узнаваемостью бренда, Принимать активное участие в дегустациях новых позиций; Проходить обучение в тренинг-центре для регулярного апгрейда своих скиллов; И, конечно же, соблюдать чистоту и порядок на рабочем месте.  Что мы предлагаем:  Оплачиваемую стажировку - 300р/час (до 2-х недель) Работу в минуте ходьбы от метро Автозаводская в БЦ Омега Плаза; Гибкий график работы: 7/0, 5/2, 3/3, 2/2 и тд., смены от 8 до 13 часов на выбор; Часовую ставку 350р (повышается в зависимости от навыка продаж); Ежемесячную премию по результатам работы; Возможность карьерного роста (бариста-старший бариста-администратор); Стильную и удобную униформу.  Если ты ищешь место, где хотел бы получить не только ценные знания, но и возможность реализовывать их на деле - наш френдли коллектив ждет тебя!"
"Бариста (Депо ""Три вокзала"")",https://hh.ru/vacancy/115331322?query=%D0%B1%D0%B0%D1%80%D0%B8%D1%81%D1%82%D0%B0&hhtmFrom=vacancy_search_list,"от 85 000 ₽ за месяц,  на руки",Не указана,"TomiOmi – федеральная сеть бабл баров.Яркий и молодой бренд, который стремительно развивается на территории России.Мы гордимся качеством наших напитков и уровнем нашего сервиса.TomiOmi это бренд. А бренд – это люди, которые его создают.Поэтому наша главная ценность — это именно люди. Мы тщательно подходим к выбору сотрудников для нашей команды.Как попасть к нам в команду? Безусловно нужно быть позитивным человеком, любить людей, bubble tea и конечно же TomiOmi!Для нас работа в TomiOmi - это лайфстайл, место где мы находим друзей и единомышленников, получаем интересный опыт и раскрываем свой потенциал.Двигай к нам, если ты:● Опрятный (яркий внешний вид, пирсинг, татуировки? Мы только за!)● Ориентирован на Гостя и любишь работать с людьми● Любишь работать в активном режиме● Ответственный и честный● Умеешь работать в командеУ тебя нет опыта, но есть огромное желание? Мы научим!Почему работать у нас — это круто?● Молодая и веселая команда профессионалов, в которой каждый может реализовать себя;● Заработная плата без задержек 2 раза в месяц от 85.000 т.р;● Оплачиваемая стажировка под руководством опытных бариста;● График сменный- плавающий (смены по 9-12 часов, согласуем удобный для тебя)● Бесплатное корпоративное питание;● Стильная форма;● Корпоративная скидка 25% в заведениях-партнерах;● Реальная возможность карьерного роста и развития в Компании;● Оформление по ТК РФ.● Возможность совмещать с учебой.Что нужно делать?● Обслуживать Гостей за кассой и создавать им отличное настроение;● Качественно готовить напитки из меню согласно ТТК;● Соблюдать нормы санитарии , поддерживать чистоту и соблюдать стандарты;Мы ждем тебя в нашу суперсемью TomiOmi!Твоим преимуществом будет опыт работы в таких компаниях - КФС, Вкусно и Точка, Бургеркинг, DoDo пицца, OnePriceCoffee, OneDoubleCoffee, CoffeeLike, Кофемания и т.д."
Бариста в One Price Coffee (ст. м. ЗИЛ),https://hh.ru/vacancy/116544410?query=%D0%B1%D0%B0%D1%80%D0%B8%D1%81%D1%82%D0%B0&hhtmFrom=vacancy_search_list,"от 55 000 до 68 000 ₽ за месяц,  на руки",Не указана,"Федеральная сеть ONE PRICE COFFEE ищет в свою команду Бариста. Что мы предлагаем:  Оплачиваемая стажировка - 220\час; Ставка бариста после прохождения стажировки - от 260\час; Премия за приведенного друга-5000р; Обучение с нуля и тренинги для повышения квалификации; Вкусный кофе + дружный молодой коллектив + стильная и удобная форма; Стабильные и своевременные выплаты заработной платы 2 раза в месяц; Официальное трудоустройство, оплачиваемый отпуск (в том числе учебный), больничные, перерывы на отдых и корпоративное питание; Помощь в оформлении и компенсация медкнижки; Гибкий график, который подстраивается под тебя. Есть возможность совмещения с учёбой, неполные смены.  Что мы ждём от вас:  Любовь к кофе и к людям; Стремление к развитию и получению знаний; Доброжелательность, пунктуальность,отзывчивость.  Чем нужно будет заниматься:  Общаться с гостями и ориентировать в нашем меню; Готовить напитки соблюдая стандарты качества компании; Поддерживать чистоту на рабочем месте; Работа на кассе; Работать в дружном, позитивном коллективе."
Бариста-кассир (м. Медведково),https://hh.ru/vacancy/118569850?query=%D0%B1%D0%B0%D1%80%D0%B8%D1%81%D1%82%D0%B0&hhtmFrom=vacancy_search_list,"от 58 900 до 72 300 ₽ за месяц,  на руки",Не указана,"В сети кафе-пекарен ""Хлеб с маслом"" открыта вакансия Бариста !Будем рады видеть сотрудников как с опытом, так и без опыта работы, желающих развиваться вместе с нами! Обязанности:  Приготовление кофейных напитков Прием заказов в формате togo; помощь и активные доп. продажи гостям при выборе напитков/ выпечки Расчет гостей, работа с кассой Оформление витрин Соблюдение стандартов компании Создание позитивной и уютной атмосферы кофейни  Требования:  Грамотная речь Желание развиваться в сегменте HoReCa Доброжелательность, внимательность, ответственность  Условия:  Сменный график 2/2, 4/2, 3/3, гибкий график (прекрасная возможность совмещать с учебой) Официальное оформление в соответствии с ТК РФ Заработная плата два раза в месяц Обучение в процессе работы от лучших специалистов города Бесплатное питание Компенсация медицинской книжки  Дружный коллектив профессионалов, атмосфера взаимовыручки  Благодаря нашим Бариста наша сеть стремительно развивается!Вкусная выпечка, ароматный кофе! Достойные условия труда!МЫ ПО ВСЕЙ МОСКВЕ!Мы повысили почасовую ставку и улучшаем условия для комфортной работы!Пиши, звони и мы выберем кофейню , максимально удобную по расположению.Мы ждем именно тебя!"
Бариста (м. новослободская),https://hh.ru/vacancy/118548278?query=%D0%B1%D0%B0%D1%80%D0%B8%D1%81%D1%82%D0%B0&hhtmFrom=vacancy_search_list,"от 80 000 ₽ за месяц,  на руки",Не указана,"“Coffee Bean” первое гостеприимное кофейное пространство, которое создает каждый, кто здесь работает, и эта культура развита с 1996 года. У нас своя Школа Бариста и Лаборатория Гостеприимства, где обучают всех - бариста, менеджеров, руководителей, стюардов. Наши выпускники - профессионалы своего дела. Также члены команды Coffee Bean в своей работе придерживаются высоких стандартов международной ассоциации specialty кофе SCA. Бариста Coffee Bean:  Много искренне общается с гостями; Готовит самый вкусный кофе; Оформляет витрину; Работает с кассой; Рассказывает о наших десертах и сэндвичах, является амбассадором вкуса; Интегрируется в кофейную культуру в лучшей в России Школе Бариста и совершенствует свои soft skills в нашей Лаборатории Гостеприимства.  Что ждет тебя в Coffee Bean:  Официальное трудоустройство; Гибкий график работы: 5/2 с плавающими выходными по 8 часов; Ставка 325 руб/час на время стажировки, далее 400 руб/час, а так же щедрые электронные чаевые; Корпоративные скидки на десерты 50%, а также базовые кофейные напитки без оплаты; Поддерживающая система адаптации; Возможность прозрачного карьерного роста; Корпоративный коуч, который помогает достичь цели, как рабочей, так и личной; Корпоративные скидки до 60% на обучающей платформе Lerna после сдачи двух аттестаций; Самое главное – ты здесь можешь быть самим собой!  Рады видеть единомышленников в нашем пространстве!"
Бариста (Дмитровский парк),https://hh.ru/vacancy/118448288?query=%D0%B1%D0%B0%D1%80%D0%B8%D1%81%D1%82%D0%B0&hhtmFrom=vacancy_search_list,"от 70 000 ₽ за месяц,  на руки",Не указана,"Привет! Мы - сеть уютных и стильных кофеен ""Здрасте"" с разнообразным меню. Наш акцент — это кофе, но важнее кофе для нас люди. Мы уделяем большое внимание команде и ее развитию. Любим то, что делаем и находимся в поисках таких же идейных и активных будущих коллег. Мы находимся в поисках Бариста (с 18 лет) Что тебе предстоит делать:  Работать с гостями по стандартам нашей сети. Не переживай, если опыта нет - всему научим; Готовить вкусные напитки согласно технологическим картам (этому тоже научим); Поддерживать чистоту стойки и витрин; Создавать атмосферу, в которую захочется вернуться снова.  Что мы ждем от тебя:  Готовность учиться, развиваться и получать много новой информации; Любовь к кофе; Грамотность речи; А еще мы dogfriendly-кофейни, поэтому важно отсутствие аллергии на братьев наших меньших)  Что ты получишь, работая с нами:  Достойную зарплату: 280 руб/час до аттестации, после 300 руб/час + личные чаевые; Сменный график работы; Фирменный мерч и бесплатное питание; Обучение и постоянную прокачку знаний; Участие в ежемесячных конкурсах с приятными призами; Скидку 20% на питание по меню и посещение других кофеен; Возможность быстрого карьерного роста (менеджер зала/официанты команды открытия/вакансии в Управляющей компании); Классную корпоративную культуру.  Мы ждем тебя в свою Команду! Данная вакансия подойдет тебе, если ты ищешь: работа в кофейне, бариста, кофе, работа рядом с домом"
Бармен/Бариста в ресторан Кофемания (м. Ломоносовский проспект),https://hh.ru/vacancy/118234033?query=%D0%B1%D0%B0%D1%80%D0%B8%D1%81%D1%82%D0%B0&hhtmFrom=vacancy_search_list,"до 72 000 ₽ за месяц,  на руки",Не указана,"«Кофемания» – неотъемлемая часть московской жизни уже на протяжении 20 лет. Сегодня «Кофемания» насчитывает более 50 ресторанов, собственное производство и несколько гастрономических проектов. Мы ждём тебя в команду лучших в своём деле! Работать в «Кофемании», значит:  Работать в удобном гибком графике и ресторане. Рабочая смена от 8 до 12 ч. Можно совмещать с учебой, а если смена закончится поздно – мы оплатим такси; Заработать на мечту: путешествие, учебу, машину или квартиру? Решать вам. Все расходы на оформление мед. книжки и покупку формы берём на себя; Развивать скиллы интересно. Сотрудники проходят профессиональное обучение у лучших тренеров ресторанной индустрии в России в корпоративной Академии: оборудованные классы и собственная лаборатория вкуса, регулярные дегустации и мастер-классы.  Авторские напитки наших барменов регулярно попадают в меню.  Строить успешную карьеру официально. Стать профессиональным бариста, а потом – менеджером барной стойки и управляющим.  Бариста «Кофемании» ежегодно подтверждают лидерство и мастерство, занимают первые места на престижных соревнованиях.  Быть в центре яркой корпоративной жизни: мастер-классы, беговой клуб и корпоративный кинотеатр в кругу друзей. Профессиональные корпоративные соревнования, где главный приз – путешествие в страну произрастания кофе. Получить крутые бонусы: бесплатное трехразовое питание на работе от профессиональных поваров, скидки в рестораны «Кофемании» от 15 до 30%, а также привилегии от партнёров на изучение английского, массаж, фитнес, салон-красоты, кино и многое другое!  Тебе предстоит:  Научиться готовить самые интересные напитки по технологическим картам. Все напитки из нашего меню – это оригинальные авторские рецепты или вариации классики. Контролировать качество продуктов и соблюдать нормы СанПин.  Получай удовольствие от работы вместе с друзьями: получи 20 000 рублей за каждого приведённого друга!"
Бариста в сеть кофеен,https://hh.ru/vacancy/118311553?query=%D0%B1%D0%B0%D1%80%D0%B8%D1%81%D1%82%D0%B0&hhtmFrom=vacancy_search_list,"от 60 000 до 70 000 ₽ за месяц,  на руки",Не указана,"Ищем яркиx, энeргичныx, и теx, кто хочет учитьcя ваpить лучший кофe в гоpoде! Опыт не нужен - вceму нaучим. Глaвнoе, чтобы тебe былo интepеснo pазвивaтьcя и дaрить людям хoрошee наcтрoeниe! Мы прeдлагаем:  Cтабильнaя заpaботная плaта - пoчaсовая oплата + чай; Гарантировaнные выплаты двaжды в меcяц; Boзможность карьерного роста; Официальное трудоустройство; Корпоративное обучение; Бесплатное питание; Медицинская книжка за счет компании; Лояльное руководство и поддержка коллег.  Должностные обязанности:  Подготовка зала к открытию и закрытию кофейни; Поддержание чистоты и порядка; Создание атмосферы в стиле бренда; Приготовление напитков по стандартам компании; Общение с клиентами; Выполнение кассовых операций.  Требования:  Доброжелательность, энергичность, аккуратность и как можно больше положительных качеств; Желание и умение работать в команде, у нас ресторан командной игры."
Бариста в One Price Coffee (ст. м. ЗИЛ),https://hh.ru/vacancy/116544410?query=%D0%B1%D0%B0%D1%80%D0%B8%D1%81%D1%82%D0%B0&hhtmFrom=vacancy_search_list,"от 55 000 до 68 000 ₽ за месяц,  на руки",Не указана,"Федеральная сеть ONE PRICE COFFEE ищет в свою команду Бариста. Что мы предлагаем:  Оплачиваемая стажировка - 220\час; Ставка бариста после прохождения стажировки - от 260\час; Премия за приведенного друга-5000р; Обучение с нуля и тренинги для повышения квалификации; Вкусный кофе + дружный молодой коллектив + стильная и удобная форма; Стабильные и своевременные выплаты заработной платы 2 раза в месяц; Официальное трудоустройство, оплачиваемый отпуск (в том числе учебный), больничные, перерывы на отдых и корпоративное питание; Помощь в оформлении и компенсация медкнижки; Гибкий график, который подстраивается под тебя. Есть возможность совмещения с учёбой, неполные смены.  Что мы ждём от вас:  Любовь к кофе и к людям; Стремление к развитию и получению знаний; Доброжелательность, пунктуальность,отзывчивость.  Чем нужно будет заниматься:  Общаться с гостями и ориентировать в нашем меню; Готовить напитки соблюдая стандарты качества компании; Поддерживать чистоту на рабочем месте; Работа на кассе; Работать в дружном, позитивном коллективе."
Бариста-кассир (м. Медведково),https://hh.ru/vacancy/118569850?query=%D0%B1%D0%B0%D1%80%D0%B8%D1%81%D1%82%D0%B0&hhtmFrom=vacancy_search_list,"от 58 900 до 72 300 ₽ за месяц,  на руки",Не указана,"В сети кафе-пекарен ""Хлеб с маслом"" открыта вакансия Бариста !Будем рады видеть сотрудников как с опытом, так и без опыта работы, желающих развиваться вместе с нами! Обязанности:  Приготовление кофейных напитков Прием заказов в формате togo; помощь и активные доп. продажи гостям при выборе напитков/ выпечки Расчет гостей, работа с кассой Оформление витрин Соблюдение стандартов компании Создание позитивной и уютной атмосферы кофейни  Требования:  Грамотная речь Желание развиваться в сегменте HoReCa Доброжелательность, внимательность, ответственность  Условия:  Сменный график 2/2, 4/2, 3/3, гибкий график (прекрасная возможность совмещать с учебой) Официальное оформление в соответствии с ТК РФ Заработная плата два раза в месяц Обучение в процессе работы от лучших специалистов города Бесплатное питание Компенсация медицинской книжки  Дружный коллектив профессионалов, атмосфера взаимовыручки  Благодаря нашим Бариста наша сеть стремительно развивается!Вкусная выпечка, ароматный кофе! Достойные условия труда!МЫ ПО ВСЕЙ МОСКВЕ!Мы повысили почасовую ставку и улучшаем условия для комфортной работы!Пиши, звони и мы выберем кофейню , максимально удобную по расположению.Мы ждем именно тебя!"
Бариста (м. Автозаводская),https://hh.ru/vacancy/117909740?query=%D0%B1%D0%B0%D1%80%D0%B8%D1%81%D1%82%D0%B0&hhtmFrom=vacancy_search_list,"до 110 000 ₽ за месяц,  на руки",Не указана,"ДНИ НЕДЕЛИ - это молодая и успешно развивающаяся сеть specialty-кофеен, которая с любовью дарит широкий ассортимент вкусных авторских напитков и отличное настроение каждому гостю! Наши кофейни - это про открытость, креативность и раскрепощенность, а также вкусный кофе и нетривиальные сочетания! Ждем тебя в нашей команде единомышленников, где есть все возможности проявить свои таланты. Нам по пути, если ты:  Кайфуешь от общения с людьми; Обладаешь крутыми навыками продаж и нацелен на увеличение товарооборота кофейни; Можешь поддерживать контакт с постоянными гостями, а также с легкостью привлекать новых; Умеешь готовить вкусный кофе или готов обучиться чему-то новому; Знаешь, как поднять настроение не только себе, но и окружающим; Готов развиваться и достигать новых высот вместе с нами.  Чем тебе предстоит заниматься:  Готовить авторские напитки, разумеется, не забывая про классику; Заниматься развитием кофейни и работать над узнаваемостью бренда, Принимать активное участие в дегустациях новых позиций; Проходить обучение в тренинг-центре для регулярного апгрейда своих скиллов; И, конечно же, соблюдать чистоту и порядок на рабочем месте.  Что мы предлагаем:  Оплачиваемую стажировку - 300р/час (до 2-х недель) Работу в минуте ходьбы от метро Автозаводская в БЦ Омега Плаза; Гибкий график работы: 7/0, 5/2, 3/3, 2/2 и тд., смены от 8 до 13 часов на выбор; Часовую ставку 350р (повышается в зависимости от навыка продаж); Ежемесячную премию по результатам работы; Возможность карьерного роста (бариста-старший бариста-администратор); Стильную и удобную униформу.  Если ты ищешь место, где хотел бы получить не только ценные знания, но и возможность реализовывать их на деле - наш френдли коллектив ждет тебя!"
"Бариста ((Москва, Осенний, 12)",https://hh.ru/vacancy/117645597?query=%D0%B1%D0%B0%D1%80%D0%B8%D1%81%D1%82%D0%B0&hhtmFrom=vacancy_search_list,"от 83 000 до 85 000 ₽ за месяц,  до вычета налогов",Не указана,
Бариста,https://hh.ru/vacancy/118350222?query=%D0%B1%D0%B0%D1%80%D0%B8%D1%81%D1%82%D0%B0&hhtmFrom=vacancy_search_list,"от 50 000 до 80 000 ₽ за месяц,  на руки",Не указана,"Обязанности:  Работа с кассой  Открытие и закрытие смены Поддержание рабочего места в частоте и порядке ​​​​​​​Проведение генеральной уборки раз в неделю ​​​​​​​Прием заказов, приготовление напитков, обслуживание ​​​​​​​Умение продавать   Пожелание по Софт Скиллам  Внимательность, ответственность, пунктуальность Дипломатичность, тактичность и умение находить подход к гостям   ​​​​​​​ ​​​"
Бариста,https://hh.ru/vacancy/118171732?query=%D0%B1%D0%B0%D1%80%D0%B8%D1%81%D1%82%D0%B0&hhtmFrom=vacancy_search_list,"80 000 ₽ за месяц,  до вычета налогов",Не указана,"Группа компаний РБЕ ищет в свою команду Бариста! Ты общительный и любишь дарить хорошее настроение? Разбираешься в сортах кофе, методах обработки и обжарки кофейных зёрен? Знаешь как, а главное, умеешь готовить вкусный кофе? Тогда приглашаем тебя в нашу дружную команду!   Условия:  Официальное трудоустройство, Своевременные выплаты заработной платы два раза в месяц, График работы: 5\2, сб-вс и праздничные дни – выходные, Оформление медицинской книжки за счет компании, Бесплатное питание и униформа компании,  В твои обязанности будет входить:  Общение с гостями, Приготовление напитков, Выкладка витрин, Работа с кассой.  Требования:  Грамотная речь, Ответственность и пунктуальность, Аналогичный опыт работы, Ухоженный и опрятный внешний вид.  Место работы: Бизнес центр, улица Беловежская, д. 4 (от метро часто ходят автобусы, дополнительно есть бесплатный корпоративный автобус от БЦ)."
Бариста (метро Раменки),https://hh.ru/vacancy/118030843?query=%D0%B1%D0%B0%D1%80%D0%B8%D1%81%D1%82%D0%B0&hhtmFrom=vacancy_search_list,"от 80 000 ₽ за месяц,  на руки",Не указана,"CofeFest — это не просто сеть кофеен, это место, где каждый найдет свою атмосферу. Мы создаем вкус и дарим настроение! CofeFest сегодня – это более 150 кофеен различного формата: от уютных кофеен в бизнес-центрах и медицинских учреждениях, до современных заведений с расширенной посадкой. Наши ценности — это основа нашего успеха. Мы уверены, что ответственность, качество, вовлеченность и поддержка помогут создать уникальную среду, где каждый сотрудник чувствует свою значимость. Мы свободны от стереотипов: в нашей команде не важны национальность, пол или годы. Мы постоянно развиваемся, совершенствуемся и поддерживаем стремление сотрудников к развитию и самореализации. Нам абсолютно не важно есть ли у вас опыт, мы будем рады видеть вас в команде COFEFEST! Мы предлагаем: · Официальное трудоустройство по ТК РФ. · График работы 5/2 с 7.00 до 19.00 · Конкурентную заработную плату. Бонусы и % от продаж. · Возможность влиять на свой доход. Дополнительная мотивация. · Бесплатное двухразовое питание и напитки. · Бесплатное обучение и стильная униформа. · Оплачиваемая стажировка. · Возможности профессионального развития и карьерного роста. Наши бариста растут по карьерной лестнице до старших бариста, территориальных управляющих и региональных директоров. · Работа рядом с домом. Удобная транспортная доступность. Все кофейни находятся в Москве, подберем наиболее удобную по расположению. · Дружный, отзывчивый коллектив, готовый оказать поддержку в решении любых вопросов. · А также: профессиональные конкурсы, сладкие подарки и поздравления на праздники, приятные комплименты от Компании. Обязанности: · Качественное приготовление кофе и других напитков по утвержденным рецептурам. · Прием и выкладка продукции. · Активные продажи продукции собственного производства COFEFEST (готовая выпечка, кулинария, кофе и десерты). Работа с кассой (iiko). · Поддержание чистоты и порядка на рабочем месте. · Создание уютной атмосферы гостеприимства и позитивного настроения гостей. Наши пожелания к новому сотруднику: · Позитивный настрой, желание работать, расти и развиваться вместе с нами. · Приветливость, коммуникабельность, ориентация на клиента. · Ответственность, аккуратность, пунктуальность. Присоединяйся к нашей дружной команде и открой для себя новые горизонты! Сделай свое будущее с CofeFest!"
Бариста-бармен в кафе Novikov Space,https://hh.ru/vacancy/118324889?query=%D0%B1%D0%B0%D1%80%D0%B8%D1%81%D1%82%D0%B0&hhtmFrom=vacancy_search_list,"от 60 000 ₽ за месяц,  на руки",Не указана,"Novikov Space — это крупнейшее образовательное и творческое пространство в стране, где мы обучаем специалистов ресторанного бизнеса и организуем гастрономические мероприятия. У нас также проходят мастер-классы по живописи, керамике и флористике!Ищем энергичного бармена-бариста в наше кафе. Здесь вы сможете готовить кофе, общаться с гостями и создавать атмосферу уюта. Мы подходим друг другу, если вы:- Любите варить отличный кофе.- Обожаете общаться с людьми.- Готовы сделать все, чтобы гость остался доволен.- Опыт не обязателен — мы всему научим!Ваши задачи:- Приготовление напитков по меню.- Поддержание чистоты и порядка на баре.- Работа с поставщиками и контроль запасов.- Проведение инвентаризаций.Что мы предлагаем:- График 2/2 с 9:30 до 23:00.- Стабильная зарплата и оформление по ТК РФ.- Вкусное 3-разовое питание за счет компании.- Обучение у лидеров индустрии и возможность карьерного роста. - Регулярные корпоративные активности: совместные спортивные мероприятия, выезды и книжный клуб.- Оплата смены — 4000 рублей + бонусы.Присоединяйтесь к нашей команде и станьте частью сильного бренда Novikov Group! Мы ждем вас!"
Бариста в сеть кофеен,https://hh.ru/vacancy/118311553?query=%D0%B1%D0%B0%D1%80%D0%B8%D1%81%D1%82%D0%B0&hhtmFrom=vacancy_search_list,"от 60 000 до 70 000 ₽ за месяц,  на руки",Не указана,"Ищем яркиx, энeргичныx, и теx, кто хочет учитьcя ваpить лучший кофe в гоpoде! Опыт не нужен - вceму нaучим. Глaвнoе, чтобы тебe былo интepеснo pазвивaтьcя и дaрить людям хoрошee наcтрoeниe! Мы прeдлагаем:  Cтабильнaя заpaботная плaта - пoчaсовая oплата + чай; Гарантировaнные выплаты двaжды в меcяц; Boзможность карьерного роста; Официальное трудоустройство; Корпоративное обучение; Бесплатное питание; Медицинская книжка за счет компании; Лояльное руководство и поддержка коллег.  Должностные обязанности:  Подготовка зала к открытию и закрытию кофейни; Поддержание чистоты и порядка; Создание атмосферы в стиле бренда; Приготовление напитков по стандартам компании; Общение с клиентами; Выполнение кассовых операций.  Требования:  Доброжелательность, энергичность, аккуратность и как можно больше положительных качеств; Желание и умение работать в команде, у нас ресторан командной игры."
Начинающий бариста \ бармен,https://hh.ru/vacancy/104069049?query=%D0%B1%D0%B0%D1%80%D0%B8%D1%81%D1%82%D0%B0&hhtmFrom=vacancy_search_list,"от 55 000 до 85 000 ₽ за месяц,  на руки",Не указана,"Группа компаний ""Шоколадница"" ищет крутых БАРИСТА! Если ты энергичный, позитивный и любишь кофе, у нас есть для тебя отличная новость — мы предоставляем бесплатное обучение и возможность стать частью кофейного гиганта в России и СНГ! Что мы тебе предлагаем: Стабильную работу в компании с отличной репутацией.Мы гарантируем работу по удобному графику.Официальное трудоустройство по Трудовому Кодексу РФ.Бесплатное питание и стильная форма.Никаких штрафов — только поддержка!Шикарный тим.Мы поможем выбрать удобное месторасположение кофейни.Возможность развиваться и прокачивать свои навыки. Что ты будешь делать: Консультировать наших гостей по меню.Принимать поставки.Создавать атмосферу и обеспечивать высокий уровень сервиса.Готовить вкуснейшие напитки на современном оборудовании. Что мы ждем от тебя: Страсть к кофе и желание делиться этим с другими.Желание радовать гостей и создавать позитивную атмосферу.Умение работать в команде.Не переживай, опыт не обязателен — мы сами введем тебя в мир кофе! Как попасть на собеседование?Откликнуться тут и обязательно в сопроводительном письме указать действующий номер whatsapp. До встречи! "
Начинающий бариста в кофейню ONE & DOUBLE,https://hh.ru/vacancy/118669566?query=%D0%B1%D0%B0%D1%80%D0%B8%D1%81%D1%82%D0%B0&hhtmFrom=vacancy_search_list,"от 60 250 до 99 000 ₽ за месяц,  на руки",Не указана,"Привет! Меня зовут Анна, я менеджер по персоналу сети кофеен One&Double :)Мы в поисках БАРИСТА. Нам абсолютно неважно есть ли у тебя опыт, или ты хотел бы начать свой путь с нуля, мы рады видеть тебя в своей команде и готовы помочь во всех твоих начинаниях! Что мы предлагаем:  Даже если ты никогда не варил кофе, мы научим тебя всему! Подбор точки ближе к дому За смену от 3750 р. + Бонусы;Мы ценим твой труд и готовы платить справедливо. Зарабатывай и наслаждайся жизнью! Повышение оплаты тем, кто с нами долго; Карьерный рост;У нас есть возможность расти и развиваться. Хочешь стать управляющим Мы поддержим твои амбиции! График работы 2/2, 3/3, 3/1, 4/2, 5/2, 6/1; Гибкое количество рабочих часовУчёба или другие дела? Подберем график специально для тебя. Оформление по ТК РФ; Выплаты з/п без задержек, 3 раза в месяц; Вкусное питание за счет компании; Медицинская книжка за счет компании;  Что хотели бы в тебе видеть:  Позитивный настрой на работу; Желание обучаться и расти вместе с компанией.  В твои обязанности будет входить:  Прием и выкладка товаров; Поддержание чистоты в кофейне; Помощь гостю при выборе в меню; Приготовление самых вкусных напитков."
Шеф-бариста в кофейню премиум класса,https://hh.ru/vacancy/117929560?query=%D0%B1%D0%B0%D1%80%D0%B8%D1%81%D1%82%D0%B0&hhtmFrom=vacancy_search_list,Какая оплата труда?,Не указана,"Maison Marom — это продюсерский центр, который разрабатывает и воплощает смелые идеи в мире креативных индустрий, лайфстайла и маркетинга. В рамках наших амбициозных планов открывается новый ресторанный комплекс, который станет не только местом для наслаждения высококачественными десертами, но и пространством для новых гастрономических впечатлений. Мы ищем опытного и амбициозного шеф-бариста, готового взять на себя ответственность за создание уникального меню, организацию работы кофейни и обучение команды. Если вы хотите работать в команде профессионалов и воплощать свою креативность в каждом напитке — эта вакансия для вас! Основные обязанности:  Разработка и составление меню премиум класса с учетом имеющегося оборудования. Организация работы кофейни, обеспечение бесперебойной работы на сменах. Обучение и развитие новых бариста, внедрение стандартов качества приготовления напитков и сервиса. Ввод меню в программу Iiko совместно с бухгалтерией. Работа с кассой, открытие и закрытие смен, ответственность за денежные средства. Проведение инвентаризаций продуктов, контроль заказов со склада. Приготовление напитков, участие в работе на кассе в смену. Управление командой, соблюдение стандартов и качества обслуживания на смене.  Ключевые показатели эффективности:  Подготовка кофейни к открытию в установленные сроки. Создание меню, соответствующего высокому качеству и стандартам премиум сегмента. Обеспечение высокого уровня сервиса без претензий со стороны гостей. Бесперебойная работа кофейни, выполнение плановых финансовых показателей.  Что мы предлагаем:  Работу в престижной компании с уникальной концепцией. Заработная плата 400 000 AMD, регулярные выплаты 1 раз месяц. Возможность развиваться и расти вместе с компанией. Дополнительные бонусы: питание — 1 десерт и 2 напитка. Возможность карьерного роста до должности шеф-бармена в открывающемся ресторане-джелатерии премиум класса.   Что мы ждем от кандидата:  Опыт работы от 5 лет в аналогичной должности в премиум сегменте HoReCa. Опыт открытия проектов и составления меню с нуля. Управление персоналом, тренерские навыки, способность обучать. Самодисциплина, способность выстраивать процессы. Высокий уровень стрессоустойчивости. Знание рынка Армении и базы проверенных поставщиков — преимущество. Знание Microsoft Office, Iiko.  Если вы хотите стать частью нашей команды и реализовать свой потенциал в премиум проекте — присылайте свое резюме! Место работы располагается в г. Ереван."
Бариста,https://hh.ru/vacancy/117739455?query=%D0%B1%D0%B0%D1%80%D0%B8%D1%81%D1%82%D0%B0&hhtmFrom=vacancy_search_list,Какая оплата труда?,Не указана,"В нашу кофейню требуется бариста!  Обязанности:  Приготовление напитков по тех. карте; Настройка эспрессо; Умение работать со specialty зерном Поддержание чистоты на рабочем месте; Работа без кассы; Забота о гостях и коллегах.  Требования:  Ответственность, коммуникабельность, пунктуальность, активность, позитив; Грамотная речь, знание и соблюдение стандартов сервиса; Опыт работы от 1 года в specialty сегменте Желание расти и развиваться;  Условия:  Высокий стабильный доход; Оформление строго по ТК РФ; Удобный график 2/2 с 9:30 до 21:30ч; Работа рядом с домом: улица Нагатинская д 5."
Бармен-бариста (ТРК РИГАМОЛЛ),https://hh.ru/vacancy/118138017?query=%D0%B1%D0%B0%D1%80%D0%B8%D1%81%D1%82%D0%B0&hhtmFrom=vacancy_search_list,"от 85 000 ₽ за месяц,  на руки",Не указана,"Joki Joya — это парки развлечений для всей семьи. Сегодня бренд Joki Joya является лидером индустрии детских развлечений в России и состоит из 33 парков в 3 городах: 22 в Москве и МО, 10 в Санкт-Петербурге и 1 в Твери.В ресторан JOKI JOYA в ТРК РИГАМОЛЛ (Новорижское шоссе, 23-й километр, вл2с1, 3 этаж) мы ищем в команду бармена-баристу. * Присутствует бесплатный транспорт от МЦД Павшино, метро Строгино и метро Щукинская; Мы предлагаем:  заработную плату: ставка за смену 3800 руб + % с банкетов + чай; работа в сменном графике: 2/2, 4/3, 5/2; время работы с 9:00 до 22:00; компенсация проезда в размере 200 руб. за смену; выплаты 2 раза в месяц без задержек; бесплатное стафф питание (завтрак, обед и ужин); стильную форму; перспективы карьерного роста до руководящих позиций; весёлые корпоративные мероприятия для сотрудников.  Чем предстоит заниматься:  работать с кассой (у нас удобная и простая система IIKO); приготовлением и отдачей чая, кофе, молочных коктейлей, соков, слабоалкогольных напитков; подготовкой бара ресторана к открытию и закрытию; поддержанием порядка и чистоты на рабочем месте.  От вас мы ждём:  опыт работы обязателен; умение работать в команде; доброжелательность к гостям и коллегам.  Мы ждем именно тебя и хотим, чтобы ты стал частью команды Joki Joya! Можешь написать или позвонить по номеру указанному в вакансии"
Бармен-бариста (ТРК Облака),https://hh.ru/vacancy/118031078?query=%D0%B1%D0%B0%D1%80%D0%B8%D1%81%D1%82%D0%B0&hhtmFrom=vacancy_search_list,Какая оплата труда?,Не указана,"Joki Joya — это парки активного отдыха для всей семьи. Сегодня бренд Joki Joya является лидером индустрии детских развлечений в России и состоит из 33 парков в 3 городах: 22 в Москве и МО, 10 в Санкт-Петербурге и 1 в Твери. В наш дружный и сплочённый коллектив единомышленников Joki Joya в ТРК Облака требуется настоящий профессионал своего дела на позицию бармен-бариста. Мы предлагаем:  Заработная плата: ставка 3.600р за смену + личные чаевые + ежемесячные премии по результатам работы; График работы выходного дня (суббота + воскресенье + праздничные дни); Бесплатное стафф-питание (завтрак, обед и ужин); Фирменную одежду; Возможность дополнительных смен (дополнительный доход);  Чем предстоит заниматься:  Подготовка ресторана к открытию/закрытию, поддержание чистоты на рабочем месте; Принятие заказов, осуществление расчета гостей, соблюдение кассовой дисциплины; Приготовление чая, кофе, молочных коктейлей, соков, розлив слабоалкогольных напитков (пиво, вино).  Мы будем рады видеть Вас на собеседовании, если:  Вы ответственны и стремитесь хорошо выполнять свою работу каждый день; Вы умеете и готовы быть частью большой команды, поддерживать коллег и здоровую атмосферу в команде; Вы внимательны, даже к мелочам; Вы имеете возможность работать по сменному графику.    Присоединившись к нашей команде, Вы станете тем, кто создает наш Парк и делает его с каждым днем все лучше!"
Бариста (Дмитровский парк),https://hh.ru/vacancy/118448288?query=%D0%B1%D0%B0%D1%80%D0%B8%D1%81%D1%82%D0%B0&hhtmFrom=vacancy_search_list,"от 70 000 ₽ за месяц,  на руки",Не указана,"Привет! Мы - сеть уютных и стильных кофеен ""Здрасте"" с разнообразным меню. Наш акцент — это кофе, но важнее кофе для нас люди. Мы уделяем большое внимание команде и ее развитию. Любим то, что делаем и находимся в поисках таких же идейных и активных будущих коллег. Мы находимся в поисках Бариста (с 18 лет) Что тебе предстоит делать:  Работать с гостями по стандартам нашей сети. Не переживай, если опыта нет - всему научим; Готовить вкусные напитки согласно технологическим картам (этому тоже научим); Поддерживать чистоту стойки и витрин; Создавать атмосферу, в которую захочется вернуться снова.  Что мы ждем от тебя:  Готовность учиться, развиваться и получать много новой информации; Любовь к кофе; Грамотность речи; А еще мы dogfriendly-кофейни, поэтому важно отсутствие аллергии на братьев наших меньших)  Что ты получишь, работая с нами:  Достойную зарплату: 280 руб/час до аттестации, после 300 руб/час + личные чаевые; Сменный график работы; Фирменный мерч и бесплатное питание; Обучение и постоянную прокачку знаний; Участие в ежемесячных конкурсах с приятными призами; Скидку 20% на питание по меню и посещение других кофеен; Возможность быстрого карьерного роста (менеджер зала/официанты команды открытия/вакансии в Управляющей компании); Классную корпоративную культуру.  Мы ждем тебя в свою Команду! Данная вакансия подойдет тебе, если ты ищешь: работа в кофейне, бариста, кофе, работа рядом с домом"
"Бариста в кофейню, аэропорт Шереметьево",https://hh.ru/vacancy/118054811?query=%D0%B1%D0%B0%D1%80%D0%B8%D1%81%D1%82%D0%B0&hhtmFrom=vacancy_search_list,"от 80 500 до 90 000 ₽ за месяц,  до вычета налогов",Не указана,"Новый бренд «Лалибела кофе» — современные городские кофейни с ярким характером и ароматным кофе. На базе Costa Coffee, развивает «Росинтер Ресторантс» - крупнейший ресторанный холдинг!   Приглашаем ⭐️ БАРИСТА ⭐️ в наши кофейни:   • Обучение и оплачиваемая стажировка для кандидатов без опыта работы; • График работы обсуждается на собеседовании: смены дневные или ночные (08.00-20.00 и 20.00-08.00); • Стабильная заработная плата: часовая ставка от 300 р/ч.+ чаевые + % от выручки + 20% за ночные смены; • Официальное трудоустройство по ТК РФ; • Бесплатное питание; • Компенсация транспортных расходов на автобусы Аэроэкспресс; • Место работы: аэропорт Шереметьево; • Работа в дружной команде; • Обязательный карьерный рост!      ☕️ Ты классно готовишь напитки!  ❤️ ​​​​​​​ Красиво подаёшь!    ❤️ Угадываешь настроение гостя!  ❤️ Или хочешь этому научиться! ⭐️​​​​​​​​​​​​​​ Присоединяйся к нашей команде!"
Бариста в кулинарную лавку Братья Караваевы,https://hh.ru/vacancy/118624808?query=%D0%B1%D0%B0%D1%80%D0%B8%D1%81%D1%82%D0%B0&hhtmFrom=vacancy_search_list,"до 110 000 ₽ за месяц,  на руки",Не указана,"Кулинарные лавки Братья Караваевы - это сеть современных городских кафе в формате fast casual, являющееся частью экосистемы Нефтьмагистраль. Что мы предлагаем:  График: смены – 8, 9, 10, 12 часов в день Гарантированные выплаты 2 раза в месяц Фиксированная часовая ставка + % от выручки кулинарной лавки Возможность получать дополнительную премию за наставничество Официальное оформление по ТК РФ Работа рядом с домом или учебным заведением Оплата стажировки с 1-ого дня Помощь в оформлении медицинской книжки. Работа в красивом Московском кафе с оригинальным дизайном Обеспечиваем питанием по меню кафе за счет компании, экономия более 10.000 рублей в месяц  С нами можно:  Пройти обучение в школе бариста за счет компании. Мы за качество во всем Получить сертификат государственного образца о повышении квалификации Развиваться и расти внутри компании до руководителя или перейти на офисную должность Участвовать в спортивных и корпоративных мероприятиях компании, быть на драйве  Что делают наши бариста:  Консультируют покупателей по ассортименту напитков и десертов Информируют гостей о действующей системе лояльности Производят расчëт гостей на кассе Работают на рожковой кофемашине Готовят авторские напитки Выкладывают продукцию на витрину  Мы ценим в кандидатах и сотрудниках:  Способность создавать атмосферу уюта. Мы одержимы нашими гостями Вежливость, внимательность и заботу о госте Для нас важно единство команды и результат каждого.  Приведи в компанию друга и получи 10.000 рублей!​​​​​​​"
Бариста-кассир,https://hh.ru/vacancy/117826934?query=%D0%B1%D0%B0%D1%80%D0%B8%D1%81%D1%82%D0%B0&hhtmFrom=vacancy_search_list,"от 75 000 до 95 000 ₽ за месяц,  на руки",Не указана,"Открыта вакансия Бaриста-кaсcиp Уcлoвия paбoты: - Cтaбильная зарплaтa два pаза в месяц;- Доxoд складывaетcя из oклaдa, процeнтa от продaж и прeмии зa oтличную paбoту - Бecплатнoe питаниe и фoрма - Oбучeние в прoцeссе работы - Выход за смену от 3500 рублей, график работы 5/2, 6/1 или иной по договоренности, с 10.00 до 22.00 Обязанности:  Приготовление напитков (кофе, чай, сок), выкладка десертов, мармелада и мороженого; Обслуживание и вежливое общение с гостями; Работа с кассой; Соблюдение правил кассовой дисциплины и санитарных норм общепита;  Требования:  Вежливость и коммуникабельность; Доброжелательность и ответственность; Наличие санитарной книжки (возможно оформление в процессе работы)  Если нет опыта, то мы с радостью всему обучим.Ждем Вас в нашу команду!"
Бариста в сеть кофеен Baggins Coffee (м. Лианозово),https://hh.ru/vacancy/118196566?query=%D0%B1%D0%B0%D1%80%D0%B8%D1%81%D1%82%D0%B0&hhtmFrom=vacancy_search_list,"от 63 000 до 75 000 ₽ за месяц,  на руки",Не указана,"Мы - крупнейшая сеть кофеен Северо-Запада Baggins Coffee - ищем бариста в новую кофейню в Москве!Мы-лидеры рынка кофеен в Санкт-Петербурге, движемся к цели в 500 точек по России. И ты можешь достичь её с нами! Мы приглашаем тебя в динамично развивающуюся компанию Baggins Coffee! Наши бариста - это сердце кофейни! Присоединяйся к нашей команде и делись любовью к кофе с гостями!   Что предстоит делать:  Готовить самый вкусный кофе по нашим стандартам Создавать доброжелательную атмосферу Поддерживать чистоту в кофейне Работа с кассой и продажами  Мы предлагаем тебе:  Сменный график работы: 2/2 Ставка 250 - 270 руб./час + % от продаж + премия Медицинская книжка и форма за наш счет! Компенсация питания или дороги Оплачиваемая стажировка Реальный карьерный рост до наставника, тренера-бариста или управляющего кофейни Оформление по ТК Мы обучим тебя всем тонкостям и секретам работы с кофе Развитие: регулярные бесплатные мастер-классы, тренинги, конкурсы (недавно мы провели чемпионат бариста!) Скидки до 50% на продукцию компании  Будет здорово, если у тебя был опыт работы в одной из компаний: Шоколадница, Surf Coffee, Bodro Coffee, Coffeeshop Company, Кофемания Если тебе откликнулось, то мы ждем тебя в нашу команду Baggins Coffee!"
Бариста,https://hh.ru/vacancy/117804560?query=%D0%B1%D0%B0%D1%80%D0%B8%D1%81%D1%82%D0%B0&hhtmFrom=vacancy_search_list,Какая оплата труда?,Не указана,"В связи с расширением штата, в ресторан здорового питания «Латук» требуется бариста. Обязанности: — приготовление напитков согласно технологическим картам; — своевременный заказ продукции на бар; — проведение инветаризаций.  Требования: — Опыт работы 1-3 лет — Действующая мед книжка (если её нет, помогаем оформить) Условия: — Сменный график 2/2, 3/3, с 11:00 до 22:00; — Ставка 3200 - 3500 руб за смену с учётом премии; — Официальное оформление по ТК РФ + соцпакет; — Предоставление питания; — Удобное расположение: метро Таганская"
Бариста,https://hh.ru/vacancy/117986337?query=%D0%B1%D0%B0%D1%80%D0%B8%D1%81%D1%82%D0%B0&hhtmFrom=vacancy_search_list,"от 70 000 до 90 000 ₽ за месяц,  до вычета налогов",Не указана,"Мы – это: Кoфeйныe экcпepты; Coбcтвенный учeбный цeнтp; Быстpо раcтущая сeть кoфеен в РФ и СНГ; Нacтоящая сeмья; Paсcмaтpивaeм кaндидатов бeз опыта, гoтовых к обучению; Тебя ждёт: Качественное обслуживание гостей кофейни. Приготовление напитков по стандартам компании. Поддержание чистоты на рабочем месте. Расчет гостей на кассе. Работа в дружном, молодом коллективе. Если ты: Ответственно относишься к работе. Хочешь развивать кофейную экспертизу. Мы предлагаем: Оформление по ТК РФ; Стабильную заработную плату; Сменный график работы 2/2 Обучение в собственном учебном центре; Перспективу карьерного роста в крупной, федеральной сети кофеен; Мотивацию: премии и бонусы; Стильную корпоративную форму."
Бариста без опыта,https://hh.ru/vacancy/118151828?query=%D0%B1%D0%B0%D1%80%D0%B8%D1%81%D1%82%D0%B0&hhtmFrom=vacancy_search_list,Какая оплата труда?,Не указана,"Мы ищем ярких и энергичных людей, готовых учиться варить лучший кофе в городе! Неважно, есть ли у вас опыт — мы всему научим! Главное, чтобы вам было интересно развиваться и дарить людям хорошее настроение! Тебе предстоит: • ️ Подготовка зала к открытию и закрытию ресторана. • Поддержание чистоты и порядка. • Создание атмосферы в стиле бренда. • ☕️ Приготовление напитков по стандартам компании. • Общение с клиентами и создание позитивного опыта. • Выполнение кассовых операций. Неважно, есть ли у вас опыт — мы всему научим! Главное, чтобы вам было интересно развиваться и дарить людям хорошее настроение! И еще немного важного: • Гарантированные выплаты дважды в месяц. • Возможность карьерного роста. • Официальное трудоустройство. • Корпоративное обучение для повышения квалификации. • ️ Бесплатное питание на рабочем месте. • Медицинская книжка за счет компании. • Лояльное руководство и поддержка коллег.   Давайте вместе создавать атмосферу уюта и радости! ☕️✨ Не упусти шанс стать частью нашей команды! ТРЕБУЕТСЯ СОТРУДНИК: м. ЦСКА - ТЦ Авиапаркм. 1905 года - Центр международной торговли   Приветствуется опыт работы в КФС, Ростикс, Вкусно и точка, Додо Пицца, Папа Джонс, Кофикс (COFIX),Surf Coffee, кофейня One&Double, Coffee Point, даблби, Skuratov, Шоколадница, ВкусВилл кафе, Хлеб насущный, Surf Coffee, Пицца Фабрика, Сабвей (Subwаy) Coffee Like, Бургер Кинг (Вurgеr Кing), Крошка Картошка и другие."
Продавец-бариста,https://hh.ru/vacancy/118134109?query=%D0%B1%D0%B0%D1%80%D0%B8%D1%81%D1%82%D0%B0&hhtmFrom=vacancy_search_list,"от 60 000 до 65 000 ₽ за месяц,  на руки",Не указана,"Кафе ""Рэдимэйд"" Ищет сотрудников и единомышленников в свою команду Продавцов-бариста     Что нужно будет делать: Дарить улыбку и позитив нашим гостям! Помощь в выборе блюд! Выкладка блюд! Поддержание чистоты рабочего места! Контроль и пополнение ассортимента! Приготовление горячих и холодных напитков! У нас вы получаете! Бесплатные завтраки и обеды! Заработная плата 65000 рублей при графике 2/2 по 12 часов. Премии при выполнении минимального плана! Скидку на продукцию которую мы готовим на нашем производстве!   Наши требования просты: Ты любишь общаться и тебе интересна ресторанная сфера. Остальному научим в процессе!"
Бармен/Бариста,https://hh.ru/vacancy/118600444?query=%D0%B1%D0%B0%D1%80%D0%B8%D1%81%D1%82%D0%B0&hhtmFrom=vacancy_search_list,"до 79 000 ₽ за месяц,  на руки",Не указана,"«Кофемания» – неотъемлемая часть московской жизни уже на протяжении 20 лет. Сегодня «Кофемания» насчитывает более 50 ресторанов, собственное производство и несколько гастрономических проектов. Мы ждём тебя в команду лучших в своём деле! Работать в «Кофемании», значит:  Работать в удобном гибком графике и ресторане. Рабочая смена от 8 до 12 ч. Можно совмещать с учебой, а если смена закончится поздно – мы оплатим такси; Заработать на мечту: путешествие, учебу, машину или квартиру? Решать вам. Все расходы на оформление мед. книжки и покупку формы берём на себя; Развивать скиллы интересно. Сотрудники проходят профессиональное обучение у лучших тренеров ресторанной индустрии в России в корпоративной Академии: оборудованные классы и собственная лаборатория вкуса, регулярные дегустации и мастер-классы.  Авторские напитки наших барменов регулярно попадают в меню.  Строить успешную карьеру официально. Стать профессиональным бариста, а потом – менеджером барной стойки и управляющим.  Бариста «Кофемании» ежегодно подтверждают лидерство и мастерство, занимают первые места на престижных соревнованиях.  Быть в центре яркой корпоративной жизни: мастер-классы, беговой клуб и корпоративный кинотеатр в кругу друзей. Профессиональные корпоративные соревнования, где главный приз – путешествие в страну произрастания кофе. Получить крутые бонусы: бесплатное трехразовое питание на работе от профессиональных поваров, скидки в рестораны «Кофемании» от 15 до 30%, а также привилегии от партнёров на изучение английского, массаж, фитнес, салон-красоты, кино и многое другое!  Тебе предстоит:  Научиться готовить самые интересные напитки по технологическим картам. Все напитки из нашего меню – это оригинальные авторские рецепты или вариации классики. Контролировать качество продуктов и соблюдать нормы СанПин.  Получай удовольствие от работы вместе с друзьями: получи 20 000 рублей за каждого приведённого друга!"
Начинающий бариста в сеть ONE & DOUBLE,https://hh.ru/vacancy/109567760?query=%D0%B1%D0%B0%D1%80%D0%B8%D1%81%D1%82%D0%B0&hhtmFrom=vacancy_search_list,"от 60 250 до 99 000 ₽ за месяц,  на руки",Не указана,"Привет! Меня зовут Ольга, я менеджер по персоналу сети кофеен One&Double :)Мы в поисках БАРИСТА! Нам абсолютно неважно есть ли у тебя опыт, или ты хотел бы начать свой путь с нуля, мы рады видеть тебя в своей команде и готовы помочь во всех твоих начинаниях!Что мы предлагаем:  Обучение с нашими крутыми тренинг-менеджерами Подбор точки ближе к дому За смену от 3 750 р. + Бонусы; Повышение оплаты тем, кто с нами долго; Карьерный рост от бариста до управляющего; График работы 2/2, 3/3, 3/1, 4/2, 5/2, 6/1; Оформление по ТК РФ; Выплаты з/п без задержек, 3 раза в месяц; Вкусное питание за счет компании; Медицинская книжка за счет компании;  Что хотели бы в тебе видеть:  Позитивный настрой на работу; Желание обучаться и расти вместе с компанией.  В твои обязанности будет входить:  Прием и выкладка товаров; Поддержание чистоты в кофейне; Помощь гостю при выборе в меню; Приготовление самых вкусных напитков.  Хочешь стать частью нашей команды оставляй отклик, или пиши в TG @adm_082"
Бариста,https://hh.ru/vacancy/118184049?query=%D0%B1%D0%B0%D1%80%D0%B8%D1%81%D1%82%D0%B0&hhtmFrom=vacancy_search_list,"от 80 000 до 110 000 ₽ за месяц,  на руки",Не указана,"Бариста-кассир  в уютную кофейню ""Croissant Atelier""Обязанности:- Коммуникация с гостями на каждом этапе обслуживания;- Обслуживание посетителей согласно стандартам кофейни;- Поддержание чистоты и порядка на рабочем месте.Требования:- Опыт работы официантом/раннером приветствуется;- Знание основ кофейной грамотности и желание развиваться в области кофейного искусства;- Коммуникабельность, ответственность и стремление радовать гостей своими напитками;- Готовность работать в команде и поддерживать приятный атмосферу в кофейне;- Внимание к деталям и умение оперативно реагировать на запросы гостей;- ⁠Работа с кассой;- ⁠Открытие-закрытие рабочей смены.Условия: - Официальное трудоустройство согласно законодательств;- ⁠Работу в центре Москвы, от метро Китай-Город 3 минуты пешком;- ⁠Выплата заработной платы два раза в месяц.- ⁠Бесплатное питание и стильная форма;- Гибкий график работы 2/2, 3/3, 5/2. Оплата почасовая (350 руб. час) и система поощрений;- Приятная атмосфера и возможность профессионального роста.Присоединяйтесь к ""Croissant Atelier"" и вместе создадим атмосферу уюта и вкуса для всех любителей кофе!"
"Бариста ((Москва, Адмирала Лазарева, 2)",https://hh.ru/vacancy/117645249?query=%D0%B1%D0%B0%D1%80%D0%B8%D1%81%D1%82%D0%B0&hhtmFrom=vacancy_search_list,"от 70 000 до 75 000 ₽ за месяц,  до вычета налогов",Не указана,
Бариста,https://hh.ru/vacancy/118526205?query=%D0%B1%D0%B0%D1%80%D0%B8%D1%81%D1%82%D0%B0&hhtmFrom=vacancy_search_list,"от 59 700 до 70 000 ₽ за месяц,  на руки",Не указана,"Доброго денечка! В нашу кофейню Мурритория жизненно нужна очаровательная бариста Адрес: ул. Муравская, 42к1 (метро Пятницкое шоссе) Спешелти формат   ⏳График: 2/2, гибкий   Часы работы: Будни с 08:00 до 21:00 Выходные с 09:00 до 21:00   Мы ждем от тебя: • Обаятельность и харизматичность • Способность излучать не только радиацию, но еще и добро и любовь • Опыт/без опыта • Умение настроить помол • Чистоплотность   С нами ты приобретешь: • Крутой коллектив(мы реально бусинки) • Помощь с кофейной теорией • Стабильные выплаты • Лапочек-гостей   Оплата:⤵️ Ставка - 310 р/час Смена - 4030 р + чаевые ЗП 2 раза в месяц   Присылайте сообщение о себе и фотку ☕️   Всем мур!! ул. Муравская 42к1"
"Бариста в сеть кофеен Груша (ул. Малая Пионерская, 12)",https://hh.ru/vacancy/118443341?query=%D0%B1%D0%B0%D1%80%D0%B8%D1%81%D1%82%D0%B0&hhtmFrom=vacancy_search_list,"от 50 000 до 90 000 ₽ за месяц,  на руки",Не указана,"Вакансия открыта до 28 Марта - успей стать частью крутой и развивающейся команды! Груша- это современная сеть, в которой ты насладишься вкусным кофе и приятной атмосферой, почувствуешь заботливый сервис и яркие эмоции: Груша заряжает!От нас:Гибкий график,составляем на 2 недели вперед - это удобно!;Смены по 7/12 ч, минимум 3 раза в неделю, все пожелания Бариста учитываются;Стажировка и адаптация от 3 дней;Корпоративное питание: 2 или 3 блюда из нашего меню, а также напитки;Суммарная ставка 350₽/час: классный кофе+сервис и премия у тебя в кармане;Официальное оформление после 3 мес. работы;Понятный и быстрый рост в компании: от Младшего Бариста до Лидера кофеен. Наш HR поддерживает тебя на каждом этапе, а команда помогает расти.Для нас важна:Любовь к кофе и щепотка ответственности;Дружелюбие и отвага при работе с людьми;Для Тебя:Премия 3000 ₽ за каждого приведенного друга;Дополнительная скидка 45% на всю продукцию,напитки и зерно;Связаться с нами можно и нужно по любым вопросам. Звони или пиши прямо сейчас — мы ждём Тебя!"
Бариста,https://hh.ru/vacancy/118241958?query=%D0%B1%D0%B0%D1%80%D0%B8%D1%81%D1%82%D0%B0&hhtmFrom=vacancy_search_list,"от 60 000 до 96 000 ₽ за месяц,  на руки",Не указана,"Кофейня в ТЦ,работаем уже 8 лет,хорошая проходимость. График 2/2 либо гибкий( можно неполные смены). В кофейне готовятся авторские напитки на основе кофе и чая, смузи из свежих фруктов, домашние лимонады. Заработная плата за полную смену 3500-5500 р ,в зависимости от стажа работы и продаж заведения. В среднем за 15 смен в месяц от 60 000р. Карьерные рост-повышение до старшего бариста, менеджера, директора и вплоть до совладельца заведения. Сеть активно развивается, в настоящий момент открыто 5 кофеен в городе Москва. Записывайся с нами на встречу и увидимся на баре!"
Бариста в кофейню Special (МЦК Зорге),https://hh.ru/vacancy/118182088?query=%D0%B1%D0%B0%D1%80%D0%B8%D1%81%D1%82%D0%B0&hhtmFrom=vacancy_search_list,"от 85 000 ₽ за месяц,  на руки",Не указана,"Привет, на связи OneSpecial ! Мы ищем именно тебя в нашу сильную, дружественную и уютную компанию, где все наши бариста готовы прийти на помощь друг к другу, поддержать и помочь вырасти до профессионала. Нет опыта работы? Не страшно ! Мы научим тебя варить вкуснейший кофе и дарить людям радость. Что тебя ждет:   В первую очередь это бесплатное профессиональное обучение в нашем учебном центре.   Карьерный рост. С нашими ресурсами и твоими амбициями, сможешь дорасти до наставника и старшего бариста, и даже до управляющего.   Гибкий график работы.   Стабильная заработная плата 2 раза в месяц. Ставка 280р/час + премии   Стильная и удобная форма.   Напитки и еда за наш счёт.   Официальное трудоустройство по ТК РФ.   Компенсация медицинской книжки в полном размере   Полностью оплачиваемая стажировка   А также:   Постоянное профессиональное развитие: кофейные мастер-классы и тренинги;   Возможность участвовать в соревнованиях бариста, придумывать и воплощать в жизнь вкусы для сезонных напитков.   Постоянная связь с командой сети. Тебя не бросят, всегда помогут и ответят на вопросы.     Каким мы видим нашего бариста:   Опыт работы бариста приветствуется, но не обязателен. У нас есть все ресурсы, чтобы сделать тебя профи.   Искренняя открытость к людям, легкость в общении и безусловная любовь к кофе.   Желание расти и развиваться.   Умение работать в команде.   Пунктуальность, честность, ответственность, отзывчивость.   Наличие медицинской книжки (или готовность её сделать).   Что нужно будет делать:   Готовить лучший кофе в городе, согласно стандартам компании.   Общаться с гостями и ориентировать по нашему меню.   Работать с кассой (всему обучим, это не сложно).   Поддерживать чистоту зала и рабочей зоны.   Наши бариста - это сердце кофейни! Если тебе откликаются наши ценности, то добро пожаловать в лучшую команду! Вакансии открыты в разных районах города."
Бариста-кассир,https://hh.ru/vacancy/118655156?query=%D0%B1%D0%B0%D1%80%D0%B8%D1%81%D1%82%D0%B0&hhtmFrom=vacancy_search_list,"от 80 000 ₽ за месяц,  на руки",Не указана,"В небольшое кафе-бар требуется кассир-бариста. Условия:  Заработная плата: от 3.500 руб./смена. Выплаты стабильные, 2 раза в месяц; Премии по результатам работы; Официальное оформление; Корпоративное питание; График работы: 5/2 с 08-00 до 17-00 ч. Суббота, воскресенье, праздничные дни-выходные.  Ваши обязанности:  Знакомить посетителей с ассортиментом и рецептурой реализуемых напитков и продукции; Контроль соблюдения сроков годности и условий хранения продукции; Инвентаризация, раскладка товара на витрине; Приготовление напитков на основе кофе и чая, прохладительных напитков (смузи, лимонады, авторские чаи); Расчетно-кассовые операции; Следить за чистотой барной стойки, посуды, рабочего места и мест хранения напитков и продуктов;  Что мы хотим от вас:  Грамотная русская речь; Коммуникабельность; Соблюдение субординации с посетителями; Знание кассовой дисциплины; Опыт работы на рожковой машине от полугода."
Бариста,https://hh.ru/vacancy/118554939?query=%D0%B1%D0%B0%D1%80%D0%B8%D1%81%D1%82%D0%B0&hhtmFrom=vacancy_search_list,"от 70 000 ₽ за месяц,  на руки",Не указана,"Ищем бариста, который создаст атмосферу уюта и аромата! В нашей кофейне мы стремимся не только к качеству напитков, но и к созданию уникальной атмосферы, где каждый гость чувствует себя как дома. Если вы любите кофе и общение с людьми, то эта вакансия для вас! Условия оплаты:  Конкурентоспособная заработная плата, выплачивается дважды в месяц. Дополнительные бонусы за отличную работу и вклад в развитие кофейни.  График работы:  Рабочие дни: 4/3. Рабочие часы: 12 часов в день. Полная занятость на месте работодателя.  Обязанности:  Приготовление кофе и других напитков по стандартам кофейни. Обслуживание гостей, создание дружелюбной и гостеприимной атмосферы. Поддержание чистоты и порядка на рабочем месте. Работа с кассой эвотора и ведение отчетности по продажам.  Требования:  Опыт работы от 1 до 3 лет в аналогичной должности. Знание основ приготовления кофе и работы с кофемашинами. Коммуникабельность, доброжелательность и умение работать в команде. Ответственность и внимательность к деталям.  Преимущества работы у нас:  Скидки на продукцию кофейни. Бесплатные обеды. Дружный коллектив и возможность профессионального роста Обучение для лучших сотрудников  О компании: Наша кофейня — это место, где каждый может насладиться ароматным кофе и приятной атмосферой. Мы ценим наших сотрудников и создаем все условия для комфортной работы и развития. Присоединяйтесь к нашей команде и станьте частью чего-то особенного!"
Бариста в кофейню Дринкит (м. Давыдково/м. Славянский Бульвар),https://hh.ru/vacancy/118592608?query=%D0%B1%D0%B0%D1%80%D0%B8%D1%81%D1%82%D0%B0&hhtmFrom=vacancy_search_list,"от 53 000 до 63 000 ₽ за месяц,  на руки",Не указана,"Дринкит – часть международной компании DODO Brands, и сейчас у нас уже более 35 кофеен, в том числе в других странах. Мы только в самом начале нашего пути, но планируем построить сеть по всему миру! Мы создаём технологичные кофейни на каждый день с чутким сервисом, качественными авторскими напитками и удобным приложением. Гость легко может настроить всё на свой вкус и сделать заказ по пути в кофейню. А бариста не нужно принимать заказ на кассе, всё происходит через нашу автоматизированную информационную систему. Тебе не нужно специальное образование или опыт: мы всему научим с нуля. Наши условия:   оформление по ТК РФ с первого дня, оплачиваемый отпуск и больничный;   гибкий график, его можно менять каждую неделю, 3-5 смен в неделю;   смены по 6-8 часов, перерыв 30 минут, утренние смены с 7 до 14, вечерние с 14 до 21;   ставка бариста от 300 до360 ₽/час на руки;   скидка команды на еду и напитки в нашем приложении.   А еще мы:   сделаем тебе медицинскую книжку за наш счет;   предоставим удобную форму (футболка, фартук и кепка);   подключим к программе бесплатной психологической поддержки Alter;   прокачаем твою кофейную экспертизу - научим дегустировать черный кофе, разбираться в оттенках вкуса, настраивать кофейное оборудование, варить альтернативу и рисовать латте-арт;   предоставим возможность быстрого развития до позиций тренер-бариста, старший бариста;   будем звать на тренинги, мастер-классы и командные мероприятия в офис;   постараемся подобрать наиболее удобную для тебя кофейню.   Наша команда постоянно растёт и учится новому. Мы обмениваемся объективной обратной связью, идеями и вдохновением в общих чатах и на мероприятиях. С нами ты сможешь вырасти в бариста-профессионала, прокачать навыки в кофе, получить развитие в международной компании и стать частью сплочённой команды!"
Бариста (м.Калужская),https://hh.ru/vacancy/118586814?query=%D0%B1%D0%B0%D1%80%D0%B8%D1%81%D1%82%D0%B0&hhtmFrom=vacancy_search_list,"от 73 000 до 85 000 ₽ за месяц,  на руки",Не указана,"МИЛТИ — это вкусные готовые блюда из свежих продуктов от известных шеф-поваров. Наши торговые точки расположены в Москве и Подмосковье в крупных торговых и бизнес центрах. Мы растем и развиваемся, поэтому ищем в нашу команду бариста, который готов в ближайшее время приступить к работе! Опыт работы нe oбязателeн! Вceму oбучaем! Мы гарантируем Вам:  Стабильную работу с графиком: 5/2; Ставка от 3500р + ежедневный бонус за выполнение плана продаж Оформление по ТК РФ, оплачиваемые больничные и отпуска; Стабильную заработную плату без задержек (2 раза в месяц); Бесплатную стильную и удобную форму для работы; Возможность брать оплачиваемые подработки (по желанию) Подберём удобный район для работы  Чем предстоит заниматься:  Консультировать покупателей по продукции МИЛТИ; Приготовление холодных и горячих напитков; Работать с кассой, заниматься выкладкой товаров; Следить за качеством и контролировать сроки годности продукции; Сдавать отчетность о проделанной работе  От Вас мы ожидаем:  Любовь к людям и умение расположить к себе; Готовность быстро обучаться; Наличие медицинской книжки или готовность её оформить;    Для записи на собеседование – звоните или откликайтесь на вакансию! ​​"
Шеф бариста,https://hh.ru/vacancy/118051965?query=%D0%B1%D0%B0%D1%80%D0%B8%D1%81%D1%82%D0%B0&hhtmFrom=vacancy_search_list,Какая оплата труда?,Не указана,"Обязанности:  Контроль и организация бесперебойной работы кофейных станций; Организация работы Бариста; Обучение и контроль уровня знаний и сервиса команды Бариста; Обеспечение бесперебойной работы сотрудников на кофейных модулях; Участие в открытии новых кофейных модулей; Поддержание концепции бренда; Обеспечение планового обслуживание кофейного оборудования, контроль наличия необходимого инвентаря и продукции для работы Бариста; Участие в инвентаризации, принятие мер по устранению недостатков; Участие в подборе Бариста - проведение собеседований; Разработка и запуск основного меню, сезонного меню напитков, авторские напитки; Контроль соблюдения качества и стандартов; Проведение проработок для сотрудников; Разработка внутренних стандартов, и правил работы.  Требования:  Любовь и интерес к напиткам; Умение самостоятельно принимать решения, эффективно планировать день и ставить цели наперед; Умение быстро и результативно реагировать в форс-мажорных ситуациях; Умение обучать сотрудников и поддерживать их эффективную работу; Мобильность; Успешный опыт работы на аналогичной должности; Опыт в разработке меню напитков и ТТК; Высокая степень ответственности и требовательности к качеству.  Условия:   Официальная зарплата, выплачивается два раза в месяц без задержек;   Уровень заработной платы обсуждается индивидуально с каждым кандидатом;    Оформление согласно ТК РФ с первого рабочего дня."
Бариста в кофейню Дринкит (м. Багратионовская/Парк победы),https://hh.ru/vacancy/117635772?query=%D0%B1%D0%B0%D1%80%D0%B8%D1%81%D1%82%D0%B0&hhtmFrom=vacancy_search_list,"от 50 000 до 60 000 ₽ за месяц,  на руки",Не указана,"Дринкит — это новый быстро развивающийся формат кофеен с искренним сервисом, качественным авторским кофе и удобным приложением, где можно настроить напиток на свой вкус и заказать его заранее. Будем рады видеть в своей команде как опытных бариста, так и людей, только начинающих свой путь в кофейной индустрии. Вам не нужно специальное образование или опыт работы — мы научим всему, что потребуется.Итак, условия для бариста в Дринкит:- На период обучения (2-3 недели) до сертификации ставка 275 ₽/час, по итогу сдачи сертификации ставка бариста 300 ₽/час;- Последующее увеличение ставки 330 ₽/час через 2 месяца, и 360 ₽/час ещё через 3 месяца;- Скидка до 60% на продукцию в корпоративных кофейнях;- Работа 5 смен в неделю;- Смены длятся по 6-8 часов, перерыв 30 минут;- 100% компенсация мед.книжки;- Возможность развития до позиций ""Лидер кофейни"";- Форма за счет работодателя;- Ежемесячные тренинги для развития soft skills;- Наши бариста устроены официально, постоянно учатся новому, получают объективную обратную связь и обмениваются идеями и вдохновением внутри команды.С нами ты сможешь вырасти в профессионального бариста, получить лидерские навыки и стать частью крутой сплочённой команды!"
Бариста/Официант (м.Крылатское),https://hh.ru/vacancy/118599140?query=%D0%B1%D0%B0%D1%80%D0%B8%D1%81%D1%82%D0%B0&hhtmFrom=vacancy_search_list,"от 70 000 до 85 000 ₽ за месяц,  на руки",Не указана,"Coздай c нaми свoю кoманду - приводи знакoмых и дpузей ! Пoлучи бoнус к зарплaтe - 25 000 pуб!   Почему мы:  официальное трудоустройство по ТК РФ с первого рабочего дня; «потолок» заработной платы не ограничен (4600/4900 за смену); график работы сменный 3/3,2/2 и 5/2 (дневной и ночной); доплаты за ночные смены, работу в праздничные дни, стаж; корпоративное питание; брендированная форма: стильное поло, жилетка, бейджик; оформление медицинской книжки за счет компании; возможность быстрого карьерного роста до старшего бармена/бармена-наставника/менеджера кафетерия.    Опыт необязателен: ваша карьера в компании «Азбука вкуса» начнётся с обучения в бесплатной Академии Бариста и стажировки под руководством опытных наставников, где вы научитесь различать сорта кофе, изучите Латте-арт и многое другое.   Что предстоит делать:  приготовление напитков (молочные коктейли, кофе, смузи); консультирование по меню; продажа продукции на витрине; расчет на кассе; обслуживание столиков (их немного от 3 до 7, в обслуживание входит только уборка посуды после гостей. На точках есть посудомойки).      Интересно живём:  скидку на собственную линейку продуктов 30%; расширенный доступ к библиотеке «МИФ» и порталу BestBenefits (а это: скидки от партнеров на спорт и отдых, развлечения и многое другое); бесплатные консультации юристов, психологов и нутрициологов; посещение увлекательных экскурсий и дегустаций на производствах и другие корпоративные мероприятия; корпоративный спорт: у нас свои команды по бегу (участвуем в московском марафоне и не только!), футболу, хоккею, тэг-регби и йоге; классный мерч за активность; для детей сотрудников: участие в творческих конкурсах, кулинарных мастер-классах, новогодние подарки; материальная помощь в экстренных ситуациях.    Уважаемые соискатели, благодарим за интерес к «Азбуке вкуса». В случае принятия положительного решения по вашей кандидатуре вернёмся с обратной связью в течение одного рабочего дня."
Бариста в кофейню,https://hh.ru/vacancy/118572789?query=%D0%B1%D0%B0%D1%80%D0%B8%D1%81%D1%82%D0%B0&hhtmFrom=vacancy_search_list,"от 60 000 до 100 000 ₽ за месяц,  на руки",Не указана,"Современная, стильная кофейня hörn17 в ЖК Скандинавия приглашает бариста. Обязанности:  Приготовление напитков по ТК, работа с кассой, поддержание чистоты рабочей зоны, контроль качества сырья, заготовок, соблюдение СанПиН, ХАССП, инвентаризация В целом контроль работы бара  Требования:  Опыт работы от 6 мес. Наличие медкнижки или готовность оперативно ее оформить. Порядочность, доброжелательность, общительность, работа в команде  Условия:  350 р. в час (на время стажировки 300р/час). Смены - будни с 7.30 до 21.30ч, сб, вс, праздники с 8.30 до 21.30ч. Составим удобный график. Возможен приход/уход позже/раньше по договоренности. Стабильные выплаты еженедельно. Бесплатное питание и напитки, скидки на меню. Небольшой коллектив, работа в уютной, стильной кофейне в здоровой рабочей атмосфере."
Бариста в Правда кофе (м. Полянка),https://hh.ru/vacancy/117625531?query=%D0%B1%D0%B0%D1%80%D0%B8%D1%81%D1%82%D0%B0&hhtmFrom=vacancy_search_list,"от 70 000 до 80 000 ₽ за месяц,  на руки",Не указана,"Правда Кофе – это амбициозная сеть кофеен с собственным производством, лидирующая на рынке более 13 лет. Наше зерно относится к высшей категории по шкале оценки SCA. Компания стремительно масштабируется, в сети сейчас 150 кофеен, успешно развивающихся в Москве и в Санкт-Петербурге. В команде Правда Кофе работают звёздные тренера – чемпионы России и мира в сфере кофе. Работа в Правда Кофе — это✅Бесплатное обучение с гарантией трудоустройства✅Удобная локация работы✅Возможность стать наставником и повысить грейд✅Навыки профи бариста и операционного менеджмента✅Свобода самовыражения✅Участие в чемпионатах с материальным поощрением✅Возможность открыть своё дело: путь от бариста до предпринимателя Мы предлагаем: - заработную плату ставка 295 руб - 340 руб/ч - график работы: 2/2; 5/2 (смены по 8 -12 часов)- бесплатные комплексные обеды для сотрудников- удобное месторасположение кофейни ,в шаговой доступности от метро- бесплатное обучение в собственной Школе Бариста Coffee Workshop- оплата медицинской книжки- бесплатная униформа- материальное поощрение за участие в чемпионатах и внутренних конкурсах- премии по итогам года- премия ""Приведи друга"" 10000 руб. Вам необходимо будет: - Создавать позитивную атмосферу в кофейне; - Предоставлять гостям высокий уровень сервиса и быстрое обслуживание; - Качественно готовить кофе и другие напитки по технологии; - Внимательно и аккуратно работать с кассой; - Поддерживать чистоту и порядок в кофейне; Вакансии открыты в разных локациях Москвы, мы подберём наиболее удобную для вас по расположению и графику кофейню индивидуально. Сейчас открыты вакансии на: м. ВДНХ, м. Менделеевская/Новослободская, м. Ботанический сад, м. Площадь Ильича, м. Маяковская, м. Бауманская, м. Румянцево, м. Деловой центр, м. Динамо, м. Кутузовская, м. Парк Культуры, м. Дмитровская, м. Черкизовская, м. Савеловская/Белорусская, м. Электрозаводская. Для записи на собеседование откликайтесь на вакансию или пишите TG @CentrPodboraPravda Хорошего дня! * Приветствуется, но не обязателен опыт в компаниях: Cinnabon, ВкусВилл, Stars coffee, Coffee Point, КуллКлевер, Дабл Би, Лавка братьев Караваевых, Шоколадница, Брусника, Тchibo, Кофемания, Бодрый день, Cofix, One&Double, Гурманика, Перекрёсток, One Price Coffee, Skuratov Coffee, Кофе хауз, Буханка, Coffee Like, Глобус, Coffee Way на вакансиях: бариста, бармен, официант, помощник бармена, кассир, пекарь, продавец, кассир и других"
Бариста,https://hh.ru/vacancy/117908509?query=%D0%B1%D0%B0%D1%80%D0%B8%D1%81%D1%82%D0%B0&hhtmFrom=vacancy_search_list,"до 100 000 ₽ за месяц,  на руки",Не указана,"«Здрасте» - мы сеть кафе с разнообразным меню, где каждый найдёт что-то для себя. Наш акцент — это кофе, но важнее кофе для нас люди. Мы уделяем большое внимание команде и перспективам роста. Любим то, что делаем и в поисках таких же идейных к нам.Рассматриваем кандидатов с опытом работы от 1 года Тебе предстоит:- Подготавливать кафе к приему гостей;- Готовить напитки (авторский кофе, чаи, лимонады, смузи, свежевыжатые соки и т.д.);- Работать за кассой;- Консультировать гостей по меню, помогать с выбором.Условия:- График: 5/2 по 12часов. ( на выбор плавающий или нармированный) - Бесплатное питание;- Бесплатная форма;- Бесплатное обучение;- Оплачиваемая стажировка."
Бариста в Rebellion Clubhouse,https://hh.ru/vacancy/118470330?query=%D0%B1%D0%B0%D1%80%D0%B8%D1%81%D1%82%D0%B0&hhtmFrom=vacancy_search_list,"от 82 000 до 92 000 ₽ за месяц,  на руки",Не указана,"Rébellion – лайфстайл бренд, вдохновленный бунтарским духом уличной свободы, где спорт и творчество переплетается в единый неразрывный организм. Наша страсть и увлечение находится на границе уличного спорта и порыва чистого творчества. Мы чтим дух любителей, стремящихся к личному совершенству и все проявления творческой энергии, которая способна изменить этот мир к лучшему. Велоспорт, бег, уличный баскетбол, скейтбординг, дворовый футбол, бмх и любой другой объединяющий людей спорт, уличное искусство, граффити, дизайн, музыка и общение – то, что дает нам энергию развиваться и черпать вдохновение. Большую роль в проекте играет кофе. Мы профессионально и трепетно подходим к подбору зерна, обжариваем его сами и каждый день готовим кофе класса specialty. В свою команду ищем таких же открытых и увлеченных людей для достижения высоких результатов! Обязанности:  Приготовление кофейных напитков Приготовление алкогольных напитков Поддержание чистоты рабочего места Работа с кассой Принятие поставок Заполнение бланков заказа  Требования:  Желание работать и развиваться вместе с командой Стрессоустойчивость Отличные коммуникативные навыки Аккуратность в работе обязательна Наличие медицинской книжки Опыт работы от 1 года  Условия:  Стажировка 250р/час После сдачи аттестации 350 р /час 4200 смена Бесплатное питание и напитки График по договоренности, 3/3 , 3/2 , 2/2 Оплачиваемый отпуск Премии за выполнение плана  Мы организуем выездные мероприятия по бегу и вело заездам, выезжаем загород и не много работаем и много отдыхаем . А еще у всех наших сотрудников есть возможность заниматься бегом с тренерами в нашем беговом клубе совершенно бесплатно. Мы ждём тебя в нашу команду профессионалов!Не забудьте отправить нам свое резюме и стать частью нашей команды!"
Бариста в Rebellion Clubhouse,https://hh.ru/vacancy/118470330?query=%D0%B1%D0%B0%D1%80%D0%B8%D1%81%D1%82%D0%B0&hhtmFrom=vacancy_search_list,"от 82 000 до 92 000 ₽ за месяц,  на руки",Не указана,"Rébellion – лайфстайл бренд, вдохновленный бунтарским духом уличной свободы, где спорт и творчество переплетается в единый неразрывный организм. Наша страсть и увлечение находится на границе уличного спорта и порыва чистого творчества. Мы чтим дух любителей, стремящихся к личному совершенству и все проявления творческой энергии, которая способна изменить этот мир к лучшему. Велоспорт, бег, уличный баскетбол, скейтбординг, дворовый футбол, бмх и любой другой объединяющий людей спорт, уличное искусство, граффити, дизайн, музыка и общение – то, что дает нам энергию развиваться и черпать вдохновение. Большую роль в проекте играет кофе. Мы профессионально и трепетно подходим к подбору зерна, обжариваем его сами и каждый день готовим кофе класса specialty. В свою команду ищем таких же открытых и увлеченных людей для достижения высоких результатов! Обязанности:  Приготовление кофейных напитков Приготовление алкогольных напитков Поддержание чистоты рабочего места Работа с кассой Принятие поставок Заполнение бланков заказа  Требования:  Желание работать и развиваться вместе с командой Стрессоустойчивость Отличные коммуникативные навыки Аккуратность в работе обязательна Наличие медицинской книжки Опыт работы от 1 года  Условия:  Стажировка 250р/час После сдачи аттестации 350 р /час 4200 смена Бесплатное питание и напитки График по договоренности, 3/3 , 3/2 , 2/2 Оплачиваемый отпуск Премии за выполнение плана  Мы организуем выездные мероприятия по бегу и вело заездам, выезжаем загород и не много работаем и много отдыхаем . А еще у всех наших сотрудников есть возможность заниматься бегом с тренерами в нашем беговом клубе совершенно бесплатно. Мы ждём тебя в нашу команду профессионалов!Не забудьте отправить нам свое резюме и стать частью нашей команды!"
Старший бариста,https://hh.ru/vacancy/118055297?query=%D0%B1%D0%B0%D1%80%D0%B8%D1%81%D1%82%D0%B0&hhtmFrom=vacancy_search_list,"от 70 000 ₽ за месяц,  на руки",Не указана,"Кофейня ""Варим кофе"" — это место, где каждый гость может насладиться атмосферой уюта и тепла, а также попробовать отборный кофе и десерты, приготовленные с душой. Мы стремимся создать идеальное место для общения, отдыха и вдохновения на каждый день. Мы ищем приветливого и отзывчивого бариста к нам в команду! Если Вы трудолюбивы, доброжелательны, готовы учиться новому, и Вас влечет мир кофе, то мы будем рады принять Вас в свою команду!   Мы ждем от Вас:  Приготовление кофейных и чайных напитков; Поддержание чистоты в зале и на рабочем месте; Создние уютной и дружелюбной атмосферы; Желание саморазвиваться и повышать свою квалификацию в кофейной сфере.    Требования:  Опыт работы бариста в спешелти кофейне от 2 лет; Владение латте-арт; Стремление к саморазвитию и повышению квалификации в области кофейного дела.    Мы предлагаем Вам:  Работу в уютной кофейне по адресу: Рублёвское шоссе, 101, м. Молодежная; Ставка 400 руб/час; Полная занятость, график 2/2 (8/9-21); Бесплатные еда и напитки во время смены; Работа в молодой и дружной команде с общением без лишних формальностей!)    Наши отличительные черты:  прозрачность работы - мы открыты в плане цифр, планов и мыслей с каждым членом организации перспективы карьерного роста на 5 и более лет (Вы сможете стать шеф-бариста сети или точки; управляющий 3-5 точками; тренером нашей будущей школ; партнер в новой точке)"
Бариста (бармен)-стажер,https://hh.ru/vacancy/85266453?query=%D0%B1%D0%B0%D1%80%D0%B8%D1%81%D1%82%D0%B0&hhtmFrom=vacancy_search_list,"от 55 000 до 85 000 ₽ за месяц,  на руки",Не указана,"Группа компаний ""Шоколадница"" ищет крутых БАРИСТА! Если ты энергичный, позитивный и любишь кофе, у нас есть для тебя отличная новость — мы предоставляем бесплатное обучение и возможность стать частью кофейного гиганта в России и СНГ! Что мы тебе предлагаем: Стабильную работу в компании с отличной репутацией.Мы гарантируем работу по удобному графику.Официальное трудоустройство по Трудовому Кодексу РФ.Бесплатное питание и стильная форма.Никаких штрафов — только поддержка!Шикарный тим.Мы поможем выбрать удобное месторасположение кофейни.Возможность развиваться и прокачивать свои навыки. Что ты будешь делать: Консультировать наших гостей по меню.Принимать поставки.Создавать атмосферу и обеспечивать высокий уровень сервиса.Готовить вкуснейшие напитки на современном оборудовании. Что мы ждем от тебя: Страсть к кофе и желание делиться этим с другими.Желание радовать гостей и создавать позитивную атмосферу.Умение работать в команде.Не переживай, опыт не обязателен — мы сами введем тебя в мир кофе! Как попасть на собеседование?Откликнуться тут и обязательно в сопроводительном письме указать действующий номер whatsapp. До встречи! "
Бариста (кофейня в БЦ/м. Маяковская),https://hh.ru/vacancy/117928468?query=%D0%B1%D0%B0%D1%80%D0%B8%D1%81%D1%82%D0%B0&hhtmFrom=vacancy_search_list,"от 70 000 ₽ за месяц,  на руки",Не указана,"Кофейня в БЦ на 2-й Брестской (м. Маяковская )ищет в команду Бариста-кассира!   Обязанности:  Приготовление горячих напитков; Продажа десертов, работа с кассовым аппаратом.    Требования:  Опыт работы от 6 мес (рожковая кофемашина); Доброжелательность.    Условия:  Официальное трудоустройство и полностью ""белая"" зарплата; Оплата 3 000 руб / смена + процент от продаж ; График 5/2 с 7:00 до 18:00."
Администратор- бариста,https://hh.ru/vacancy/118307223?query=%D0%B1%D0%B0%D1%80%D0%B8%D1%81%D1%82%D0%B0&hhtmFrom=vacancy_search_list,"от 80 000 ₽ за месяц,  на руки",Не указана,"FRENCHKISS - сеть уютных шоколадных бутиков с камерной атмосферой. Наша компания самостоятельно производит и продает премиальный шоколад, кондитерские изделия и конфеты ручной работы. FRENCHKISS - это всегда свежий шоколад, натуральные ингредиенты, изысканный ассортимент, оригинальная упаковка и красочное оформление. В нашей компании открыта вакансия бариста-продавец. Обязанности:  Консультирование покупателей, помощь в выборе товара в бутике Frenchkiss в ,м.Войковская ТЦ Метрополис Приготовление и продажа кофе, Качественное обслуживание покупателей. Знание ассортимента компании. Работа на кассе и в торговом зале. Соблюдение стандартов работы компании. Ведение отчетности.  Требования:   Мы хотим видеть коммуникабельных, целеустремленных и ответственных людей, желающих развиваться и готовых работать в команде. Опыт работы в аналогичной должности от 0,5 года, Опыт работы с профессиональной рожковой машиной желателен. Внимательное отношение к нашим гостям. Коммуникабельность и трудолюбие. Желание работать, зарабатывать и развиваться вместе с компанией. Опыт работы в кофейнях в должности бариста является преимуществом. Наличие действительной мед. книжки является преимуществом Карьерный рост  Условия:  Девиз наших сотрудников, лучшая награда за нашу работу – улыбки довольных покупателей! Мы предлагаем стабильную работу в динамично развивающейся компании. Заработная плата: оклад от 400 руб в час + % от продаж График работы 2/2, возможно гибкий график. Рассмотрим сотрудников на подработку Оформление по ТК РФ. Сладкие скидки на продукцию компании. Активные вакансии: м. Войковская, м. Котельники  Офис находится м.Зюзино, ул Зюзинская д6, к2"
Бармен/Бариста/Барледи (рестораны аэропорта Шереметьево),https://hh.ru/vacancy/117737775?query=%D0%B1%D0%B0%D1%80%D0%B8%D1%81%D1%82%D0%B0&hhtmFrom=vacancy_search_list,"до 120 000 ₽ за месяц,  до вычета налогов",Не указана,"Бармен/Бариста/Барледи: рестораны аэропорта Шереметьево   Приготовление и подача напитков согласно меню Поддержание чистоты и порядка за барной стойкой Управление запасами и контроль наличия ингредиентов Обучение новых сотрудников Контроль поставок Развитие барной карты Участие в создании новых коктейлей и акций Участие в сетевых конкурсах и барных фестивалях        Kонтaктный бap Обcлуживaниe зaлa рестoрана чeрeз Oфициaнтa Гостевoй поток круглocутoчный Интeреcные гости, Инoстранные гости, хорошие чаевые Часовая ставка есть Чаевые зала есть Чаевые бара только Ваши/день в день        ❤️ Творчество разрешено ❤️ Авторские рецепты приветствуются ❤️ Дружественная атмосфера"
Бариста (м. ботанический сад),https://hh.ru/vacancy/118350086?query=%D0%B1%D0%B0%D1%80%D0%B8%D1%81%D1%82%D0%B0&hhtmFrom=vacancy_search_list,"от 80 000 ₽ за месяц,  на руки",Не указана,"“Coffee Bean” первое гостеприимное кофейное пространство, которое создает каждый, кто здесь работает, и эта культура развита с 1996 года. У нас своя Школа Бариста и Лаборатория Гостеприимства, где обучают всех - бариста, менеджеров, руководителей, стюардов. Наши выпускники - профессионалы своего дела. Также члены команды Coffee Bean в своей работе придерживаются высоких стандартов международной ассоциации specialty кофе SCA. Бариста Coffee Bean:  Много искренне общается с гостями; Готовит самый вкусный кофе; Оформляет витрину; Работает с кассой; Рассказывает о наших десертах и сэндвичах, является амбассадором вкуса; Интегрируется в кофейную культуру в лучшей в России Школе Бариста и совершенствует свои soft skills в нашей Лаборатории Гостеприимства.  Что ждет тебя в Coffee Bean:  Официальное трудоустройство; Гибкий график работы: 5/2 с плавающими выходными по 8 часов. Ставка 325 руб/час на время стажировки, далее 400 руб/час, а так же щедрые электронные чаевые; Корпоративные скидки на десерты 50%, а также базовые кофейные напитки без оплаты; Поддерживающая система адаптации; Возможность прозрачного карьерного роста; Корпоративный коуч, который помогает достичь цели, как рабочей, так и личной; Корпоративные скидки до 60% на обучающей платформе Lerna после сдачи двух аттестаций; Самое главное – ты здесь можешь быть самим собой!  Рады видеть единомышленников в нашем пространстве!"
Бариста/официант,https://hh.ru/vacancy/118240750?query=%D0%B1%D0%B0%D1%80%D0%B8%D1%81%D1%82%D0%B0&hhtmFrom=vacancy_search_list,"от 60 000 до 125 000 ₽ за месяц,  на руки",Не указана,"В связи с запуском нового проекта ""Кофе и вино"" ищем талантливого бариста в уютную и стильную винотеку в Испанских кварталах. Обязанности:   Приготовление кофе и горячих напитков по ТТК  Приготовление холодны напитков Консультирование по ассортименту Кофе (зерна) Отслеживание сроков годности  Требования:   Опрятный внешний вид  Коммуникабельность  Желание и умение работать в команде   Любить кофе и вино)   Условия:  Ставка: 300-400 (индивидуально обсуждается на собеседовании) % от оборота или доплата за знание ассортимента бутика Стабильные чаевые График: 2/2, 5/2 (обсуждаем и другие варианты) Смена: с 8:00 до 20:00, с 8:00 до 18:00 (обсуждаем и другие варианты)  Дополнительные возможности заработка и развития :  Обжарка кофе Консультирование гостей по вину и другим алк. товарам (обучаем) Возможность работать на двух локациях. Также мы в поисках бариста на новую точку в ТРЦ ""Avenue Southwest"" (м.Юго-западная)    Оставляйте свой отклик и мы обязательно с вами свяжемся!"
"Бариста ((Москва, Новокосинская, 14)",https://hh.ru/vacancy/117977224?query=%D0%B1%D0%B0%D1%80%D0%B8%D1%81%D1%82%D0%B0&hhtmFrom=vacancy_search_list,"от 70 000 до 75 000 ₽ за месяц,  до вычета налогов",Не указана,
Бариста-кассир,https://hh.ru/vacancy/118580728?query=%D0%B1%D0%B0%D1%80%D0%B8%D1%81%D1%82%D0%B0&hhtmFrom=vacancy_search_list,"от 65 100 до 70 000 ₽ за месяц,  на руки",Не указана,"В пекарню в районе ЖК Скандинавия ищем бариста-кассира (м Потапово / м Новомосковская)Условия-График работы: с 08.00 по 22.00Смена с 08.00-22.00 (график обсуждается);Мы предлагаем 5/2 по 7 часов с 15.00-22.00и в воскресенье с 08-22.00, можно выбрать только будни или только выходные.Так же мы готовы рассматривать график 2/2 на полные смены.Заработная плата 300₽ в час (при выполнении плана 350₽ и 400₽ час).Питание;Скидки компании;Отличный коллектив.Обязанности:Обслуживание гостей;приготовление напитков : кофе, чай, лимонады, молочных коктейлей и мороженного;прием товара;поддержание чистоты на рабочем месте.Требования:Умение и желание разговаривать с посетителями;Общительность, внимательность, ответственность, позитивный настрой;Наличие медицинской книжки или готовность её оформить"
"Бариста в кафе ""Кулинарная лавка Братьев Караваевых""",https://hh.ru/vacancy/118548526?query=%D0%B1%D0%B0%D1%80%D0%B8%D1%81%D1%82%D0%B0&hhtmFrom=vacancy_search_list,"до 110 000 ₽ за месяц,  на руки",Не указана,"Кулинарные лавки Братья Караваевы - это сеть современных городских кафе в формате fast casual, являющееся частью экосистемы Нефтьмагистраль. Что мы предлагаем:  График: смены – 8, 9, 10, 12 часов в день Гарантированные выплаты 2 раза в месяц Фиксированная часовая ставка + % от выручки кулинарной лавки Возможность получать дополнительную премию за наставничество Официальное оформление по ТК РФ Работа рядом с домом или учебным заведением Оплата стажировки с 1-ого дня Помощь в оформлении медицинской книжки. Работа в красивом Московском кафе с оригинальным дизайном Обеспечиваем питанием по меню кафе за счет компании, экономия более 10.000 рублей в месяц  С нами можно:  Пройти обучение в школе бариста за счет компании. Мы за качество во всем Получить сертификат государственного образца о повышении квалификации Развиваться и расти внутри компании до руководителя или перейти на офисную должность Участвовать в спортивных и корпоративных мероприятиях компании, быть на драйве  Что делают наши бариста:  Консультируют покупателей по ассортименту напитков и десертов Информируют гостей о действующей системе лояльности Производят расчëт гостей на кассе Работают на рожковой кофемашине Готовят авторские напитки Выкладывают продукцию на витрину  Мы ценим в кандидатах и сотрудниках:  Способность создавать атмосферу уюта. Мы одержимы нашими гостями Вежливость, внимательность и заботу о госте Для нас важно единство команды и результат каждого.    Приведи в компанию друга и получи 10.000 рублей!"
Бариста-продавец,https://hh.ru/vacancy/118467157?query=%D0%B1%D0%B0%D1%80%D0%B8%D1%81%D1%82%D0%B0&hhtmFrom=vacancy_search_list,"от 73 000 ₽ за месяц,  на руки",Не указана,"FRENCHKISS - сеть уютных шоколадных бутиков с камерной атмосферой. Наша компания самостоятельно производит и продает премиальный шоколад, кондитерские изделия и конфеты ручной работы. FRENCHKISS - это всегда свежий шоколад, натуральные ингредиенты, изысканный ассортимент, оригинальная упаковка и красочное оформление. В нашей компании открыта вакансия бариста-продавец. Обязанности:  Консультирование покупателей, помощь в выборе товара в бутике Frenchkiss в ,м.Войковская ТЦ Метрополис Приготовление и продажа кофе, Качественное обслуживание покупателей. Знание ассортимента компании. Работа на кассе и в торговом зале. Соблюдение стандартов работы компании. Ведение отчетности.  Требования:   Мы хотим видеть коммуникабельных, целеустремленных и ответственных людей, желающих развиваться и готовых работать в команде. Опыт работы в аналогичной должности от 0,5 года, Опыт работы с профессиональной рожковой машиной желателен. Внимательное отношение к нашим гостям. Коммуникабельность и трудолюбие. Желание работать, зарабатывать и развиваться вместе с компанией. Опыт работы в кофейнях в должности бариста является преимуществом. Наличие действительной мед. книжки является преимуществом Карьерный рост  Условия:  Девиз наших сотрудников, лучшая награда за нашу работу – улыбки довольных покупателей! Мы предлагаем стабильную работу в динамично развивающейся компании. Заработная плата: оклад от 400 руб в час + % от продаж График работы 2/2, возможно гибкий график. Рассмотрим сотрудников на подработку Оформление по ТК РФ. Сладкие скидки на продукцию компании. Активные вакансии: м. Котельники  Офис находится м.Зюзино, ул Зюзинская д6, к2"
Бариста,https://hh.ru/vacancy/117481527?query=%D0%B1%D0%B0%D1%80%D0%B8%D1%81%D1%82%D0%B0&hhtmFrom=vacancy_search_list,"до 91 000 ₽ за месяц,  до вычета налогов",Не указана,"Присоединяйся к нашей дружной команде профессионалов! Рассматриваются кандидаты с опытом и без! Предусмотрено обучение! Обязанности: Приготовление холодных и горячих напитков; Разогрев готовой еды; Обслуживание покупателей на кассе в зоне кафе (помощь на общей кассе при необходимости); Оформление витрин, приём товара, выкладка; Активные продажи, консультирование покупателей. Требования: Можно без опыта; Умение общаться с клиентами; Любовь к приготовлению напитков; Желание работать и развиваться. Условия: Оформление по ТК РФ; Фиксированная ставка + премия + осенняя надбавка ""Повышенный час""; Удобный график работы 2/2, 3/3, 4/2, возможна частичная занятость. Компенсация питания; Скидка на всю продукцию 15%; ДМС до 50%; Ждём твоего отклика!"
Менеджер кофейни (м. Новокузнецкая),https://hh.ru/vacancy/118599664?query=%D0%B1%D0%B0%D1%80%D0%B8%D1%81%D1%82%D0%B0&hhtmFrom=vacancy_search_list,"от 75 000 до 100 000 ₽ за месяц,  на руки",Не указана,"“Coffee Bean” первое гостеприимное кофейное пространство, которое создает каждый, кто здесь работает, и эта культура развита с 1996 года. У нас своя Школа Бариста и Лаборатория Гостеприимства, где обучают всех - бариста, менеджеров, руководителей, стюардов. Наши выпускники - профессионалы своего дела. Также члены команды Coffee Bean в своей работе придерживаются высоких стандартов международной ассоциации specialty кофе SCA. Менеджер Coffee Bean:  Работает с гостями; Готовит самый вкусный кофе; Работает с кассой; Оформляет заказы и ведет документацию; Организовывает и контролирует работу кофейни; Проводит инвентаризацию; Обучает и контролирует работу персонала, мотивирует команду; Занимается маркетингом заведения и работой по улучшению сервиса.  Что ждет тебя в Coffee Bean:   Официальное трудоустройство;   График работы: 4/2;   Корпоративные скидки на десерты 50%, а также базовые кофейные напитки без оплаты;   Поддерживающая система адаптации;   Корпоративный коуч, который помогает достичь цели, как рабочей, так и личной;   Корпоративные скидки до 60% на обучающей платформе Lerna после сдачи двух аттестаций;   Группа осознанного развития, где все руководители занимаются развитием своих лидерских и командных качеств;   Возможность выдвигать свои самые креативные идеи для развития компании и воплощать их в действия;   Достигать цели через работу с командой, улучшая свои навыки руководителя;   Самое главное – ты здесь можешь быть самим собой!   Рады видеть единомышленников в нашем пространстве!"
"Бариста (Москва, Волгоградский, 1)",https://hh.ru/vacancy/118278790?query=%D0%B1%D0%B0%D1%80%D0%B8%D1%81%D1%82%D0%B0&hhtmFrom=vacancy_search_list,"от 55 000 до 75 000 ₽ за месяц,  до вычета налогов",Не указана,
Бариста OnePriceCoffee (ТЦ Ривьера),https://hh.ru/vacancy/118561807?query=%D0%B1%D0%B0%D1%80%D0%B8%D1%81%D1%82%D0%B0&hhtmFrom=vacancy_search_list,"от 55 000 ₽ за месяц,  на руки",Не указана,"Компания OnePriceCoffee быстро развивающаяся сеть кофеен формата ""Coffee to Go"". Каждый месяц мы открываем новые кофейни и ищем таланты в нашу команду) Базовая ставка 240 руб.\ час+бонусыСейчас у нас открыта вакансия ТЦ Ривьера - График 2/2, смена длится 12-14 часов - Рассмотрим кандидатов без опыта - Обучим мастерству бариста, а обучение оплатим!)) - Возможность карьерного роста до старшего бариста, управляющего и ТД. -Оформим или продлим мед.книжку -Корпоративное питание - Официальное трудоустройство - Подбираем ближайшую к вам кофейню) - Дружелюбный и толерантный коллектив Что нужно делать? - Готовить самые вкусные кофейные напитки - Консультировать наших гостей - Придерживаться стандартов обслуживания - Соблюдать чистоту в кофейне Вы нам понравитесь, если у вас есть: - Желание зарабатывать - Желание учиться чему-то новому - Активная жизненная позиция - Умение работать в команде - Любовь к кофе                   "
Бариста,https://hh.ru/vacancy/118455537?query=%D0%B1%D0%B0%D1%80%D0%B8%D1%81%D1%82%D0%B0&hhtmFrom=vacancy_search_list,"от 63 000 ₽ за месяц,  на руки",Не указана,"DLL CLUB- молодой, активно развивающийся премиальный фитнес-клуб. Наша команда- это молодые, амбициозные и заряженные люди, влюблённые в жизнь и спорт. Мы ценим гостей клуба и всегда заботимся о их комфортном прибывании в нашем пространстве, поэтому поддерживаем атмосферу дружественности и открытости.Мы ищем энергичного, заряженного бариста в нашу команду. Обязанности:  Приготовление кофе Приготовление смузи, б/а и протеиновых коктейлей по технологической карте Занесение заказа в базу, без работы с кассой Ведение учёта продуктов и товаров Обслуживание и коммуникация с гостями клуба и бара  Требования:  Опыт работы бариста/барменом от полугода Знание норм и правил этикета и общения с клиентом/потребителем Стрессоустойчивость Клиентоориентированность Опрятный внешний вид Быстрая обучаемость Коммуникабельность  Условия:  График 2/2 с 9:00 до 21:00 Ставка 350р/час Официальное трудоустройство Для сотрудников посещение клуба- бесплатно 1 минута от м. Тульская"
Бариста,https://hh.ru/vacancy/118310214?query=%D0%B1%D0%B0%D1%80%D0%B8%D1%81%D1%82%D0%B0&hhtmFrom=vacancy_search_list,"от 55 000 до 65 000 ₽ за месяц,  на руки",Не указана,"Присоединяйтесь к нашей команде бариста! Если вы любите ароматный кофе и общение с людьми, то эта вакансия для вас! Мы ищем энергичного и дружелюбного бариста, который поможет нам радовать наших гостей вкусными напитками и закусками. Работа в команде, с Вами всегда будет второй человек. Условия оплаты:  Конкурентоспособная заработная плата, выплачивается каждую неделю. Дополнительные премии за отличную работу и вклад в команду.  График работы:  График 5/2. Рабочий день с 10:00 до 20:00. Работа на месте работодателя, в смене 2 человека  Обязанности:  Приготовление классического и авторского кофе по тех. картам. Встреча и обслуживание гостей с улыбкой и вежливостью. Приготовление хот-догов. Поддержание чистоты и порядка на рабочем месте.  Требования:  Опрятный внешний вид и пунктуальность. Вежливость и умение общаться с клиентами. Опыт работы приветствуется, но мы готовы обучить всему необходимому.  Преимущества работы у нас:  Скидки на кофе и еду для персонала. Возможность обучения. Дружный коллектив и поддержка на всех этапах работы. Работа всегда в паре с другим бариста.  О компании: Мы — дружная команда, которая стремится сделать каждый визит наших гостей особенным. Мы ценим качество и внимание к деталям, и ищем тех, кто разделяет наши ценности. Присоединяйтесь к нам и станьте частью нашей дружной команды!"
Бариста в кофейню (м. Войковская/МЦК Коптево),https://hh.ru/vacancy/118602358?query=%D0%B1%D0%B0%D1%80%D0%B8%D1%81%D1%82%D0%B0&hhtmFrom=vacancy_search_list,"от 65 000 до 85 000 ₽ за месяц,  на руки",Не указана,"Тебе нравится работа бариста? В тебе есть желание классно делать свою работу ? Тогда мы рады видеть тебя в своей команде и готовы помочь во всех твоих начинаниях! МЫ ПРЕДЛАГАЕМ:  Официальное оформление с первого рабочего дня, оплачиваемая стажировка; График сменный (2/2, рабочее время с 9:00 до 21:00); Оклад 55.000 ( на руки) + 3% от личных продаж + ежемесячный конкурс «Бариста месяца» Средняя зарплата бариста у нас сейчас больше 65 000 руб/мес, но мы вводим в меню горячие закуски и 3 % сильно вырастут)))  Оплата по зарплатному проекту в ""Сбербанке"" дважды в месяц; Компенсация оформления медицинской книжки; Возможен карьерный рост.  В ТВОИ ОБЯЗАННОСТИ БУДЕТ ВХОДИТЬ:  Прием и выкладка товаров; Поддержание чистоты в кофейне; Помощь гостю при выборе в меню; Приготовление самых вкусных напитков.   Оставь заявку сейчас, пока есть открытая вакансия!   Начни свой путь к успеху уже сегодня!"
"Бариста в кофейню ""Cofix""",https://hh.ru/vacancy/118180552?query=%D0%B1%D0%B0%D1%80%D0%B8%D1%81%D1%82%D0%B0&hhtmFrom=vacancy_search_list,"от 75 000 до 110 000 ₽ за месяц,  на руки",Не указана,"COFIX - ЭТО: ФРАНШИЗА №1 В РОССИИ У нас 31 кофейня в Москве и 1 в Санкт-Петербурге. ЗНАКОВЫЙ БРЕНД К нам каждый день приходят 90 000 гостей, за нами следят 100 000 подписчиков в социальных сетях, а наше приложение установлено у 400 000 человек. Поэтому мы знаем точно — нас любят. ПРОСТАЯ ФИЛОСОФИЯ Мы убеждены, что качественный кофе и перекусы не должны быть роскошью. Поэтому мы стремимся предложить всем нашим гостям еду и напитки по справедливым и фиксированным ценам. Обязанности:  Приготовление напитков по техническим картам с соблюдением рецептур сети; Работа с кассой; Поддержание чистоты в кофейне; Контроль остатков товара в торговом зале и кофейне ,своевременное пополнение его; Работа с покупателями.  Требования:  Инициативность, энтузиазм, дружелюбие; Коммуникабельность - важное качество в работе с гостями и коллегами; Готовность к драйвовому ритму работы в дружном коллективе; Готовность учиться новому и развиваться профессионально.  Условия:  График работы на выбор: 5/2, 2/2, 3/3 и 6/1; Часовая ставка: 250 рублей/час (уже с вычетом) + % от выручки; Обучение с профессиональными тренерами и получение сертификата о прохождении обучения; Удобное месторасположение: выбираем кофейню, которая находится ближе всего к Вашему дому; Молодой и дружелюбный коллектив; Наличие дресс-кода; Все кофейни находятся возле метро. Адрес:м. Савеловская, м. Ленинский проспект, с. Алексеевская, м. Фрунзенская"
Тренер бариста,https://hh.ru/vacancy/117616577?query=%D0%B1%D0%B0%D1%80%D0%B8%D1%81%D1%82%D0%B0&hhtmFrom=vacancy_search_list,Какая оплата труда?,Не указана,"Компания расширяет команду и рассматривает специалистов с основательным и схожим опытом в обучении и развитии персонала. Цель – развивать людей, отличный продукт и компанию в продвижении и продажах. Если Вы: любите людей и свою профессию, энтузиаст своего дела и «играющий тренер», умеете зарядить других, менять и вдохновлять, менять внутренние установки людей, влиять и мотивировать сотрудников и коллег, выстраивать системно свою работу, охватывая обучение в сетевом масштабируемом ритме – будем рады познакомиться! Чем предстоит заниматься: Создание и проведение тренингов, создание обучающих материалов с нуля Активный график проведения тренингов: как индивидуально, так и в командах тренеров Разработка мероприятий по улучшению клиентоориентированности Работа с установками и изменениями, работа с мотивацией и вовлеченностью Составление и внедрение ИПР Разработка и реализация программы стажировки и адаптации Проведение тренингов: - стандарты сервиса, типология клиентов, конфликты - сервис и клиентоориентированность - велком тренинг! Заряжающие вводные материалы - наставничество и полевое обучение - Проведение тренингов по всем этапам -техника продаж - управленческий цикл - «мы общаемся!» и обратная связь - впечатляющий сервис - работа с жалобами и возражениями - обучение по продукту, очные и онлайн тренинги по продукции. Проведение и тестирование, анализ результатов Обучение и управление продажами команды более 100 человек Разработка мотивации линейного персонала Развитие команды полевых тренеров и тренинг-менеджеров (внедрить новый формат обучения) Развитие сервиса и работа над увеличением показателей Развитие 12ти менеджеров розницы: как поднять продажи, управленческий процесс: постановка целей, контроль, обратная связь Целеполагание для сотрудников. Делегирование. Контроль работы полевых тренеров на всех этапах Аналитика показателей, постановка целей, формы достижения целей, отчетность, проведение рекламных акций, анализ обратной связи от клиентов Проверка соответствия качества сервиса совместно с КРО и другими подразделениями Работа с тайными покупателями, инструктаж Проводить обучение, которое заряжает людей! Вводить в практику обучающие игры. В кооперации с маркетингом делать фото и видео съёмки роликов и фото для программ обучения.   Ожидания:  Высшее образование, желательно по специальности: управление персоналом, психология или наличие дополнительного профессионального образования по направлению; Опыт работы в продажах или hr тренинг-менеджером/ менеджером по обучению; Готовность к многозадачности и работе с большими объёмами информации; Ожидаем ответственного, системного и качественного подхода к выполнению задач; Внимательность к дедлайнам, ориентация на результат; Активная жизненная позиция и коммуникабельность.  Условия:  Конкурентноспособная оплата: оклад + премии (обсуждаем на собеседовании с успешными кандидатами); Работа в стабильной и растущей компании, возможность карьерного роста; Белое оформление по ТК РФ; График работы 5/2, с 9:00-18:00, ненормированный подход в проектных задачах; Работа ""в полях"" и в офисе 50% на 50%, офис, цех обжарки, производство и флагманская кофейня удобно расположены рядом с м. Нагорная (пешая доступность); Компенсация проезда при разъездной работе, вкусный кофе за наш счет."
Бариста,https://hh.ru/vacancy/109056036?query=%D0%B1%D0%B0%D1%80%D0%B8%D1%81%D1%82%D0%B0&hhtmFrom=vacancy_search_list,"от 55 000 до 85 000 ₽ за месяц,  на руки",Не указана,"Группа компаний ""Шоколадница"" ищет крутых БАРИСТА! Если ты энергичный, позитивный и любишь кофе, у нас есть для тебя отличная новость — мы предоставляем бесплатное обучение и возможность стать частью кофейного гиганта в России и СНГ!Что мы тебе предлагаем:Стабильную работу в компании с отличной репутацией.Мы гарантируем работу по удобному графику)Официальное трудоустройство по Трудовому Кодексу РФ.Бесплатное питание и стильная форма.Никаких штрафов — только поддержка! Шикарный тим.Мы поможем выбрать удобное месторасположение кофейни.Возможность развиваться и прокачивать свои навыки.Что ты будешь делать:Консультировать наших гостей по меню.Принимать поставки.Создавать атмосферу и обеспечивать высокий уровень сервиса.Готовить вкуснейшие напитки на современном оборудовании.Что мы ждем от тебя:Страсть к кофе и желание делиться этим с другими.Желание радовать гостей и создавать позитивную атмосферу.Умение работать в команде.Не переживай, опыт не обязателен — мы сами введем тебя в мир кофе!Как попасть на собеседование? Откликнуться тут и обязательно в сопроводительном письме указать действующий номер whatsapp. До встречи"
Бариста,https://hh.ru/vacancy/118264473?query=%D0%B1%D0%B0%D1%80%D0%B8%D1%81%D1%82%D0%B0&hhtmFrom=vacancy_search_list,"от 50 000 до 65 000 ₽ за месяц,  на руки",Не указана,"BREW & VIBE - сеть specialty кофеен с атмосферой нескончаемого лета.В связи с предстоящим открытием новой кофейни требуются бариста в наш проект.Обязанности:Открытие / закрытие сменыОбщение и консультация гостей по выбору напитков из кофе, чая и иной продукции представленной в кофейне.Настройка помола и контроль в течение дняПриготовление напитков на основе эспрессо / чая / альтернативаПриготовление авторских напитков согласно технологических картПоддержание чистоты на рабочем местеРабота с кассойКонтроль за остатками продукции, ингредиентов и своевременное приготовление заготовок.Прием поставокВедение ежедневной документацииТребования:Опыт работы*Навыки латте-артНавыки сервисаЖелание развиваться в сфере*Рассматриваем кандидатов без опытаУсловия:График - 2/2 с 10:00 до 22:00З/п - от 300₽ / час + kpiБонусыОфициальное трудоустройствоСтабильные выплаты 2 раза в месяцОплачиваемая стажировка, больничные, отпуска.ОбучениеДружный коллективРазвитие команды (возможность посещения профильных фестивалей, лекций, каппингов)Территориально:м.Беляево / Университет дружбы народов (скоро)м.Коломенская"
Бариста,https://hh.ru/vacancy/118549426?query=%D0%B1%D0%B0%D1%80%D0%B8%D1%81%D1%82%D0%B0&hhtmFrom=vacancy_search_list,"от 50 000 ₽ за месяц,  на руки",Не указана,"Работа в уютных Бизнес ЦентрахНет штрафов, компенсация за оформление медицинских книжек, бонусы и хорошие чаевыеОбязанности:Приготовление кофейных напитков, чая, лимонадов по технологической карте;Работа с кассой;Контроль сроков годности;Прием поставок товаров;Хорошее настроение и улыбка.Требования:Умение общаться с гостями кофейни;Готовность и желание обучаться и развиваться.Условия:Работа на охраняемой территории БЦ;График в будние дни 5/2, 2/2, 3/2 с 8.00 до 18.00;Выходные суббота и воскресенье, праздничные дни;Оплата за смену от 2300+ бонусы+ чаевые;Доброжелательный коллектив"
"Бариста ((Москва, Волжский, 7)",https://hh.ru/vacancy/117694951?query=%D0%B1%D0%B0%D1%80%D0%B8%D1%81%D1%82%D0%B0&hhtmFrom=vacancy_search_list,"от 60 000 до 75 000 ₽ за месяц,  до вычета налогов",Не указана,
Пекарь-бариста,https://hh.ru/vacancy/117551840?query=%D0%B1%D0%B0%D1%80%D0%B8%D1%81%D1%82%D0%B0&hhtmFrom=vacancy_search_list,"от 80 000 до 86 000 ₽ за месяц,  на руки",Не указана,"Приглашаем сотрудников в дружный коллектив ""Буханки""м. Аминьевское/ м. Минсквая/ м. ПоклоннаяПроспект генерала Дорохова д.39 к1Б.Условия:За смену стабильно 3700₽ + хорошие % итого ОТ 5000₽Доплата за транспорт!Обучение и мед книжка за счёт работодателяВыплаты заработной платы два раза в месяц, без задержекОформление по ТК РФ / ГПХОбучение рожковой кофемашинеСкидки на продукцию для сотрудниковБесплатная стильная формаСменный график работОтсутствие штрафовВозможность подработокОбязанности:Выпекать и продавать людям вкусный хлеб и выпечкуПриготовление кофе и напитковПоддержание чистоты и порядка на рабочем местеПроводить инвентаризацииТребования:ОтветственностьДружелюбиеЖелание зарабатывать"
Бариста в кофейню Шоколадница (м. Савёловская),https://hh.ru/vacancy/118364747?query=%D0%B1%D0%B0%D1%80%D0%B8%D1%81%D1%82%D0%B0&hhtmFrom=vacancy_search_list,"от 55 000 до 80 000 ₽ за месяц,  на руки",Не указана,"Группа компаний ""Шоколадница"" ищет крутых БАРИСТА! Если ты энергичный, позитивный и любишь кофе, у нас есть для тебя отличная новость — мы предоставляем бесплатное обучение и возможность стать частью кофейного гиганта в России и СНГ! Что мы тебе предлагаем:  Стабильную работу в компании с отличной репутацией. Мы гарантируем работу по удобному графику. Официальное трудоустройство по Трудовому Кодексу РФ. Бесплатное питание и стильная форма. Никаких штрафов — только поддержка! Шикарный тим. Мы поможем выбрать удобное месторасположение кофейни. Возможность развиваться и прокачивать свои навыки.  Что ты будешь делать:  Консультировать наших гостей по меню. Принимать поставки. Создавать атмосферу и обеспечивать высокий уровень сервиса. Готовить вкуснейшие напитки на современном оборудовании.  Что мы ждем от тебя:  Страсть к кофе и желание делиться этим с другими. Желание радовать гостей и создавать позитивную атмосферу. Умение работать в команде. Не переживай, опыт не обязателен — мы сами введем тебя в мир кофе!  Подберём кофейню, удобную Вам по местоположению! Присоединяйтесь к нашей команде, заряжайте энергией наших гостей и получайте удовольствие от работы вместе с нами!"
Бариста/бармен PIMS,https://hh.ru/vacancy/118312089?query=%D0%B1%D0%B0%D1%80%D0%B8%D1%81%D1%82%D0%B0&hhtmFrom=vacancy_search_list,"от 60 000 до 90 000 ₽ за месяц,  до вычета налогов",Не указана,"Обязанности:   Прием заказов на кассе;   Приготовление напитков на основе чая и кофе (согласно ТТК);   Настройка помола и его контроль в течение смен;   Заготовка напитков до открытия корнера;   Уборка рабочего места после закрытия корнера.   Требования:   Опрятный внешний вид;   Дружелюбность, умение работать с людьми;   Энергичность, работа в активном режиме;   Исполнительность, соблюдение стандартов компании;   Пунктуальность;   Опыт работы в общепите желателен.   Условия:   Оформление по ТК РФ;   Заработная плата 2 раза в месяц;   Гибкий график по согласованию (2/2, 3/3, 4/2, 5/2, 4/3);   Обучение за счет компании (3 дня);   ЗП от 60.000 до 90.000 (зависит от графика) + Бонусы и премии от KPI;   Возможность карьерного роста до менеджера и далее;   Бесплатная фирменная униформа;   Скидка на продукцию;   Большой дружный коллектив."
Бариста-официант,https://hh.ru/vacancy/117801027?query=%D0%B1%D0%B0%D1%80%D0%B8%D1%81%D1%82%D0%B0&hhtmFrom=vacancy_search_list,"от 90 000 до 100 000 ₽ за месяц,  на руки",Не указана,"Ищем в свою команду активных, жизнерадостных сотрудников. Если вы любите общаться с людьми, вас часто называют «душой компании», вы вежливы, остроумны и полны энергии, то смело звоните Опыт важен, но не обязателен, главное желание Территориально: корнеры в центре Москвы Обязанности: • Работа на кассе с гостями заведения • Сборка заказов на доставку • Контроль работы кассы • Приготовление несложных напитков Требования: • Базовые знания устройства кассы • Опыт от 1 года • Медкнижка Условия: • График 5/2 • Индивидуальный график • Бесплатное питание • Выплаты зарплаты 2 раза в месяц без задержек • Смена в среднем 4500 • Выплаты своевременные 2 раза в месяц"
"Бариста ((Москва, Миклухо-Маклая, 37)",https://hh.ru/vacancy/117645490?query=%D0%B1%D0%B0%D1%80%D0%B8%D1%81%D1%82%D0%B0&hhtmFrom=vacancy_search_list,"от 70 000 до 90 000 ₽ за месяц,  до вычета налогов",Не указана,
Бариста-кассир,https://hh.ru/vacancy/118386200?query=%D0%B1%D0%B0%D1%80%D0%B8%D1%81%D1%82%D0%B0&hhtmFrom=vacancy_search_list,"от 75 000 до 90 000 ₽ за месяц,  на руки",Не указана,"В связи с обновлением кафе нам требуется Бариста кассир в ТЦ МЕГА Теплый стан. Условия работы: Гибкий график работы 5/2, 6/1 с 09:30-22:00;  Стабильная зарплата два раза в месяц; Доход складывается из оклада, процента от продаж (2%) и премии за отличную работу; Бесплатное питание, форма; Обучение в процессе работы и наставничество; Выход за смену с % - от 3 600 рублей Обязанности:  Приготовление напитков (кофе, чай, сок), выкладка десертов , мармелада и сервировка мороженого;  Обслуживание и вежливое общение с гостями; Работа с кассой; Соблюдение правил кассовой дисциплины и санитарных норм общепита; Поддержание порядка на рабочем месте Требования:  Вежливость и коммуникабельность;  Доброжелательность и ответственность; Наличие санитарной книжки (возможно оформление в процессе работы) Если нет опыта, то мы с радостью всему обучим.Ждем Вас в нашу команду!"
Бариста в кафе Братья Караваевы,https://hh.ru/vacancy/117913696?query=%D0%B1%D0%B0%D1%80%D0%B8%D1%81%D1%82%D0%B0&hhtmFrom=vacancy_search_list,"до 110 000 ₽ за месяц,  на руки",Не указана,"Кулинарные лавки Братья Караваевы - это сеть современных городских кафе в формате fast casual, являющееся частью экосистемы Нефтьмагистраль. Что мы предлагаем:  График: смены – 8, 9, 10, 12 часов в день Гарантированные выплаты 2 раза в месяц Фиксированная часовая ставка + % от выручки кулинарной лавки Возможность получать дополнительную премию за наставничество Официальное оформление по ТК РФ Работа рядом с домом или учебным заведением Оплата стажировки с 1-ого дня Помощь в оформлении медицинской книжки. Работа в красивом Московском кафе с оригинальным дизайном Обеспечиваем питанием по меню кафе за счет компании, экономия более 10.000 рублей в месяц  С нами можно:  Пройти обучение в школе бариста за счет компании. Мы за качество во всем Получить сертификат государственного образца о повышении квалификации Развиваться и расти внутри компании до руководителя или перейти на офисную должность Участвовать в спортивных и корпоративных мероприятиях компании, быть на драйве  Что делают наши бариста:  Консультируют покупателей по ассортименту напитков и десертов Информируют гостей о действующей системе лояльности Производят расчëт гостей на кассе Работают на рожковой кофемашине Готовят авторские напитки Выкладывают продукцию на витрину  Мы ценим в кандидатах и сотрудниках:  Способность создавать атмосферу уюта. Мы одержимы нашими гостями Вежливость, внимательность и заботу о госте Для нас важно единство команды и результат каждого.  Приведи в компанию друга и получи 10.000 рублей!"
Бариста/Бариста-кассир/Продавец-консультант бездымных систем нагревания/Бариста в кофейню с собой.,https://hh.ru/vacancy/118208143?query=%D0%B1%D0%B0%D1%80%D0%B8%D1%81%D1%82%D0%B0&hhtmFrom=vacancy_search_list,Какая оплата труда?,Не указана,"Компания ""VITACCI&BASCONI"" занимается созданием и оптовыми продажами обуви, сумок и аксессуаров. За нашими плечами более 20 лет успешной работы в Fashion индустрии. Работа в ""VITACCI&BASCONI""-это нечто большее, чем просто работа в торгово-производственной компании. Это возможность стать частью команды профессионалов и прикоснуться к миру моды и красоты. В связи с открытием Кофе-shop, мы ищем в команду энергичного, инициативного и креативного Бариста-кассира/Продавца бездымных систем нагревания, который будет активно участвовать в развитии Кофе-shop компании.   В первую очередь рассматриваются кандидаты с опытом работы Бариста/Бариста-кассира.   Кофе-shop — островок счастья и для наших гостей, и для нас самих. Мы более 20 лет задаём тренды на рынке и ждём тебя в команду лучших в своём деле! «Кофе-shop - уникальный проект с едой, напитками и бездымными системами нагревания от нашей команды в удобном формате и по приятной цене.   Вместе с нами ты можешь: ♥ Работать в гибком графике по 12 ч., который составляется с учётом твоих пожеланий; ♥ Заработать на свою мечту; ♥ Стать частью крутой команды и яркой корпоративной жизни: участвовать в различных мероприятиях, тимбилдингах и др.; ♥ Быть уверенным в завтрашнем дне – у нас оформление по ТК РФ и бонусная система: бесплатное обучение с нуля, стильная и удобная форма, корпоративные скидки; ♥ Развиваться и расти вместе с компанией – 100% команды выросли внутри компании.   Тебе предстоит: ♥ Консультировать гостей по текущему ассортименту кофе-shop; ♥ Знать основы приготовления эспрессо и настройку помола; ♥ Поддерживать ассортимента витрины кофе-shop; ♥ Приготовление и подача кофе, чая, соков по рецептуре кофе-shop; ♥ Консультирование покупателей, работа на кассе; ♥ Работа с ассортиментом, проведение инвентаризации; ♥ Контроль сроков годности товара и актуальности ценников, заказ продукции; ♥ Выкладка товара и поддержание наполненности витрины; ♥ Работа с техникой (кофемашина, блендер, соковыжималка, гриль, ледогенератор); ♥ Поддержание чистоты и порядка в зоне кофе-shop и зоне посадки гостей; ♥ Знание ассортимента и состава товаров; ♥ Предложение новинок и сопутствующего товара, на основе предпочтений покупателя; ♥ Поддержание порядка и чистоты за стойкой в зале.   Мы предлагаем: ♥ Активная жизненная позиция и самое главное – чёткое и структурное выполнение задач; ♥ Не ждать, что направят, а предлагать свои крутые и креативные идеи; ♥ Оформление по ТК РФ; ♥ График 2/2 с 10:00 до 22:00; ♥ З/п: 4000 р смена/выход + чаевые + доплата за переработки(по желанию); ♥ Комфортный ЖК ""RED 7"", м. Красные ворота (5-7 минут пешком), где находится Кофе-shop, развитая инфраструктура (кафе, бары, магазины, зоны отдыха); ♥ Работа в динамично развивающейся компании, в кофейном направлении и продажах бездымных систем нагревания; ♥ Дружный, креативный коллектив и энергичная рабочая атмосфера;   Мы ценим: ♥ Желание развиваться в кофейной сфере; ♥ Гостеприимство и открытость; ♥ Готовность к обучению и командной работе.   ♥ Стань частью самой успешной команды Кофе-shop! ♥"
Бариста,https://hh.ru/vacancy/118202205?query=%D0%B1%D0%B0%D1%80%D0%B8%D1%81%D1%82%D0%B0&hhtmFrom=vacancy_search_list,"от 60 000 ₽ за месяц,  на руки",Не указана,"Coздай c нaми свoю кoманду - приводи знакoмых и дpузей ! Пoлучи бoнус к зарплaтe - 25 000 pуб!   Почему мы:  официальное трудоустройство по ТК РФ с первого рабочего дня; «потолок» заработной платы не ограничен (3400 - 4700 за смену + чаевые); график работы сменный 3/3 и 5/2 (дневной и ночной); доплаты за ночные смены, работу в праздничные дни, стаж; корпоративное питание; брендированная форма: стильное поло, жилетка, бейджик; оформление медицинской книжки за счет компании; возможность быстрого карьерного роста до старшего бармена/бармена-наставника/менеджера кафетерия.    Опыт необязателен: ваша карьера в компании «Азбука вкуса» начнётся с обучения в бесплатной Академии Бариста и стажировки под руководством опытных наставников, где вы научитесь различать сорта кофе, изучите Латте-арт и многое другое.   Что предстоит делать:  приготовление напитков (молочные коктейли, кофе, смузи); консультирование по меню; продажа продукции на витрине; расчет на кассе; обслуживание столиков (их немного от 3 до 7, в обслуживание входит только уборка посуды после гостей. На точках есть посудомойки).      Интересно живём:  скидку на собственную линейку продуктов 30%; расширенный доступ к библиотеке «МИФ» и порталу BestBenefits (а это: скидки от партнеров на спорт и отдых, развлечения и многое другое); бесплатные консультации юристов, психологов и нутрициологов; посещение увлекательных экскурсий и дегустаций на производствах и другие корпоративные мероприятия; корпоративный спорт: у нас свои команды по бегу (участвуем в московском марафоне и не только!), футболу, хоккею, тэг-регби и йоге; классный мерч за активность; для детей сотрудников: участие в творческих конкурсах, кулинарных мастер-классах, новогодние подарки; материальная помощь в экстренных ситуациях.    Уважаемые соискатели, благодарим за интерес к «Азбуке вкуса». В случае принятия положительного решения по вашей кандидатуре вернёмся с обратной связью в течение одного рабочего дня."
Продавец-кассир в кофейню,https://hh.ru/vacancy/117905769?query=%D0%B1%D0%B0%D1%80%D0%B8%D1%81%D1%82%D0%B0&hhtmFrom=vacancy_search_list,"от 80 000 ₽ за месяц,  на руки",Не указана,"CofeFest — это не просто сеть кофеен, это место, где каждый найдет свою атмосферу. Мы создаем вкус и дарим настроение! CofeFest сегодня – это более 150 кофеен различного формата: от уютных кофеен в бизнес-центрах и медицинских учреждениях, до современных заведений с расширенной посадкой. Наши ценности — это основа нашего успеха. Мы уверены, что ответственность, качество, вовлеченность и поддержка помогут создать уникальную среду, где каждый сотрудник чувствует свою значимость. Мы свободны от стереотипов: в нашей команде не важны национальность, пол или годы. Мы постоянно развиваемся, совершенствуемся и поддерживаем стремление сотрудников к развитию и самореализации. Нам абсолютно не важно есть ли у вас опыт, мы будем рады видеть вас в команде COFEFEST! Мы предлагаем: · Официальное трудоустройство по ТК РФ. · График работы 5/2 с 7.00 до 19.00 · Конкурентную заработную плату. Бонусы и % от продаж. · Возможность влиять на свой доход. Дополнительная мотивация. · Бесплатное двухразовое питание и напитки. · Бесплатное обучение и стильная униформа. · Оплачиваемая стажировка. · Возможности профессионального развития и карьерного роста. Наши бариста растут по карьерной лестнице до старших бариста, территориальных управляющих и региональных директоров. · Работа рядом с домом. Удобная транспортная доступность. Все кофейни находятся в Москве, подберем наиболее удобную по расположению. · Дружный, отзывчивый коллектив, готовый оказать поддержку в решении любых вопросов. · А также: профессиональные конкурсы, сладкие подарки и поздравления на праздники, приятные комплименты от Компании. Обязанности: · Качественное приготовление кофе и других напитков по утвержденным рецептурам. · Прием и выкладка продукции. · Активные продажи продукции собственного производства COFEFEST (готовая выпечка, кулинария, кофе и десерты). Работа с кассой (iiko). · Поддержание чистоты и порядка на рабочем месте. · Создание уютной атмосферы гостеприимства и позитивного настроения гостей. Наши пожелания к новому сотруднику: · Позитивный настрой, желание работать, расти и развиваться вместе с нами. · Приветливость, коммуникабельность, ориентация на клиента. · Ответственность, аккуратность, пунктуальность. Присоединяйся к нашей дружной команде и открой для себя новые горизонты! Сделай свое будущее с CofeFest!"
Бариста (м. Коньково),https://hh.ru/vacancy/88544016?query=%D0%B1%D0%B0%D1%80%D0%B8%D1%81%D1%82%D0%B0&hhtmFrom=vacancy_search_list,"от 74 000 до 90 000 ₽ за месяц,  на руки",Не указана,"ВкусВилл - бренд натуральных продуктов для здорового питания с чистым и честным составом. Забота о себе и о будущем в нашем ДНК. Мы делаем полезное вкусным, а еще создаем атмосферу взаимовыручки и человечности и вы можете помочь нам в этом.   Мы развиваемся и растём, поэтому ищем себе в команду бариста.   Что предлагаем:  Официальное оформление и стабильную ""белую"" заработную плату. Возможность работать в комфортной обстановке без штрафов.  Средний доход от 74 000 рублей после вычета налога. Сезонные доплаты. Гибкий график на выбор: 2/2, 3/3, 4/2, 5\2. Премии за трудоустройство друзей в компанию до 30.000 рублей. Кэшбэк 15% бонусами на покупки во ВкусВилл. Компенсацию питания, мед. книжки, фирменной одежды и обучение. Программа «Здоровый сотрудник»: частичная компенсация медицинских услуг, лекарств и занятия спортом. Доплаты за выход на работу в праздничные дни.  Что нужно будет делать:  Приготовление и подача кофе, чая, соков по рецептуре кафе. Консультирование покупателей, работа на кассе. Работа с ассортиментом, проведение инвентаризации. Контроль сроков годности товара и актуальности ценников. Выкладка товара и поддержание наполненности витрины. Работа с техникой (автоматическая кофемашина, блендер, соковыжималка, гриль, ледогенератор). Поддержание чистоты и порядка в зоне кафе и зоне посадки гостей. Знание ассортимента и состава товаров. Предложение новинок и сопутствующего товара на основе предпочтений покупателя.    Мы хотим, чтобы полезные продукты были доступны всем. Становитесь частью команды ВкусВилла и помогайте строить уникальную, полезную и масштабную историю!"
"Бариста в кафе (ТРЦ ""Весна"")",https://hh.ru/vacancy/113267661?query=%D0%B1%D0%B0%D1%80%D0%B8%D1%81%D1%82%D0%B0&hhtmFrom=vacancy_search_list,"от 70 000 ₽ за месяц,  на руки",Не указана,"Сеть кафе STAR HIT CAFE - стабильно развивающийся российский бренд с многолетней историей, основанный на сочетании отличных идей, грамотных управленческих решений и стремлении быть лучшими в своем деле.STAR HIT CAFE в нескольких словах – отличные люди, превосходный кофе и атмосфера.Мы в поисках Бариста, которые любят кофе, атмосферу и общение. Для работы с нами не требуется опыт, мы всему научим!Мы гарантируем:Стабильность и растущий доход.Почасовая ставка 270 р/часЕжемесячная премия 10% при выполнении плана продаж.Пример:После обучения можно выбрать любой график работы, по 4,6, 8 часов, либо:- 5\2 по 13 часов (1 час перерыв): твой доход до премии - 72 000₽ на руки, с премией - 80 000₽ на руки.- 5\2 по 8 часов (30 минут перерыв): твой доход до премии - 45 000₽ на руки, с премией – 50 000₽ на руки. Либо любой другой индивидуальный график с высоким постоянным доходом!     Полное соблюдение ТК РФ. Учебный/ежегодный отпуск, оплачиваемый больничный. Удобный график. Полная/частичная занятость. График выходного дня. Мы готовы предоставить график от 4 часов в день (в любое время) Обучение и развитие. Корпоративное обучение с первого дня, возможность построить карьеру. Развивать свои лидерские качества или мастерство кофеварения. Индивидуальность. У нас нет строгой формы: любимая одежда, макияж, маникюр. Оставайся собой вместе с нами.   Бонусы:    Бесплатные напитки. 30% скидка на продукцию Бренда. 100% компенсация затрат на медицинскую книжку. Чек-ап здоровья с персональной скидкой. 65% скидка на курсы от SKILLBOX Персональная скидка на спортивные абонементы от FITMOST Подарки на день рождения, мерч в честь праздников! Тренинги и развивающие мероприятия. Насыщенная корпоративная жизнь: сезонные корпоративы летом и зимой. Море угощений: дни напитков, сладкие дни, пицца-party!    Тебя ждёт молодая команда профессионалов, в которой легко работать и строить карьеру. Работа бариста - это делать жизнь людей ярче каждый день! Ты будешь готовить кофе, общаться с гостями, создавать теплую атмосферу, работать на кассе, поддерживать чистоту и порядок в кафе.Мы ждем именно тебя. Давай вдохновлять и впечатлять гостей вместе ❤ Наши кафе находятся по адресам: м. Кузнецкий Мост, улица Кузнецкий Мост, 18/7 строение 1 (от метро 2 минуты пешком) м. Фили, Багратионовский пр. д. 5, ТЦ ""Филион"", фуд-корт, 3 этаж м. Шаболовская, ул. Шаболовка, 31Г ( на пересечении улицы Шаболовка и Конного переулка) м. Деловой центр, Пресненская наб., 2, ТРЦ ""Афимолл"", 1 этаж м. Деловой центр, Пресненская наб., 12, МФК Башня ""Федерация"", 1 этаж м. Семеновская, Семеновская пл, д. 1, ТРЦ «Семеновский», 2 этаж м. Тульская, ул. Большая Тульская, 11, ТДК «Тульский», 1 этаж м. Автозаводская, ул. Автозаводская, д.18, ТРЦ «Ривьера», 3 этаж, атриум м. Павелецкая, Дербеневская 15Б, БЦ «Свежий ветер», 1 этаж м. Юго-Западная, ул. Покрышкина, д.4, ТЦ «Звездочка», 3 этаж м. Юго-Западная, пр. Вернадского, 86А, ТЦ «Авеню», 4 этаж м. Саларьево, 23-й км, Киевское ш., д.1, ТРЦ «Саларис», 2 этаж м. Алтуфьево, Дмитровское шоссе, д.163А, ТРЦ «РИО Дмитровка», 1 этаж м. Алтуфьево, Алтуфьевское шоссе, 1-й километр, владение 3, с.1, ТРЦ «Весна» - 2 кофейни (1,2 этажи) Зеленоград, д.Черная Грязь, Торгово-Промышленная улица, 6 аутлет-центр Fashion House."
Бариста One Price Coffee,https://hh.ru/vacancy/118669047?query=%D0%B1%D0%B0%D1%80%D0%B8%D1%81%D1%82%D0%B0&hhtmFrom=vacancy_search_list,"от 60 000 до 75 000 ₽ за месяц,  на руки",Не указана,"Обязанности:  Приготовление напитков из меню Работа за кассой (приём и выдача заказов) Приём продукции и выставление её на витрину Поддержание чистоты в кофейне  Требования:  Ответственность Пунктуальность Коммуникабельность Стрессоустойчивость Опыт работы барменом или бариста приветствуется  Условия:  Гибкий график, строящийся еженедельно на основе пожеланий бариста Бесплатное питание и напитки Обучение и форма за наш счёт Выплата зп 2 раза в месяц; ежедневные премии"
Начинающий бариста в ONE & DOUBLE,https://hh.ru/vacancy/117801376?query=%D0%B1%D0%B0%D1%80%D0%B8%D1%81%D1%82%D0%B0&hhtmFrom=vacancy_search_list,"от 60 250 до 99 000 ₽ за месяц,  на руки",Не указана,"Привет! Меня зовут Эдем, я менеджер по персоналу сети кофеен One&Double :)Мы в поисках БАРИСТА. Нам абсолютно неважно есть ли у тебя опыт, или ты хотел бы начать свой путь с нуля, мы рады видеть тебя в своей команде и готовы помочь во всех твоих начинаниях!Что мы предлагаем:  Обучение с нашими крутыми тренинг-менеджерами Подбор точки ближе к дому За смену от 3 750 р. + Бонусы; Повышение оплаты тем, кто с нами долго; Карьерный рост от бариста до управляющего; График работы 2/2, 3/3, 3/1, 4/2, 5/2, 6/1; Гибкие часы работы Оформление по ТК РФ; Выплаты з/п без задержек, 3 раза в месяц; Вкусное питание за счет компании; Медицинская книжка за счет компании;  Что хотели бы в тебе видеть:  Позитивный настрой на работу; Желание обучаться и расти вместе с компанией.  В твои обязанности будет входить:  Прием и выкладка товаров; Поддержание чистоты в кофейне; Помощь гостю при выборе в меню; Приготовление самых вкусных напитков.  Хочешь стать частью нашей команды оставляй отклик"
Бариста-официант,https://hh.ru/vacancy/117700365?query=%D0%B1%D0%B0%D1%80%D0%B8%D1%81%D1%82%D0%B0&hhtmFrom=vacancy_search_list,"от 80 000 до 100 000 ₽ за месяц,  на руки",Не указана,"Обязанности:  Приготовление кофе, лимонадов, авторских напитков по ТТК Открытие/закрытие смены Работа с кассой Базовый латте арт Настройка помола Поддержание чистоты на баре и в зале  Требования:  Опыт работы не менее полугода Ответственность и общительность Умение работать с гостями, открытость, улыбчивость и доброжелательность.Для нас это очень важно  Условия:  График 2/2, 3/1 Ставка 360р/ч, чаевые из kate media, netmonet, а также наличкой. Бесплатная еда для сотрудников Скидка на кондитерские изделия 50% Официальное трудоустройство"
Бариста,https://hh.ru/vacancy/118196641?query=%D0%B1%D0%B0%D1%80%D0%B8%D1%81%D1%82%D0%B0&hhtmFrom=vacancy_search_list,"от 80 000 до 100 000 ₽ за месяц,  до вычета налогов",Не указана,"B нeбoльшую, чacтную кофейню ""АВК Кофе"" формaта c сoбой (бeз посaдки) требуется жизнерaдоcтный баpиcта, кoтopый любит cвoe дeлo. • Местoположeние: м. Лефортово, Авиамоторная. 2-я Ул. Синичкина 9Ас3 Условия: - Заpaбoтнaя плaта: 3000 ₽ зa выxoд +5% от выручки в день (250 p/чаc) - Cменa: 5/2 с 7:30 до 19:30 Возможен плавающий график. Обязaннoсти: - Пpиготoвлeниe гopячих и холoдныx нaпитков - Рабoтa c кacсoй - Кoнcультиpовaниe и обcлуживание гocтей - Продaжа сoпутствующей продукции (выпечка, снеки, вода) - Поддержание рабочего места в чистоте - Проведение инвентаризации Требования: - Опыт работы (Не обязательно, но пpиоритeт тем у когo есть опыт работы на аналогичной вакансии) - Знание латте-арта приветствуется, но не обязательно - Клиeнтоoриeнтиpовaннoсть, гpaмотная рeчь, пунктуальнocть - Вовремя приходить на работу - Умeние pаботать на потоке   Если вы заинтересованы в вакансии, присылайте резюме   Ждем вас в нашей команде!"
Бариста-официант “CAFFETTERIA”,https://hh.ru/vacancy/118034727?query=%D0%B1%D0%B0%D1%80%D0%B8%D1%81%D1%82%D0%B0&hhtmFrom=vacancy_search_list,"от 68 250 до 73 000 ₽ за месяц,  на руки",Не указана,"В кафе - островок “CAFFETTERIA” открыта вакансия Бариста-официант: Обязанности:  Приготовление кофейных и других напитков по ТТК; Работа с кассой; Базовый латте-арт; Настройка помола; Поддержание чистоты на баре и в зале.  Требования:  Опыт работы от 6 месяцев; Умение работать с гостями, открытость, улыбчивость и доброжелательность.  Условия:  График работы 2/2 с 9.00 до 22.00; 4550р/смена Оформление по ТК РФ; Белая з/п без задержек 2 р/месяц; Бесплатное питание."
